<?xml version='1.0' encoding='UTF-8' standalone='no'?>
<doxygen xmlns:xsi="http://www.w3.org/2001/XMLSchema-instance" xsi:noNamespaceSchemaLocation="compound.xsd" version="1.13.2" xml:lang="fr">
  <compounddef id="convert__csv__to__json_8php" kind="file" language="PHP">
    <compoundname>convert_csv_to_json.php</compoundname>
    <sectiondef kind="func">
      <memberdef kind="function" id="convert__csv__to__json_8php_1a42daf6b3b596e9ec50be319cadaa0b4e" prot="public" static="no" const="no" explicit="no" inline="no" virt="non-virtual">
        <type></type>
        <definition>convertirVillesCSV</definition>
        <argsstring>($fichierCSV, $fichierJSON)</argsstring>
        <name>convertirVillesCSV</name>
        <param>
          <declname>$fichierCSV</declname>
        </param>
        <param>
          <declname>$fichierJSON</declname>
        </param>
        <briefdescription>
        </briefdescription>
        <detaileddescription>
<para>Convertit un fichier CSV de villes en fichier JSON formaté.</para>
<para><parameterlist kind="param"><parameteritem>
<parameternamelist>
<parametertype>string</parametertype>
<parametername>$fichierCSV</parametername>
</parameternamelist>
<parameterdescription>
<para>Chemin vers le fichier CSV source </para>
</parameterdescription>
</parameteritem>
<parameteritem>
<parameternamelist>
<parametertype>string</parametertype>
<parametername>$fichierJSON</parametername>
</parameternamelist>
<parameterdescription>
<para>Chemin vers le fichier JSON de sortie </para>
</parameterdescription>
</parameteritem>
</parameterlist>
</para>
        </detaileddescription>
        <inbodydescription>
        </inbodydescription>
        <location file="C:/Users/cozma/Downloads/Weathersky-main (1)/Weathersky-main/Meteo6/WeatherSky/tools/convert_csv_to_json.php" line="8" column="10" bodyfile="C:/Users/cozma/Downloads/Weathersky-main (1)/Weathersky-main/Meteo6/WeatherSky/tools/convert_csv_to_json.php" bodystart="8" bodyend="46"/>
      </memberdef>
    </sectiondef>
    <briefdescription>
    </briefdescription>
    <detaileddescription>
    </detaileddescription>
    <programlisting>
<codeline lineno="1"><highlight class="normal">&lt;?php</highlight></codeline>
<codeline lineno="8"><highlight class="normal"></highlight><highlight class="keyword">function</highlight><highlight class="normal"><sp/><ref refid="convert__csv__to__json_8php_1a42daf6b3b596e9ec50be319cadaa0b4e" kindref="member">convertirVillesCSV</ref>($fichierCSV,<sp/>$fichierJSON)<sp/>{</highlight></codeline>
<codeline lineno="9"><highlight class="normal"><sp/><sp/><sp/><sp/></highlight><highlight class="comment">//<sp/>Lit<sp/>le<sp/>fichier<sp/>CSV<sp/>et<sp/>convertit<sp/>chaque<sp/>ligne<sp/>en<sp/>tableau</highlight><highlight class="normal"></highlight></codeline>
<codeline lineno="10"><highlight class="normal"><sp/><sp/><sp/><sp/>$csv<sp/>=<sp/>array_map(</highlight><highlight class="stringliteral">&apos;str_getcsv&apos;</highlight><highlight class="normal">,<sp/>file($fichierCSV));</highlight></codeline>
<codeline lineno="11"><highlight class="normal"></highlight></codeline>
<codeline lineno="12"><highlight class="normal"><sp/><sp/><sp/><sp/></highlight><highlight class="comment">//<sp/>Récupère<sp/>la<sp/>première<sp/>ligne<sp/>comme<sp/>entêtes<sp/>(noms<sp/>de<sp/>colonnes)</highlight><highlight class="normal"></highlight></codeline>
<codeline lineno="13"><highlight class="normal"><sp/><sp/><sp/><sp/>$entetes<sp/>=<sp/>array_map(</highlight><highlight class="stringliteral">&apos;trim&apos;</highlight><highlight class="normal">,<sp/>$csv[0]);</highlight></codeline>
<codeline lineno="14"><highlight class="normal"></highlight></codeline>
<codeline lineno="15"><highlight class="normal"><sp/><sp/><sp/><sp/></highlight><highlight class="comment">//<sp/>Tableau<sp/>pour<sp/>stocker<sp/>les<sp/>données<sp/>converties</highlight><highlight class="normal"></highlight></codeline>
<codeline lineno="16"><highlight class="normal"><sp/><sp/><sp/><sp/>$donnees<sp/>=<sp/>[];</highlight></codeline>
<codeline lineno="17"><highlight class="normal"></highlight></codeline>
<codeline lineno="18"><highlight class="normal"><sp/><sp/><sp/><sp/></highlight><highlight class="comment">//<sp/>Recherche<sp/>des<sp/>index<sp/>des<sp/>colonnes<sp/>importantes<sp/>dans<sp/>les<sp/>entêtes</highlight><highlight class="normal"></highlight></codeline>
<codeline lineno="19"><highlight class="normal"><sp/><sp/><sp/><sp/>$indexNom<sp/>=<sp/>array_search(</highlight><highlight class="stringliteral">&apos;nom&apos;</highlight><highlight class="normal">,<sp/>$entetes);</highlight></codeline>
<codeline lineno="20"><highlight class="normal"><sp/><sp/><sp/><sp/>$indexCodePostal<sp/>=<sp/>array_search(</highlight><highlight class="stringliteral">&apos;code_postal&apos;</highlight><highlight class="normal">,<sp/>$entetes);</highlight></codeline>
<codeline lineno="21"><highlight class="normal"><sp/><sp/><sp/><sp/>$indexLat<sp/>=<sp/>array_search(</highlight><highlight class="stringliteral">&apos;latitude&apos;</highlight><highlight class="normal">,<sp/>$entetes);</highlight></codeline>
<codeline lineno="22"><highlight class="normal"><sp/><sp/><sp/><sp/>$indexLon<sp/>=<sp/>array_search(</highlight><highlight class="stringliteral">&apos;longitude&apos;</highlight><highlight class="normal">,<sp/>$entetes);</highlight></codeline>
<codeline lineno="23"><highlight class="normal"></highlight></codeline>
<codeline lineno="24"><highlight class="normal"><sp/><sp/><sp/><sp/></highlight><highlight class="comment">//<sp/>Parcours<sp/>de<sp/>chaque<sp/>ligne<sp/>de<sp/>données<sp/>(à<sp/>partir<sp/>de<sp/>la<sp/>2ème<sp/>ligne)</highlight><highlight class="normal"></highlight></codeline>
<codeline lineno="25"><highlight class="normal"><sp/><sp/><sp/><sp/></highlight><highlight class="keywordflow">for</highlight><highlight class="normal"><sp/>($i<sp/>=<sp/>1;<sp/>$i<sp/>&lt;<sp/>count($csv);<sp/>$i++)<sp/>{</highlight></codeline>
<codeline lineno="26"><highlight class="normal"><sp/><sp/><sp/><sp/><sp/><sp/><sp/><sp/>$ligne<sp/>=<sp/>$csv[$i];</highlight></codeline>
<codeline lineno="27"><highlight class="normal"></highlight></codeline>
<codeline lineno="28"><highlight class="normal"><sp/><sp/><sp/><sp/><sp/><sp/><sp/><sp/></highlight><highlight class="comment">//<sp/>Vérifie<sp/>que<sp/>toutes<sp/>les<sp/>colonnes<sp/>nécessaires<sp/>sont<sp/>présentes</highlight><highlight class="normal"></highlight></codeline>
<codeline lineno="29"><highlight class="normal"><sp/><sp/><sp/><sp/><sp/><sp/><sp/><sp/></highlight><highlight class="keywordflow">if</highlight><highlight class="normal"><sp/>(!isset($ligne[$indexNom],<sp/>$ligne[$indexCodePostal],<sp/>$ligne[$indexLat],<sp/>$ligne[$indexLon]))<sp/>{</highlight></codeline>
<codeline lineno="30"><highlight class="normal"><sp/><sp/><sp/><sp/><sp/><sp/><sp/><sp/><sp/><sp/><sp/><sp/></highlight><highlight class="keywordflow">continue</highlight><highlight class="normal">;<sp/></highlight><highlight class="comment">//<sp/>Ignore<sp/>les<sp/>lignes<sp/>incomplètes</highlight><highlight class="normal"></highlight></codeline>
<codeline lineno="31"><highlight class="normal"><sp/><sp/><sp/><sp/><sp/><sp/><sp/><sp/>}</highlight></codeline>
<codeline lineno="32"><highlight class="normal"></highlight></codeline>
<codeline lineno="33"><highlight class="normal"><sp/><sp/><sp/><sp/><sp/><sp/><sp/><sp/></highlight><highlight class="comment">//<sp/>Ajoute<sp/>les<sp/>données<sp/>formatées<sp/>dans<sp/>le<sp/>tableau<sp/>final</highlight><highlight class="normal"></highlight></codeline>
<codeline lineno="34"><highlight class="normal"><sp/><sp/><sp/><sp/><sp/><sp/><sp/><sp/>$donnees[]<sp/>=<sp/>[</highlight></codeline>
<codeline lineno="35"><highlight class="normal"><sp/><sp/><sp/><sp/><sp/><sp/><sp/><sp/><sp/><sp/><sp/><sp/></highlight><highlight class="stringliteral">&quot;Nom_commune&quot;</highlight><highlight class="normal"><sp/>=&gt;<sp/>$ligne[$indexNom],</highlight></codeline>
<codeline lineno="36"><highlight class="normal"><sp/><sp/><sp/><sp/><sp/><sp/><sp/><sp/><sp/><sp/><sp/><sp/></highlight><highlight class="stringliteral">&quot;Code_postal&quot;</highlight><highlight class="normal"><sp/>=&gt;<sp/>$ligne[$indexCodePostal],</highlight></codeline>
<codeline lineno="37"><highlight class="normal"><sp/><sp/><sp/><sp/><sp/><sp/><sp/><sp/><sp/><sp/><sp/><sp/></highlight><highlight class="stringliteral">&quot;coordonnees_gps&quot;</highlight><highlight class="normal"><sp/>=&gt;<sp/>$ligne[$indexLat]<sp/>.<sp/></highlight><highlight class="stringliteral">&quot;,&quot;</highlight><highlight class="normal"><sp/>.<sp/>$ligne[$indexLon]</highlight></codeline>
<codeline lineno="38"><highlight class="normal"><sp/><sp/><sp/><sp/><sp/><sp/><sp/><sp/>];</highlight></codeline>
<codeline lineno="39"><highlight class="normal"><sp/><sp/><sp/><sp/>}</highlight></codeline>
<codeline lineno="40"><highlight class="normal"></highlight></codeline>
<codeline lineno="41"><highlight class="normal"><sp/><sp/><sp/><sp/></highlight><highlight class="comment">//<sp/>Encode<sp/>les<sp/>données<sp/>en<sp/>JSON<sp/>et<sp/>les<sp/>enregistre<sp/>dans<sp/>le<sp/>fichier<sp/>cible</highlight><highlight class="normal"></highlight></codeline>
<codeline lineno="42"><highlight class="normal"><sp/><sp/><sp/><sp/>file_put_contents($fichierJSON,<sp/>json_encode($donnees,<sp/>JSON_PRETTY_PRINT<sp/>|<sp/>JSON_UNESCAPED_UNICODE));</highlight></codeline>
<codeline lineno="43"><highlight class="normal"></highlight></codeline>
<codeline lineno="44"><highlight class="normal"><sp/><sp/><sp/><sp/></highlight><highlight class="comment">//<sp/>Affiche<sp/>un<sp/>message<sp/>de<sp/>succès</highlight><highlight class="normal"></highlight></codeline>
<codeline lineno="45"><highlight class="normal"><sp/><sp/><sp/><sp/>echo<sp/></highlight><highlight class="stringliteral">&quot;✅<sp/>Fichier<sp/>$fichierJSON<sp/>généré<sp/>avec<sp/>succès.\n&quot;</highlight><highlight class="normal">;</highlight></codeline>
<codeline lineno="46"><highlight class="normal">}</highlight></codeline>
<codeline lineno="47"><highlight class="normal"></highlight></codeline>
<codeline lineno="48"><highlight class="normal"></highlight><highlight class="comment">//<sp/>Utilisation<sp/>de<sp/>la<sp/>fonction<sp/>:<sp/>conversion<sp/>du<sp/>fichier<sp/>CSV<sp/>vers<sp/>JSON</highlight><highlight class="normal"></highlight></codeline>
<codeline lineno="49"><highlight class="normal"><ref refid="convert__csv__to__json_8php_1a42daf6b3b596e9ec50be319cadaa0b4e" kindref="member">convertirVillesCSV</ref>(</highlight><highlight class="stringliteral">&quot;../villes.csv&quot;</highlight><highlight class="normal">,<sp/></highlight><highlight class="stringliteral">&quot;../villes.json&quot;</highlight><highlight class="normal">);</highlight></codeline>
    </programlisting>
    <location file="C:/Users/cozma/Downloads/Weathersky-main (1)/Weathersky-main/Meteo6/WeatherSky/tools/convert_csv_to_json.php"/>
  </compounddef>
</doxygen>
