<?xml version='1.0' encoding='UTF-8' standalone='no'?>
<doxygen xmlns:xsi="http://www.w3.org/2001/XMLSchema-instance" xsi:noNamespaceSchemaLocation="compound.xsd" version="1.13.2" xml:lang="fr">
  <compounddef id="dir_c0acf321fbd8ecc0d0a71d1fb5d6f266" kind="dir">
    <compoundname>C:/Users/cozma/Downloads/Weathersky-main (1)</compoundname>
    <innerdir refid="dir_144369626ed032bc0d9f4fdc9a7262dc">C:/Users/cozma/Downloads/Weathersky-main (1)/Weathersky-main</innerdir>
    <briefdescription>
    </briefdescription>
    <detaileddescription>
    </detaileddescription>
    <location file="C:/Users/cozma/Downloads/Weathersky-main (1)/"/>
  </compounddef>
</doxygen>
