<?xml version='1.0' encoding='UTF-8' standalone='no'?>
<doxygen xmlns:xsi="http://www.w3.org/2001/XMLSchema-instance" xsi:noNamespaceSchemaLocation="compound.xsd" version="1.13.2" xml:lang="fr">
  <compounddef id="dir_14ccbc9caf4bd5408aa220dded375205" kind="dir">
    <compoundname>C:/Users/cozma/Downloads/Weathersky-main (1)/Weathersky-main/Meteo6/WeatherSky</compoundname>
    <innerdir refid="dir_df6059f3529bca78ac84dbc0f0078dbb">C:/Users/cozma/Downloads/Weathersky-main (1)/Weathersky-main/Meteo6/WeatherSky/include</innerdir>
    <innerdir refid="dir_98c3ab35eccf09104e6597290b693d60">C:/Users/cozma/Downloads/Weathersky-main (1)/Weathersky-main/Meteo6/WeatherSky/tools</innerdir>
    <innerfile refid="index_8php">index.php</innerfile>
    <innerfile refid="map_8php">map.php</innerfile>
    <innerfile refid="meteo_8php">meteo.php</innerfile>
    <innerfile refid="meteo2_8php">meteo2.php</innerfile>
    <innerfile refid="sitemap_8php">sitemap.php</innerfile>
    <innerfile refid="stat_8php">stat.php</innerfile>
    <innerfile refid="statistique_8php">statistique.php</innerfile>
    <innerfile refid="tech_8php">tech.php</innerfile>
    <briefdescription>
    </briefdescription>
    <detaileddescription>
    </detaileddescription>
    <location file="C:/Users/cozma/Downloads/Weathersky-main (1)/Weathersky-main/Meteo6/WeatherSky/"/>
  </compounddef>
</doxygen>
