<?xml version='1.0' encoding='UTF-8' standalone='no'?>
<doxygen xmlns:xsi="http://www.w3.org/2001/XMLSchema-instance" xsi:noNamespaceSchemaLocation="compound.xsd" version="1.13.2" xml:lang="fr">
  <compounddef id="dir_720b3b9d511a7f8b9e8f1501f0074124" kind="dir">
    <compoundname>C:/Users/cozma/Downloads/Weathersky-main (1)/Weathersky-main/Meteo6</compoundname>
    <innerdir refid="dir_14ccbc9caf4bd5408aa220dded375205">C:/Users/cozma/Downloads/Weathersky-main (1)/Weathersky-main/Meteo6/WeatherSky</innerdir>
    <briefdescription>
    </briefdescription>
    <detaileddescription>
    </detaileddescription>
    <location file="C:/Users/cozma/Downloads/Weathersky-main (1)/Weathersky-main/Meteo6/"/>
  </compounddef>
</doxygen>
