<?xml version='1.0' encoding='UTF-8' standalone='no'?>
<doxygen xmlns:xsi="http://www.w3.org/2001/XMLSchema-instance" xsi:noNamespaceSchemaLocation="compound.xsd" version="1.13.2" xml:lang="fr">
  <compounddef id="dir_8ceffd4ee35c3518d4e8bdc7e638efe8" kind="dir">
    <compoundname>C:/Users</compoundname>
    <innerdir refid="dir_50122019d10dbdcb1c4fc29f6bb3298a">C:/Users/cozma</innerdir>
    <briefdescription>
    </briefdescription>
    <detaileddescription>
    </detaileddescription>
    <location file="C:/Users/"/>
  </compounddef>
</doxygen>
