<?xml version='1.0' encoding='UTF-8' standalone='no'?>
<doxygen xmlns:xsi="http://www.w3.org/2001/XMLSchema-instance" xsi:noNamespaceSchemaLocation="compound.xsd" version="1.13.2" xml:lang="fr">
  <compounddef id="dir_50122019d10dbdcb1c4fc29f6bb3298a" kind="dir">
    <compoundname>C:/Users/cozma</compoundname>
    <innerdir refid="dir_c9b5bc30b2a28034b73fd3a8a78148ca">C:/Users/cozma/Downloads</innerdir>
    <briefdescription>
    </briefdescription>
    <detaileddescription>
    </detaileddescription>
    <location file="C:/Users/cozma/"/>
  </compounddef>
</doxygen>
