<?xml version='1.0' encoding='UTF-8' standalone='no'?>
<doxygen xmlns:xsi="http://www.w3.org/2001/XMLSchema-instance" xsi:noNamespaceSchemaLocation="compound.xsd" version="1.13.2" xml:lang="fr">
  <compounddef id="dir_df6059f3529bca78ac84dbc0f0078dbb" kind="dir">
    <compoundname>C:/Users/cozma/Downloads/Weathersky-main (1)/Weathersky-main/Meteo6/WeatherSky/include</compoundname>
    <innerfile refid="footer_8inc_8php">footer.inc.php</innerfile>
    <innerfile refid="functions_8inc_8php">functions.inc.php</innerfile>
    <innerfile refid="header_8inc_8php">header.inc.php</innerfile>
    <innerfile refid="include_2meteo_8php">meteo.php</innerfile>
    <briefdescription>
    </briefdescription>
    <detaileddescription>
    </detaileddescription>
    <location file="C:/Users/cozma/Downloads/Weathersky-main (1)/Weathersky-main/Meteo6/WeatherSky/include/"/>
  </compounddef>
</doxygen>
