<?xml version='1.0' encoding='UTF-8' standalone='no'?>
<doxygen xmlns:xsi="http://www.w3.org/2001/XMLSchema-instance" xsi:noNamespaceSchemaLocation="compound.xsd" version="1.13.2" xml:lang="fr">
  <compounddef id="footer_8inc_8php" kind="file" language="PHP">
    <compoundname>footer.inc.php</compoundname>
    <briefdescription>
    </briefdescription>
    <detaileddescription>
    </detaileddescription>
    <programlisting>
<codeline lineno="1"><highlight class="normal">&lt;footer&gt;</highlight></codeline>
<codeline lineno="2"><highlight class="normal"><sp/><sp/><sp/><sp/>&lt;p<sp/></highlight><highlight class="keyword">class</highlight><highlight class="normal">=</highlight><highlight class="stringliteral">&quot;copyright&quot;</highlight><highlight class="normal">&gt;</highlight></codeline>
<codeline lineno="3"><highlight class="normal"><sp/><sp/><sp/><sp/><sp/><sp/><sp/><sp/>Cozma<sp/>Miroslav<sp/>&amp;amp;<sp/>Deborah<sp/>Piaki,<sp/>étudiant·e·s<sp/>à<sp/></highlight></codeline>
<codeline lineno="4"><highlight class="normal"><sp/><sp/><sp/><sp/><sp/><sp/><sp/><sp/>&lt;a<sp/>href=</highlight><highlight class="stringliteral">&quot;https://www.cyu.fr/&quot;</highlight><highlight class="normal">&gt;Cergy<sp/>Université&lt;/a&gt;.</highlight></codeline>
<codeline lineno="5"><highlight class="normal"><sp/><sp/><sp/><sp/>&lt;/p&gt;</highlight></codeline>
<codeline lineno="6"><highlight class="normal"><sp/><sp/><sp/><sp/>&lt;p&gt;Dernière<sp/>mise<sp/>à<sp/>jour:<sp/>&lt;time<sp/>datetime=</highlight><highlight class="stringliteral">&quot;2025-03-10&quot;</highlight><highlight class="normal">&gt;11/03/2025&lt;/time&gt;&lt;/p&gt;</highlight></codeline>
<codeline lineno="7"><highlight class="normal"><sp/><sp/><sp/><sp/>&lt;p&gt;L2-Informatique&lt;/p&gt;</highlight></codeline>
<codeline lineno="8"><highlight class="normal"><sp/><sp/><sp/><sp/>&lt;p&gt;&lt;a<sp/>href=</highlight><highlight class="stringliteral">&quot;index.php&quot;</highlight><highlight class="normal">&gt;Accueil&lt;/a&gt;&lt;/p&gt;</highlight></codeline>
<codeline lineno="9"><highlight class="normal"><sp/><sp/><sp/><sp/>&lt;p&gt;&lt;a<sp/>href=</highlight><highlight class="stringliteral">&quot;sitemap.php&quot;</highlight><highlight class="normal">&gt;Plan<sp/>du<sp/>Site&lt;/a&gt;&lt;/p&gt;</highlight></codeline>
<codeline lineno="10"><highlight class="normal"><sp/><sp/><sp/><sp/>&lt;p&gt;&lt;a<sp/>href=</highlight><highlight class="stringliteral">&quot;tech.php&quot;</highlight><highlight class="normal">&gt;Page<sp/>Tech<sp/>du<sp/>projet<sp/>de<sp/>Dev<sp/>Web&lt;/a&gt;&lt;/p&gt;</highlight></codeline>
<codeline lineno="11"><highlight class="normal">&lt;/footer&gt;</highlight></codeline>
    </programlisting>
    <location file="C:/Users/cozma/Downloads/Weathersky-main (1)/Weathersky-main/Meteo6/WeatherSky/include/footer.inc.php"/>
  </compounddef>
</doxygen>
