<?xml version='1.0' encoding='UTF-8' standalone='no'?>
<doxygen xmlns:xsi="http://www.w3.org/2001/XMLSchema-instance" xsi:noNamespaceSchemaLocation="compound.xsd" version="1.13.2" xml:lang="fr">
  <compounddef id="functions_8inc_8php" kind="file" language="PHP">
    <compoundname>functions.inc.php</compoundname>
    <sectiondef kind="func">
      <memberdef kind="function" id="functions_8inc_8php_1abc768c7ebd877feafa39b54e7e4afea5" prot="public" static="no" const="no" explicit="no" inline="no" virt="non-virtual">
        <type></type>
        <definition>getTodayDate</definition>
        <argsstring>()</argsstring>
        <name>getTodayDate</name>
        <briefdescription>
        </briefdescription>
        <detaileddescription>
<para>Retourne la date actuelle au format YYYY-MM-DD </para>
        </detaileddescription>
        <inbodydescription>
        </inbodydescription>
        <location file="C:/Users/cozma/Downloads/Weathersky-main (1)/Weathersky-main/Meteo6/WeatherSky/include/functions.inc.php" line="9" column="10" bodyfile="C:/Users/cozma/Downloads/Weathersky-main (1)/Weathersky-main/Meteo6/WeatherSky/include/functions.inc.php" bodystart="9" bodyend="11"/>
      </memberdef>
      <memberdef kind="function" id="functions_8inc_8php_1ac600e0b8713b377b0c2fbda359fddef5" prot="public" static="no" const="no" explicit="no" inline="no" virt="non-virtual">
        <type></type>
        <definition>getAPODImage</definition>
        <argsstring>()</argsstring>
        <name>getAPODImage</name>
        <briefdescription>
        </briefdescription>
        <detaileddescription>
<para>Récupère l&apos;image du jour (APOD) via l&apos;API de la NASA Retourne un bloc HTML contenant l&apos;image ou la vidéo </para>
        </detaileddescription>
        <inbodydescription>
        </inbodydescription>
        <location file="C:/Users/cozma/Downloads/Weathersky-main (1)/Weathersky-main/Meteo6/WeatherSky/include/functions.inc.php" line="21" column="10" bodyfile="C:/Users/cozma/Downloads/Weathersky-main (1)/Weathersky-main/Meteo6/WeatherSky/include/functions.inc.php" bodystart="21" bodyend="54"/>
      </memberdef>
      <memberdef kind="function" id="functions_8inc_8php_1a68f36a2f7bd8a155f1ebe8e7e1be3f9f" prot="public" static="no" const="no" explicit="no" inline="no" virt="non-virtual">
        <type></type>
        <definition>getUserIP</definition>
        <argsstring>()</argsstring>
        <name>getUserIP</name>
        <briefdescription>
        </briefdescription>
        <detaileddescription>
<para>Détecte l’adresse IP du visiteur </para>
        </detaileddescription>
        <inbodydescription>
        </inbodydescription>
        <location file="C:/Users/cozma/Downloads/Weathersky-main (1)/Weathersky-main/Meteo6/WeatherSky/include/functions.inc.php" line="63" column="10" bodyfile="C:/Users/cozma/Downloads/Weathersky-main (1)/Weathersky-main/Meteo6/WeatherSky/include/functions.inc.php" bodystart="63" bodyend="71"/>
      </memberdef>
      <memberdef kind="function" id="functions_8inc_8php_1ab42ade2acca49f23914f2fc5eb2be7af" prot="public" static="no" const="no" explicit="no" inline="no" virt="non-virtual">
        <type></type>
        <definition>getVisitorLocationXML</definition>
        <argsstring>()</argsstring>
        <name>getVisitorLocationXML</name>
        <briefdescription>
        </briefdescription>
        <detaileddescription>
<para>Récupère la géolocalisation via geoplugin (format XML) </para>
        </detaileddescription>
        <inbodydescription>
        </inbodydescription>
        <location file="C:/Users/cozma/Downloads/Weathersky-main (1)/Weathersky-main/Meteo6/WeatherSky/include/functions.inc.php" line="76" column="10" bodyfile="C:/Users/cozma/Downloads/Weathersky-main (1)/Weathersky-main/Meteo6/WeatherSky/include/functions.inc.php" bodystart="76" bodyend="91"/>
      </memberdef>
      <memberdef kind="function" id="functions_8inc_8php_1ad9e09d58e7a54f5b7fe1bc103958a4db" prot="public" static="no" const="no" explicit="no" inline="no" virt="non-virtual">
        <type></type>
        <definition>getVisitorLocationJSON</definition>
        <argsstring>()</argsstring>
        <name>getVisitorLocationJSON</name>
        <briefdescription>
        </briefdescription>
        <detaileddescription>
<para>Récupère la géolocalisation via ipinfo.io (format JSON) </para>
        </detaileddescription>
        <inbodydescription>
        </inbodydescription>
        <location file="C:/Users/cozma/Downloads/Weathersky-main (1)/Weathersky-main/Meteo6/WeatherSky/include/functions.inc.php" line="96" column="10" bodyfile="C:/Users/cozma/Downloads/Weathersky-main (1)/Weathersky-main/Meteo6/WeatherSky/include/functions.inc.php" bodystart="96" bodyend="115"/>
      </memberdef>
      <memberdef kind="function" id="functions_8inc_8php_1aa2618b0a149e599ca73ea51e3d9be82b" prot="public" static="no" const="no" explicit="no" inline="no" virt="non-virtual">
        <type></type>
        <definition>getVisitorLocationWIP</definition>
        <argsstring>()</argsstring>
        <name>getVisitorLocationWIP</name>
        <briefdescription>
        </briefdescription>
        <detaileddescription>
<para>Récupère la géolocalisation via WhatIsMyIP (WIP, format XML) </para>
        </detaileddescription>
        <inbodydescription>
        </inbodydescription>
        <location file="C:/Users/cozma/Downloads/Weathersky-main (1)/Weathersky-main/Meteo6/WeatherSky/include/functions.inc.php" line="120" column="10" bodyfile="C:/Users/cozma/Downloads/Weathersky-main (1)/Weathersky-main/Meteo6/WeatherSky/include/functions.inc.php" bodystart="120" bodyend="140"/>
      </memberdef>
      <memberdef kind="function" id="functions_8inc_8php_1aeac99c1fbeddea0408331fd576161c8d" prot="public" static="no" const="no" explicit="no" inline="no" virt="non-virtual">
        <type></type>
        <definition>getBestVisitorLocation</definition>
        <argsstring>()</argsstring>
        <name>getBestVisitorLocation</name>
        <briefdescription>
        </briefdescription>
        <detaileddescription>
<para>Détermine la meilleure localisation disponible parmi les 3 méthodes </para>
        </detaileddescription>
        <inbodydescription>
        </inbodydescription>
        <location file="C:/Users/cozma/Downloads/Weathersky-main (1)/Weathersky-main/Meteo6/WeatherSky/include/functions.inc.php" line="145" column="10" bodyfile="C:/Users/cozma/Downloads/Weathersky-main (1)/Weathersky-main/Meteo6/WeatherSky/include/functions.inc.php" bodystart="145" bodyend="157"/>
      </memberdef>
      <memberdef kind="function" id="functions_8inc_8php_1a906e10a9d5815649a5e5b99d42ce4cc8" prot="public" static="no" const="no" explicit="no" inline="no" virt="non-virtual">
        <type></type>
        <definition>lireCSV</definition>
        <argsstring>($fichier, $separateur=&quot;,&quot;)</argsstring>
        <name>lireCSV</name>
        <param>
          <declname>$fichier</declname>
        </param>
        <param>
          <declname>$separateur</declname>
          <defval>&quot;,&quot;</defval>
        </param>
        <briefdescription>
        </briefdescription>
        <detaileddescription>
<para>Lit un fichier CSV et retourne un tableau associatif </para>
        </detaileddescription>
        <inbodydescription>
        </inbodydescription>
        <location file="C:/Users/cozma/Downloads/Weathersky-main (1)/Weathersky-main/Meteo6/WeatherSky/include/functions.inc.php" line="166" column="10" bodyfile="C:/Users/cozma/Downloads/Weathersky-main (1)/Weathersky-main/Meteo6/WeatherSky/include/functions.inc.php" bodystart="166" bodyend="184"/>
      </memberdef>
      <memberdef kind="function" id="functions_8inc_8php_1a626b8b322d807d72924fb108e61c13f1" prot="public" static="no" const="no" explicit="no" inline="no" virt="non-virtual">
        <type></type>
        <definition>relierCSV</definition>
        <argsstring>($villes, $departements, $regions)</argsstring>
        <name>relierCSV</name>
        <param>
          <declname>$villes</declname>
        </param>
        <param>
          <declname>$departements</declname>
        </param>
        <param>
          <declname>$regions</declname>
        </param>
        <briefdescription>
        </briefdescription>
        <detaileddescription>
<para>Relie les données de villes avec leurs départements et régions respectifs </para>
        </detaileddescription>
        <inbodydescription>
        </inbodydescription>
        <location file="C:/Users/cozma/Downloads/Weathersky-main (1)/Weathersky-main/Meteo6/WeatherSky/include/functions.inc.php" line="189" column="10" bodyfile="C:/Users/cozma/Downloads/Weathersky-main (1)/Weathersky-main/Meteo6/WeatherSky/include/functions.inc.php" bodystart="189" bodyend="209"/>
      </memberdef>
      <memberdef kind="function" id="functions_8inc_8php_1a80b64f17684c840db6c59f880149994e" prot="public" static="no" const="no" explicit="no" inline="no" virt="non-virtual">
        <type></type>
        <definition>getRegionFromVille</definition>
        <argsstring>($nomVille, $villes, $departements, $regions)</argsstring>
        <name>getRegionFromVille</name>
        <param>
          <declname>$nomVille</declname>
        </param>
        <param>
          <declname>$villes</declname>
        </param>
        <param>
          <declname>$departements</declname>
        </param>
        <param>
          <declname>$regions</declname>
        </param>
        <briefdescription>
        </briefdescription>
        <detaileddescription>
<para>Récupère le nom de la région à partir d&apos;une ville </para>
        </detaileddescription>
        <inbodydescription>
        </inbodydescription>
        <location file="C:/Users/cozma/Downloads/Weathersky-main (1)/Weathersky-main/Meteo6/WeatherSky/include/functions.inc.php" line="214" column="10" bodyfile="C:/Users/cozma/Downloads/Weathersky-main (1)/Weathersky-main/Meteo6/WeatherSky/include/functions.inc.php" bodystart="214" bodyend="225"/>
      </memberdef>
      <memberdef kind="function" id="functions_8inc_8php_1a72345c1d08ed22bfadd7b93ce224bbd3" prot="public" static="no" const="no" explicit="no" inline="no" virt="non-virtual">
        <type></type>
        <definition>getPrefectureParDepartement</definition>
        <argsstring>($codeDept, $villes)</argsstring>
        <name>getPrefectureParDepartement</name>
        <param>
          <declname>$codeDept</declname>
        </param>
        <param>
          <declname>$villes</declname>
        </param>
        <briefdescription>
        </briefdescription>
        <detaileddescription>
<para>Retourne les infos de la préfecture d’un département donné </para>
        </detaileddescription>
        <inbodydescription>
        </inbodydescription>
        <location file="C:/Users/cozma/Downloads/Weathersky-main (1)/Weathersky-main/Meteo6/WeatherSky/include/functions.inc.php" line="230" column="10" bodyfile="C:/Users/cozma/Downloads/Weathersky-main (1)/Weathersky-main/Meteo6/WeatherSky/include/functions.inc.php" bodystart="230" bodyend="241"/>
      </memberdef>
      <memberdef kind="function" id="functions_8inc_8php_1a2377409245fbd50300677298b19e91e8" prot="public" static="no" const="no" explicit="no" inline="no" virt="non-virtual">
        <type></type>
        <definition>afficherMenu</definition>
        <argsstring>($pageActive)</argsstring>
        <name>afficherMenu</name>
        <param>
          <declname>$pageActive</declname>
        </param>
        <briefdescription>
        </briefdescription>
        <detaileddescription>
<para>Affiche le menu de navigation en mettant en surbrillance la page active </para>
        </detaileddescription>
        <inbodydescription>
        </inbodydescription>
        <location file="C:/Users/cozma/Downloads/Weathersky-main (1)/Weathersky-main/Meteo6/WeatherSky/include/functions.inc.php" line="250" column="10" bodyfile="C:/Users/cozma/Downloads/Weathersky-main (1)/Weathersky-main/Meteo6/WeatherSky/include/functions.inc.php" bodystart="250" bodyend="263"/>
      </memberdef>
    </sectiondef>
    <briefdescription>
    </briefdescription>
    <detaileddescription>
    </detaileddescription>
    <programlisting>
<codeline lineno="1"><highlight class="normal">&lt;?php</highlight></codeline>
<codeline lineno="2"><highlight class="normal"></highlight><highlight class="comment">//<sp/>========================================</highlight><highlight class="normal"></highlight></codeline>
<codeline lineno="3"><highlight class="normal"></highlight><highlight class="comment">//<sp/>📅<sp/>UTILITAIRES<sp/>DATES</highlight><highlight class="normal"></highlight></codeline>
<codeline lineno="4"><highlight class="normal"></highlight><highlight class="comment">//<sp/>========================================</highlight><highlight class="normal"></highlight></codeline>
<codeline lineno="5"><highlight class="normal"></highlight></codeline>
<codeline lineno="9"><highlight class="normal"></highlight><highlight class="keyword">function</highlight><highlight class="normal"><sp/><ref refid="functions_8inc_8php_1abc768c7ebd877feafa39b54e7e4afea5" kindref="member">getTodayDate</ref>()<sp/>{</highlight></codeline>
<codeline lineno="10"><highlight class="normal"><sp/><sp/><sp/><sp/></highlight><highlight class="keywordflow">return</highlight><highlight class="normal"><sp/>date(</highlight><highlight class="stringliteral">&quot;Y-m-d&quot;</highlight><highlight class="normal">);</highlight></codeline>
<codeline lineno="11"><highlight class="normal">}</highlight></codeline>
<codeline lineno="12"><highlight class="normal"></highlight></codeline>
<codeline lineno="13"><highlight class="normal"></highlight><highlight class="comment">//<sp/>========================================</highlight><highlight class="normal"></highlight></codeline>
<codeline lineno="14"><highlight class="normal"></highlight><highlight class="comment">//<sp/>📷<sp/>API<sp/>NASA<sp/>APOD</highlight><highlight class="normal"></highlight></codeline>
<codeline lineno="15"><highlight class="normal"></highlight><highlight class="comment">//<sp/>========================================</highlight><highlight class="normal"></highlight></codeline>
<codeline lineno="16"><highlight class="normal"></highlight></codeline>
<codeline lineno="21"><highlight class="normal"></highlight><highlight class="keyword">function</highlight><highlight class="normal"><sp/><ref refid="functions_8inc_8php_1ac600e0b8713b377b0c2fbda359fddef5" kindref="member">getAPODImage</ref>():<sp/>string<sp/>{</highlight></codeline>
<codeline lineno="22"><highlight class="normal"><sp/><sp/><sp/><sp/>$api_key<sp/>=<sp/></highlight><highlight class="stringliteral">&quot;DEMO_KEY&quot;</highlight><highlight class="normal">;<sp/></highlight><highlight class="comment">//<sp/>À<sp/>remplacer<sp/>par<sp/>votre<sp/>propre<sp/>clé<sp/>API</highlight><highlight class="normal"></highlight></codeline>
<codeline lineno="23"><highlight class="normal"><sp/><sp/><sp/><sp/>$date<sp/>=<sp/><ref refid="functions_8inc_8php_1abc768c7ebd877feafa39b54e7e4afea5" kindref="member">getTodayDate</ref>();</highlight></codeline>
<codeline lineno="24"><highlight class="normal"><sp/><sp/><sp/><sp/><ref refid="statistique_8php_1acf215f34a917d014776ce684a9ee8909" kindref="member">$url</ref><sp/>=<sp/></highlight><highlight class="stringliteral">&quot;https://api.nasa.gov/planetary/apod?api_key=$api_key&amp;date=$date&quot;</highlight><highlight class="normal">;</highlight></codeline>
<codeline lineno="25"><highlight class="normal"></highlight></codeline>
<codeline lineno="26"><highlight class="normal"><sp/><sp/><sp/><sp/></highlight><highlight class="comment">//<sp/>Récupération<sp/>de<sp/>la<sp/>réponse<sp/>JSON<sp/>de<sp/>l’API</highlight><highlight class="normal"></highlight></codeline>
<codeline lineno="27"><highlight class="normal"><sp/><sp/><sp/><sp/><ref refid="statistique_8php_1af4b6fb1bbc77ccc05f10da3b16935b99" kindref="member">$response</ref><sp/>=<sp/>@file_get_contents(<ref refid="statistique_8php_1acf215f34a917d014776ce684a9ee8909" kindref="member">$url</ref>);</highlight></codeline>
<codeline lineno="28"><highlight class="normal"><sp/><sp/><sp/><sp/></highlight><highlight class="keywordflow">if</highlight><highlight class="normal"><sp/>(<ref refid="statistique_8php_1af4b6fb1bbc77ccc05f10da3b16935b99" kindref="member">$response</ref><sp/>===<sp/></highlight><highlight class="keyword">false</highlight><highlight class="normal">)<sp/>{</highlight></codeline>
<codeline lineno="29"><highlight class="normal"><sp/><sp/><sp/><sp/><sp/><sp/><sp/><sp/></highlight><highlight class="keywordflow">return</highlight><highlight class="normal"><sp/></highlight><highlight class="stringliteral">&apos;&lt;p&gt;Impossible<sp/>de<sp/>récupérer<sp/>l’image<sp/>du<sp/>jour.<sp/>Veuillez<sp/>réessayer<sp/>plus<sp/>tard.&lt;/p&gt;&apos;</highlight><highlight class="normal">;</highlight></codeline>
<codeline lineno="30"><highlight class="normal"><sp/><sp/><sp/><sp/>}</highlight></codeline>
<codeline lineno="31"><highlight class="normal"></highlight></codeline>
<codeline lineno="32"><highlight class="normal"><sp/><sp/><sp/><sp/></highlight><highlight class="comment">//<sp/>Décodage<sp/>des<sp/>données<sp/>JSON</highlight><highlight class="normal"></highlight></codeline>
<codeline lineno="33"><highlight class="normal"><sp/><sp/><sp/><sp/><ref refid="index_8php_1a6efc15b5a2314dd4b5aaa556a375c6d6" kindref="member">$data</ref><sp/>=<sp/>json_decode(<ref refid="statistique_8php_1af4b6fb1bbc77ccc05f10da3b16935b99" kindref="member">$response</ref>,<sp/></highlight><highlight class="keyword">true</highlight><highlight class="normal">);</highlight></codeline>
<codeline lineno="34"><highlight class="normal"><sp/><sp/><sp/><sp/></highlight><highlight class="keywordflow">if</highlight><highlight class="normal"><sp/>(!<ref refid="index_8php_1a6efc15b5a2314dd4b5aaa556a375c6d6" kindref="member">$data</ref><sp/>||<sp/>!isset(<ref refid="index_8php_1a6efc15b5a2314dd4b5aaa556a375c6d6" kindref="member">$data</ref>[</highlight><highlight class="stringliteral">&apos;media_type&apos;</highlight><highlight class="normal">])<sp/>||<sp/>!isset(<ref refid="index_8php_1a6efc15b5a2314dd4b5aaa556a375c6d6" kindref="member">$data</ref>[</highlight><highlight class="stringliteral">&apos;url&apos;</highlight><highlight class="normal">]))<sp/>{</highlight></codeline>
<codeline lineno="35"><highlight class="normal"><sp/><sp/><sp/><sp/><sp/><sp/><sp/><sp/></highlight><highlight class="keywordflow">return</highlight><highlight class="normal"><sp/></highlight><highlight class="stringliteral">&apos;&lt;p&gt;Données<sp/>invalides<sp/>reçues<sp/>depuis<sp/>l’API<sp/>NASA.&lt;/p&gt;&apos;</highlight><highlight class="normal">;</highlight></codeline>
<codeline lineno="36"><highlight class="normal"><sp/><sp/><sp/><sp/>}</highlight></codeline>
<codeline lineno="37"><highlight class="normal"></highlight></codeline>
<codeline lineno="38"><highlight class="normal"><sp/><sp/><sp/><sp/></highlight><highlight class="comment">//<sp/>Si<sp/>le<sp/>contenu<sp/>est<sp/>une<sp/>vidéo</highlight><highlight class="normal"></highlight></codeline>
<codeline lineno="39"><highlight class="normal"><sp/><sp/><sp/><sp/></highlight><highlight class="keywordflow">if</highlight><highlight class="normal"><sp/>(<ref refid="index_8php_1a6efc15b5a2314dd4b5aaa556a375c6d6" kindref="member">$data</ref>[</highlight><highlight class="stringliteral">&apos;media_type&apos;</highlight><highlight class="normal">]<sp/>===<sp/></highlight><highlight class="stringliteral">&apos;video&apos;</highlight><highlight class="normal">)<sp/>{</highlight></codeline>
<codeline lineno="40"><highlight class="normal"><sp/><sp/><sp/><sp/><sp/><sp/><sp/><sp/></highlight><highlight class="keywordflow">return</highlight><highlight class="normal"><sp/></highlight><highlight class="stringliteral">&apos;</highlight></codeline>
<codeline lineno="41"><highlight class="stringliteral"><sp/><sp/><sp/><sp/><sp/><sp/><sp/><sp/>&lt;div<sp/>class=&quot;apod-video&quot;&gt;</highlight></codeline>
<codeline lineno="42"><highlight class="stringliteral"><sp/><sp/><sp/><sp/><sp/><sp/><sp/><sp/><sp/><sp/><sp/><sp/>&lt;iframe<sp/>width=&quot;560&quot;<sp/>height=&quot;315&quot;<sp/>src=&quot;&apos;</highlight><highlight class="normal"><sp/>.<sp/>htmlspecialchars(<ref refid="index_8php_1a6efc15b5a2314dd4b5aaa556a375c6d6" kindref="member">$data</ref>[</highlight><highlight class="stringliteral">&apos;url&apos;</highlight><highlight class="normal">])<sp/>.<sp/></highlight><highlight class="stringliteral">&apos;&quot;<sp/>frameborder=&quot;0&quot;<sp/>allowfullscreen&gt;&lt;/iframe&gt;</highlight></codeline>
<codeline lineno="43"><highlight class="stringliteral"><sp/><sp/><sp/><sp/><sp/><sp/><sp/><sp/><sp/><sp/><sp/><sp/>&lt;p&gt;&apos;</highlight><highlight class="normal"><sp/>.<sp/>htmlspecialchars(<ref refid="index_8php_1a6efc15b5a2314dd4b5aaa556a375c6d6" kindref="member">$data</ref>[</highlight><highlight class="stringliteral">&apos;title&apos;</highlight><highlight class="normal">]<sp/>??<sp/></highlight><highlight class="stringliteral">&apos;&apos;</highlight><highlight class="normal">)<sp/>.<sp/></highlight><highlight class="stringliteral">&apos;&lt;/p&gt;</highlight></codeline>
<codeline lineno="44"><highlight class="stringliteral"><sp/><sp/><sp/><sp/><sp/><sp/><sp/><sp/><sp/><sp/><sp/><sp/>&lt;p&gt;&apos;</highlight><highlight class="normal"><sp/>.<sp/>htmlspecialchars(<ref refid="index_8php_1a6efc15b5a2314dd4b5aaa556a375c6d6" kindref="member">$data</ref>[</highlight><highlight class="stringliteral">&apos;explanation&apos;</highlight><highlight class="normal">]<sp/>??<sp/></highlight><highlight class="stringliteral">&apos;&apos;</highlight><highlight class="normal">)<sp/>.<sp/></highlight><highlight class="stringliteral">&apos;&lt;/p&gt;</highlight></codeline>
<codeline lineno="45"><highlight class="stringliteral"><sp/><sp/><sp/><sp/><sp/><sp/><sp/><sp/>&lt;/div&gt;&apos;</highlight><highlight class="normal">;</highlight></codeline>
<codeline lineno="46"><highlight class="normal"><sp/><sp/><sp/><sp/>}<sp/></highlight><highlight class="keywordflow">else</highlight><highlight class="normal"><sp/>{</highlight></codeline>
<codeline lineno="47"><highlight class="normal"><sp/><sp/><sp/><sp/><sp/><sp/><sp/><sp/></highlight><highlight class="comment">//<sp/>Sinon,<sp/>afficher<sp/>l&apos;image</highlight><highlight class="normal"></highlight></codeline>
<codeline lineno="48"><highlight class="normal"><sp/><sp/><sp/><sp/><sp/><sp/><sp/><sp/></highlight><highlight class="keywordflow">return</highlight><highlight class="normal"><sp/></highlight><highlight class="stringliteral">&apos;</highlight></codeline>
<codeline lineno="49"><highlight class="stringliteral"><sp/><sp/><sp/><sp/><sp/><sp/><sp/><sp/>&lt;figure&gt;</highlight></codeline>
<codeline lineno="50"><highlight class="stringliteral"><sp/><sp/><sp/><sp/><sp/><sp/><sp/><sp/><sp/><sp/><sp/><sp/>&lt;img<sp/>src=&quot;&apos;</highlight><highlight class="normal"><sp/>.<sp/>htmlspecialchars(<ref refid="index_8php_1a6efc15b5a2314dd4b5aaa556a375c6d6" kindref="member">$data</ref>[</highlight><highlight class="stringliteral">&apos;url&apos;</highlight><highlight class="normal">])<sp/>.<sp/></highlight><highlight class="stringliteral">&apos;&quot;<sp/>alt=&quot;APOD<sp/>Image&quot;<sp/>class=&quot;apodNasa&quot;&gt;</highlight></codeline>
<codeline lineno="51"><highlight class="stringliteral"><sp/><sp/><sp/><sp/><sp/><sp/><sp/><sp/><sp/><sp/><sp/><sp/>&lt;figcaption&gt;&apos;</highlight><highlight class="normal"><sp/>.<sp/>htmlspecialchars(<ref refid="index_8php_1a6efc15b5a2314dd4b5aaa556a375c6d6" kindref="member">$data</ref>[</highlight><highlight class="stringliteral">&apos;explanation&apos;</highlight><highlight class="normal">])<sp/>.<sp/></highlight><highlight class="stringliteral">&apos;&lt;/figcaption&gt;</highlight></codeline>
<codeline lineno="52"><highlight class="stringliteral"><sp/><sp/><sp/><sp/><sp/><sp/><sp/><sp/>&lt;/figure&gt;&apos;</highlight><highlight class="normal">;</highlight></codeline>
<codeline lineno="53"><highlight class="normal"><sp/><sp/><sp/><sp/>}</highlight></codeline>
<codeline lineno="54"><highlight class="normal">}</highlight></codeline>
<codeline lineno="55"><highlight class="normal"></highlight></codeline>
<codeline lineno="56"><highlight class="normal"></highlight><highlight class="comment">//<sp/>========================================</highlight><highlight class="normal"></highlight></codeline>
<codeline lineno="57"><highlight class="normal"></highlight><highlight class="comment">//<sp/>🌍<sp/>GÉOLOCALISATION</highlight><highlight class="normal"></highlight></codeline>
<codeline lineno="58"><highlight class="normal"></highlight><highlight class="comment">//<sp/>========================================</highlight><highlight class="normal"></highlight></codeline>
<codeline lineno="59"><highlight class="normal"></highlight></codeline>
<codeline lineno="63"><highlight class="normal"></highlight><highlight class="keyword">function</highlight><highlight class="normal"><sp/><ref refid="functions_8inc_8php_1a68f36a2f7bd8a155f1ebe8e7e1be3f9f" kindref="member">getUserIP</ref>()<sp/>{</highlight></codeline>
<codeline lineno="64"><highlight class="normal"><sp/><sp/><sp/><sp/></highlight><highlight class="keywordflow">if</highlight><highlight class="normal"><sp/>(!empty($_SERVER[</highlight><highlight class="stringliteral">&apos;HTTP_CLIENT_IP&apos;</highlight><highlight class="normal">]))<sp/>{</highlight></codeline>
<codeline lineno="65"><highlight class="normal"><sp/><sp/><sp/><sp/><sp/><sp/><sp/><sp/></highlight><highlight class="keywordflow">return</highlight><highlight class="normal"><sp/>$_SERVER[</highlight><highlight class="stringliteral">&apos;HTTP_CLIENT_IP&apos;</highlight><highlight class="normal">];</highlight></codeline>
<codeline lineno="66"><highlight class="normal"><sp/><sp/><sp/><sp/>}<sp/>elseif<sp/>(!empty($_SERVER[</highlight><highlight class="stringliteral">&apos;HTTP_X_FORWARDED_FOR&apos;</highlight><highlight class="normal">]))<sp/>{</highlight></codeline>
<codeline lineno="67"><highlight class="normal"><sp/><sp/><sp/><sp/><sp/><sp/><sp/><sp/></highlight><highlight class="keywordflow">return</highlight><highlight class="normal"><sp/>$_SERVER[</highlight><highlight class="stringliteral">&apos;HTTP_X_FORWARDED_FOR&apos;</highlight><highlight class="normal">];</highlight></codeline>
<codeline lineno="68"><highlight class="normal"><sp/><sp/><sp/><sp/>}<sp/></highlight><highlight class="keywordflow">else</highlight><highlight class="normal"><sp/>{</highlight></codeline>
<codeline lineno="69"><highlight class="normal"><sp/><sp/><sp/><sp/><sp/><sp/><sp/><sp/></highlight><highlight class="keywordflow">return</highlight><highlight class="normal"><sp/>$_SERVER[</highlight><highlight class="stringliteral">&apos;REMOTE_ADDR&apos;</highlight><highlight class="normal">];</highlight></codeline>
<codeline lineno="70"><highlight class="normal"><sp/><sp/><sp/><sp/>}</highlight></codeline>
<codeline lineno="71"><highlight class="normal">}</highlight></codeline>
<codeline lineno="72"><highlight class="normal"></highlight></codeline>
<codeline lineno="76"><highlight class="normal"></highlight><highlight class="keyword">function</highlight><highlight class="normal"><sp/><ref refid="functions_8inc_8php_1ab42ade2acca49f23914f2fc5eb2be7af" kindref="member">getVisitorLocationXML</ref>()<sp/>{</highlight></codeline>
<codeline lineno="77"><highlight class="normal"><sp/><sp/><sp/><sp/>$api_url<sp/>=<sp/></highlight><highlight class="stringliteral">&apos;http://www.geoplugin.net/xml.gp?ip=&apos;</highlight><highlight class="normal"><sp/>.<sp/><ref refid="functions_8inc_8php_1a68f36a2f7bd8a155f1ebe8e7e1be3f9f" kindref="member">getUserIP</ref>();</highlight></codeline>
<codeline lineno="78"><highlight class="normal"><sp/><sp/><sp/><sp/><ref refid="statistique_8php_1af4b6fb1bbc77ccc05f10da3b16935b99" kindref="member">$response</ref><sp/>=<sp/>@file_get_contents($api_url);</highlight></codeline>
<codeline lineno="79"><highlight class="normal"><sp/><sp/><sp/><sp/></highlight><highlight class="keywordflow">if</highlight><highlight class="normal"><sp/>(<ref refid="statistique_8php_1af4b6fb1bbc77ccc05f10da3b16935b99" kindref="member">$response</ref><sp/>===<sp/></highlight><highlight class="keyword">false</highlight><highlight class="normal">)<sp/></highlight><highlight class="keywordflow">return</highlight><highlight class="normal"><sp/>[];</highlight></codeline>
<codeline lineno="80"><highlight class="normal"></highlight></codeline>
<codeline lineno="81"><highlight class="normal"><sp/><sp/><sp/><sp/><ref refid="index_8php_1a6efc15b5a2314dd4b5aaa556a375c6d6" kindref="member">$data</ref><sp/>=<sp/>@simplexml_load_string(<ref refid="statistique_8php_1af4b6fb1bbc77ccc05f10da3b16935b99" kindref="member">$response</ref>);</highlight></codeline>
<codeline lineno="82"><highlight class="normal"><sp/><sp/><sp/><sp/></highlight><highlight class="keywordflow">if</highlight><highlight class="normal"><sp/>(!<ref refid="index_8php_1a6efc15b5a2314dd4b5aaa556a375c6d6" kindref="member">$data</ref>)<sp/></highlight><highlight class="keywordflow">return</highlight><highlight class="normal"><sp/>[];</highlight></codeline>
<codeline lineno="83"><highlight class="normal"></highlight></codeline>
<codeline lineno="84"><highlight class="normal"><sp/><sp/><sp/><sp/></highlight><highlight class="keywordflow">return</highlight><highlight class="normal"><sp/>[</highlight></codeline>
<codeline lineno="85"><highlight class="normal"><sp/><sp/><sp/><sp/><sp/><sp/><sp/><sp/></highlight><highlight class="stringliteral">&apos;city&apos;</highlight><highlight class="normal"><sp/>=&gt;<sp/>(string)<ref refid="index_8php_1a6efc15b5a2314dd4b5aaa556a375c6d6" kindref="member">$data</ref>-&gt;geoplugin_city,</highlight></codeline>
<codeline lineno="86"><highlight class="normal"><sp/><sp/><sp/><sp/><sp/><sp/><sp/><sp/></highlight><highlight class="stringliteral">&apos;region&apos;</highlight><highlight class="normal"><sp/>=&gt;<sp/>(</highlight><highlight class="keywordtype">string</highlight><highlight class="normal">)<ref refid="index_8php_1a6efc15b5a2314dd4b5aaa556a375c6d6" kindref="member">$data</ref>-&gt;geoplugin_region,</highlight></codeline>
<codeline lineno="87"><highlight class="normal"><sp/><sp/><sp/><sp/><sp/><sp/><sp/><sp/></highlight><highlight class="stringliteral">&apos;country&apos;</highlight><highlight class="normal"><sp/>=&gt;<sp/>(string)<ref refid="index_8php_1a6efc15b5a2314dd4b5aaa556a375c6d6" kindref="member">$data</ref>-&gt;geoplugin_countryName,</highlight></codeline>
<codeline lineno="88"><highlight class="normal"><sp/><sp/><sp/><sp/><sp/><sp/><sp/><sp/></highlight><highlight class="stringliteral">&apos;latitude&apos;</highlight><highlight class="normal"><sp/>=&gt;<sp/>(</highlight><highlight class="keywordtype">float</highlight><highlight class="normal">)<ref refid="index_8php_1a6efc15b5a2314dd4b5aaa556a375c6d6" kindref="member">$data</ref>-&gt;geoplugin_latitude,</highlight></codeline>
<codeline lineno="89"><highlight class="normal"><sp/><sp/><sp/><sp/><sp/><sp/><sp/><sp/></highlight><highlight class="stringliteral">&apos;longitude&apos;</highlight><highlight class="normal"><sp/>=&gt;<sp/>(float)<ref refid="index_8php_1a6efc15b5a2314dd4b5aaa556a375c6d6" kindref="member">$data</ref>-&gt;geoplugin_longitude</highlight></codeline>
<codeline lineno="90"><highlight class="normal"><sp/><sp/><sp/><sp/>];</highlight></codeline>
<codeline lineno="91"><highlight class="normal">}</highlight></codeline>
<codeline lineno="92"><highlight class="normal"></highlight></codeline>
<codeline lineno="96"><highlight class="normal"></highlight><highlight class="keyword">function</highlight><highlight class="normal"><sp/><ref refid="functions_8inc_8php_1ad9e09d58e7a54f5b7fe1bc103958a4db" kindref="member">getVisitorLocationJSON</ref>()<sp/>{</highlight></codeline>
<codeline lineno="97"><highlight class="normal"><sp/><sp/><sp/><sp/>$user_ip<sp/>=<sp/><ref refid="functions_8inc_8php_1a68f36a2f7bd8a155f1ebe8e7e1be3f9f" kindref="member">getUserIP</ref>();</highlight></codeline>
<codeline lineno="98"><highlight class="normal"><sp/><sp/><sp/><sp/>$api_url<sp/>=<sp/></highlight><highlight class="stringliteral">&quot;https://ipinfo.io/$user_ip/json&quot;</highlight><highlight class="normal">;</highlight></codeline>
<codeline lineno="99"><highlight class="normal"></highlight></codeline>
<codeline lineno="100"><highlight class="normal"><sp/><sp/><sp/><sp/><ref refid="statistique_8php_1af4b6fb1bbc77ccc05f10da3b16935b99" kindref="member">$response</ref><sp/>=<sp/>@file_get_contents($api_url);</highlight></codeline>
<codeline lineno="101"><highlight class="normal"><sp/><sp/><sp/><sp/></highlight><highlight class="keywordflow">if</highlight><highlight class="normal"><sp/>(<ref refid="statistique_8php_1af4b6fb1bbc77ccc05f10da3b16935b99" kindref="member">$response</ref><sp/>===<sp/></highlight><highlight class="keyword">false</highlight><highlight class="normal">)<sp/></highlight><highlight class="keywordflow">return</highlight><highlight class="normal"><sp/>[];</highlight></codeline>
<codeline lineno="102"><highlight class="normal"></highlight></codeline>
<codeline lineno="103"><highlight class="normal"><sp/><sp/><sp/><sp/><ref refid="index_8php_1a6efc15b5a2314dd4b5aaa556a375c6d6" kindref="member">$data</ref><sp/>=<sp/>json_decode(<ref refid="statistique_8php_1af4b6fb1bbc77ccc05f10da3b16935b99" kindref="member">$response</ref>,<sp/></highlight><highlight class="keyword">true</highlight><highlight class="normal">);</highlight></codeline>
<codeline lineno="104"><highlight class="normal"><sp/><sp/><sp/><sp/></highlight><highlight class="keywordflow">if</highlight><highlight class="normal"><sp/>(!<ref refid="index_8php_1a6efc15b5a2314dd4b5aaa556a375c6d6" kindref="member">$data</ref><sp/>||<sp/>!isset(<ref refid="index_8php_1a6efc15b5a2314dd4b5aaa556a375c6d6" kindref="member">$data</ref>[</highlight><highlight class="stringliteral">&apos;loc&apos;</highlight><highlight class="normal">]))<sp/></highlight><highlight class="keywordflow">return</highlight><highlight class="normal"><sp/>[];</highlight></codeline>
<codeline lineno="105"><highlight class="normal"></highlight></codeline>
<codeline lineno="106"><highlight class="normal"><sp/><sp/><sp/><sp/>[<ref refid="map_8php_1af498b42b83afed4dfe0af05fd802776c" kindref="member">$lat</ref>,<sp/><ref refid="map_8php_1a03836509761c0935d0c55370b184ccd6" kindref="member">$lon</ref>]<sp/>=<sp/>explode(</highlight><highlight class="charliteral">&apos;,&apos;</highlight><highlight class="normal">,<sp/><ref refid="index_8php_1a6efc15b5a2314dd4b5aaa556a375c6d6" kindref="member">$data</ref>[</highlight><highlight class="stringliteral">&apos;loc&apos;</highlight><highlight class="normal">]);</highlight></codeline>
<codeline lineno="107"><highlight class="normal"></highlight></codeline>
<codeline lineno="108"><highlight class="normal"><sp/><sp/><sp/><sp/></highlight><highlight class="keywordflow">return</highlight><highlight class="normal"><sp/>[</highlight></codeline>
<codeline lineno="109"><highlight class="normal"><sp/><sp/><sp/><sp/><sp/><sp/><sp/><sp/></highlight><highlight class="stringliteral">&apos;city&apos;</highlight><highlight class="normal"><sp/>=&gt;<sp/><ref refid="index_8php_1a6efc15b5a2314dd4b5aaa556a375c6d6" kindref="member">$data</ref>[</highlight><highlight class="stringliteral">&apos;city&apos;</highlight><highlight class="normal">]<sp/>??<sp/></highlight><highlight class="stringliteral">&apos;&apos;</highlight><highlight class="normal">,</highlight></codeline>
<codeline lineno="110"><highlight class="normal"><sp/><sp/><sp/><sp/><sp/><sp/><sp/><sp/></highlight><highlight class="stringliteral">&apos;region&apos;</highlight><highlight class="normal"><sp/>=&gt;<sp/><ref refid="index_8php_1a6efc15b5a2314dd4b5aaa556a375c6d6" kindref="member">$data</ref>[</highlight><highlight class="stringliteral">&apos;region&apos;</highlight><highlight class="normal">]<sp/>??<sp/></highlight><highlight class="stringliteral">&apos;&apos;</highlight><highlight class="normal">,</highlight></codeline>
<codeline lineno="111"><highlight class="normal"><sp/><sp/><sp/><sp/><sp/><sp/><sp/><sp/></highlight><highlight class="stringliteral">&apos;country&apos;</highlight><highlight class="normal"><sp/>=&gt;<sp/><ref refid="index_8php_1a6efc15b5a2314dd4b5aaa556a375c6d6" kindref="member">$data</ref>[</highlight><highlight class="stringliteral">&apos;country&apos;</highlight><highlight class="normal">]<sp/>??<sp/></highlight><highlight class="stringliteral">&apos;&apos;</highlight><highlight class="normal">,</highlight></codeline>
<codeline lineno="112"><highlight class="normal"><sp/><sp/><sp/><sp/><sp/><sp/><sp/><sp/></highlight><highlight class="stringliteral">&apos;latitude&apos;</highlight><highlight class="normal"><sp/>=&gt;<sp/>(float)<ref refid="map_8php_1af498b42b83afed4dfe0af05fd802776c" kindref="member">$lat</ref>,</highlight></codeline>
<codeline lineno="113"><highlight class="normal"><sp/><sp/><sp/><sp/><sp/><sp/><sp/><sp/></highlight><highlight class="stringliteral">&apos;longitude&apos;</highlight><highlight class="normal"><sp/>=&gt;<sp/>(</highlight><highlight class="keywordtype">float</highlight><highlight class="normal">)<ref refid="map_8php_1a03836509761c0935d0c55370b184ccd6" kindref="member">$lon</ref></highlight></codeline>
<codeline lineno="114"><highlight class="normal"><sp/><sp/><sp/><sp/>];</highlight></codeline>
<codeline lineno="115"><highlight class="normal">}</highlight></codeline>
<codeline lineno="116"><highlight class="normal"></highlight></codeline>
<codeline lineno="120"><highlight class="normal"></highlight><highlight class="keyword">function</highlight><highlight class="normal"><sp/><ref refid="functions_8inc_8php_1aa2618b0a149e599ca73ea51e3d9be82b" kindref="member">getVisitorLocationWIP</ref>()<sp/>{</highlight></codeline>
<codeline lineno="121"><highlight class="normal"><sp/><sp/><sp/><sp/>$user_ip<sp/>=<sp/><ref refid="functions_8inc_8php_1a68f36a2f7bd8a155f1ebe8e7e1be3f9f" kindref="member">getUserIP</ref>();</highlight></codeline>
<codeline lineno="122"><highlight class="normal"><sp/><sp/><sp/><sp/>$api_key<sp/>=<sp/></highlight><highlight class="stringliteral">&quot;e964f74aadfe25702230dfcbac03a675&quot;</highlight><highlight class="normal">;</highlight></codeline>
<codeline lineno="123"><highlight class="normal"><sp/><sp/><sp/><sp/>$api_url<sp/>=<sp/></highlight><highlight class="stringliteral">&quot;https://api.whatismyip.com/ip-address-lookup.php?key=$api_key&amp;input=$user_ip&amp;output=xml&quot;</highlight><highlight class="normal">;</highlight></codeline>
<codeline lineno="124"><highlight class="normal"></highlight></codeline>
<codeline lineno="125"><highlight class="normal"><sp/><sp/><sp/><sp/><ref refid="statistique_8php_1af4b6fb1bbc77ccc05f10da3b16935b99" kindref="member">$response</ref><sp/>=<sp/>@file_get_contents($api_url);</highlight></codeline>
<codeline lineno="126"><highlight class="normal"><sp/><sp/><sp/><sp/></highlight><highlight class="keywordflow">if</highlight><highlight class="normal"><sp/>(<ref refid="statistique_8php_1af4b6fb1bbc77ccc05f10da3b16935b99" kindref="member">$response</ref><sp/>===<sp/></highlight><highlight class="keyword">false</highlight><highlight class="normal">)<sp/></highlight><highlight class="keywordflow">return</highlight><highlight class="normal"><sp/>[];</highlight></codeline>
<codeline lineno="127"><highlight class="normal"></highlight></codeline>
<codeline lineno="128"><highlight class="normal"><sp/><sp/><sp/><sp/><ref refid="index_8php_1a6efc15b5a2314dd4b5aaa556a375c6d6" kindref="member">$data</ref><sp/>=<sp/>@simplexml_load_string(<ref refid="statistique_8php_1af4b6fb1bbc77ccc05f10da3b16935b99" kindref="member">$response</ref>);</highlight></codeline>
<codeline lineno="129"><highlight class="normal"><sp/><sp/><sp/><sp/></highlight><highlight class="keywordflow">if</highlight><highlight class="normal"><sp/>(!<ref refid="index_8php_1a6efc15b5a2314dd4b5aaa556a375c6d6" kindref="member">$data</ref><sp/>||<sp/>!isset(<ref refid="index_8php_1a6efc15b5a2314dd4b5aaa556a375c6d6" kindref="member">$data</ref>-&gt;query_status))<sp/></highlight><highlight class="keywordflow">return</highlight><highlight class="normal"><sp/>[];</highlight></codeline>
<codeline lineno="130"><highlight class="normal"></highlight></codeline>
<codeline lineno="131"><highlight class="normal"><sp/><sp/><sp/><sp/></highlight><highlight class="keywordflow">if</highlight><highlight class="normal"><sp/>((</highlight><highlight class="keywordtype">string</highlight><highlight class="normal">)<ref refid="index_8php_1a6efc15b5a2314dd4b5aaa556a375c6d6" kindref="member">$data</ref>-&gt;query_status-&gt;query_status_code<sp/>===<sp/></highlight><highlight class="stringliteral">&quot;OK&quot;</highlight><highlight class="normal">)<sp/>{</highlight></codeline>
<codeline lineno="132"><highlight class="normal"><sp/><sp/><sp/><sp/><sp/><sp/><sp/><sp/></highlight><highlight class="keywordflow">return</highlight><highlight class="normal"><sp/>[</highlight></codeline>
<codeline lineno="133"><highlight class="normal"><sp/><sp/><sp/><sp/><sp/><sp/><sp/><sp/><sp/><sp/><sp/><sp/></highlight><highlight class="stringliteral">&apos;city&apos;</highlight><highlight class="normal"><sp/>=&gt;<sp/>(string)<ref refid="index_8php_1a6efc15b5a2314dd4b5aaa556a375c6d6" kindref="member">$data</ref>-&gt;server_data-&gt;city,</highlight></codeline>
<codeline lineno="134"><highlight class="normal"><sp/><sp/><sp/><sp/><sp/><sp/><sp/><sp/><sp/><sp/><sp/><sp/></highlight><highlight class="stringliteral">&apos;region&apos;</highlight><highlight class="normal"><sp/>=&gt;<sp/>(</highlight><highlight class="keywordtype">string</highlight><highlight class="normal">)<ref refid="index_8php_1a6efc15b5a2314dd4b5aaa556a375c6d6" kindref="member">$data</ref>-&gt;server_data-&gt;region,</highlight></codeline>
<codeline lineno="135"><highlight class="normal"><sp/><sp/><sp/><sp/><sp/><sp/><sp/><sp/><sp/><sp/><sp/><sp/></highlight><highlight class="stringliteral">&apos;country&apos;</highlight><highlight class="normal"><sp/>=&gt;<sp/>(string)<ref refid="index_8php_1a6efc15b5a2314dd4b5aaa556a375c6d6" kindref="member">$data</ref>-&gt;server_data-&gt;country</highlight></codeline>
<codeline lineno="136"><highlight class="normal"><sp/><sp/><sp/><sp/><sp/><sp/><sp/><sp/>];</highlight></codeline>
<codeline lineno="137"><highlight class="normal"><sp/><sp/><sp/><sp/>}</highlight></codeline>
<codeline lineno="138"><highlight class="normal"></highlight></codeline>
<codeline lineno="139"><highlight class="normal"><sp/><sp/><sp/><sp/></highlight><highlight class="keywordflow">return</highlight><highlight class="normal"><sp/>[];</highlight></codeline>
<codeline lineno="140"><highlight class="normal">}</highlight></codeline>
<codeline lineno="141"><highlight class="normal"></highlight></codeline>
<codeline lineno="145"><highlight class="normal"></highlight><highlight class="keyword">function</highlight><highlight class="normal"><sp/><ref refid="functions_8inc_8php_1aeac99c1fbeddea0408331fd576161c8d" kindref="member">getBestVisitorLocation</ref>()<sp/>{</highlight></codeline>
<codeline lineno="146"><highlight class="normal"><sp/><sp/><sp/><sp/>$location<sp/>=<sp/><ref refid="functions_8inc_8php_1ab42ade2acca49f23914f2fc5eb2be7af" kindref="member">getVisitorLocationXML</ref>();</highlight></codeline>
<codeline lineno="147"><highlight class="normal"></highlight></codeline>
<codeline lineno="148"><highlight class="normal"><sp/><sp/><sp/><sp/></highlight><highlight class="keywordflow">if</highlight><highlight class="normal"><sp/>(empty($location[</highlight><highlight class="stringliteral">&apos;city&apos;</highlight><highlight class="normal">])<sp/>||<sp/>empty($location[</highlight><highlight class="stringliteral">&apos;latitude&apos;</highlight><highlight class="normal">]))<sp/>{</highlight></codeline>
<codeline lineno="149"><highlight class="normal"><sp/><sp/><sp/><sp/><sp/><sp/><sp/><sp/>$location<sp/>=<sp/><ref refid="functions_8inc_8php_1ad9e09d58e7a54f5b7fe1bc103958a4db" kindref="member">getVisitorLocationJSON</ref>();</highlight></codeline>
<codeline lineno="150"><highlight class="normal"><sp/><sp/><sp/><sp/>}</highlight></codeline>
<codeline lineno="151"><highlight class="normal"></highlight></codeline>
<codeline lineno="152"><highlight class="normal"><sp/><sp/><sp/><sp/></highlight><highlight class="keywordflow">if</highlight><highlight class="normal"><sp/>(empty($location[</highlight><highlight class="stringliteral">&apos;city&apos;</highlight><highlight class="normal">]))<sp/>{</highlight></codeline>
<codeline lineno="153"><highlight class="normal"><sp/><sp/><sp/><sp/><sp/><sp/><sp/><sp/>$location<sp/>=<sp/><ref refid="functions_8inc_8php_1aa2618b0a149e599ca73ea51e3d9be82b" kindref="member">getVisitorLocationWIP</ref>();</highlight></codeline>
<codeline lineno="154"><highlight class="normal"><sp/><sp/><sp/><sp/>}</highlight></codeline>
<codeline lineno="155"><highlight class="normal"></highlight></codeline>
<codeline lineno="156"><highlight class="normal"><sp/><sp/><sp/><sp/></highlight><highlight class="keywordflow">return</highlight><highlight class="normal"><sp/>$location;</highlight></codeline>
<codeline lineno="157"><highlight class="normal">}</highlight></codeline>
<codeline lineno="158"><highlight class="normal"></highlight></codeline>
<codeline lineno="159"><highlight class="normal"></highlight><highlight class="comment">//<sp/>========================================</highlight><highlight class="normal"></highlight></codeline>
<codeline lineno="160"><highlight class="normal"></highlight><highlight class="comment">//<sp/>📁<sp/>FICHIERS<sp/>CSV</highlight><highlight class="normal"></highlight></codeline>
<codeline lineno="161"><highlight class="normal"></highlight><highlight class="comment">//<sp/>========================================</highlight><highlight class="normal"></highlight></codeline>
<codeline lineno="162"><highlight class="normal"></highlight></codeline>
<codeline lineno="166"><highlight class="normal"></highlight><highlight class="keyword">function</highlight><highlight class="normal"><sp/><ref refid="functions_8inc_8php_1a906e10a9d5815649a5e5b99d42ce4cc8" kindref="member">lireCSV</ref>(<ref refid="stat_8php_1a1cab83481bc861b32af8f093a199c35e" kindref="member">$fichier</ref>,<sp/>$separateur<sp/>=<sp/></highlight><highlight class="stringliteral">&quot;,&quot;</highlight><highlight class="normal">)<sp/>{</highlight></codeline>
<codeline lineno="167"><highlight class="normal"><sp/><sp/><sp/><sp/>$resultat<sp/>=<sp/>[];</highlight></codeline>
<codeline lineno="168"><highlight class="normal"></highlight></codeline>
<codeline lineno="169"><highlight class="normal"><sp/><sp/><sp/><sp/></highlight><highlight class="keywordflow">if</highlight><highlight class="normal"><sp/>(!file_exists(<ref refid="stat_8php_1a1cab83481bc861b32af8f093a199c35e" kindref="member">$fichier</ref>))<sp/></highlight><highlight class="keywordflow">return</highlight><highlight class="normal"><sp/>[];</highlight></codeline>
<codeline lineno="170"><highlight class="normal"></highlight></codeline>
<codeline lineno="171"><highlight class="normal"><sp/><sp/><sp/><sp/></highlight><highlight class="keywordflow">if</highlight><highlight class="normal"><sp/>(($handle<sp/>=<sp/>fopen(<ref refid="stat_8php_1a1cab83481bc861b32af8f093a199c35e" kindref="member">$fichier</ref>,<sp/></highlight><highlight class="stringliteral">&quot;r&quot;</highlight><highlight class="normal">))<sp/>!==<sp/></highlight><highlight class="keyword">false</highlight><highlight class="normal">)<sp/>{</highlight></codeline>
<codeline lineno="172"><highlight class="normal"><sp/><sp/><sp/><sp/><sp/><sp/><sp/><sp/>$entetes<sp/>=<sp/>fgetcsv($handle,<sp/>1000,<sp/>$separateur);</highlight></codeline>
<codeline lineno="173"><highlight class="normal"><sp/><sp/><sp/><sp/><sp/><sp/><sp/><sp/></highlight><highlight class="keywordflow">if</highlight><highlight class="normal"><sp/>(!$entetes)<sp/></highlight><highlight class="keywordflow">return</highlight><highlight class="normal"><sp/>[];</highlight></codeline>
<codeline lineno="174"><highlight class="normal"></highlight></codeline>
<codeline lineno="175"><highlight class="normal"><sp/><sp/><sp/><sp/><sp/><sp/><sp/><sp/></highlight><highlight class="keywordflow">while</highlight><highlight class="normal"><sp/>(($ligne<sp/>=<sp/>fgetcsv($handle,<sp/>1000,<sp/>$separateur))<sp/>!==<sp/></highlight><highlight class="keyword">false</highlight><highlight class="normal">)<sp/>{</highlight></codeline>
<codeline lineno="176"><highlight class="normal"><sp/><sp/><sp/><sp/><sp/><sp/><sp/><sp/><sp/><sp/><sp/><sp/></highlight><highlight class="keywordflow">if</highlight><highlight class="normal"><sp/>(count($ligne)<sp/>===<sp/>count($entetes))<sp/>{</highlight></codeline>
<codeline lineno="177"><highlight class="normal"><sp/><sp/><sp/><sp/><sp/><sp/><sp/><sp/><sp/><sp/><sp/><sp/><sp/><sp/><sp/><sp/>$resultat[]<sp/>=<sp/>array_combine($entetes,<sp/>$ligne);</highlight></codeline>
<codeline lineno="178"><highlight class="normal"><sp/><sp/><sp/><sp/><sp/><sp/><sp/><sp/><sp/><sp/><sp/><sp/>}</highlight></codeline>
<codeline lineno="179"><highlight class="normal"><sp/><sp/><sp/><sp/><sp/><sp/><sp/><sp/>}</highlight></codeline>
<codeline lineno="180"><highlight class="normal"><sp/><sp/><sp/><sp/><sp/><sp/><sp/><sp/>fclose($handle);</highlight></codeline>
<codeline lineno="181"><highlight class="normal"><sp/><sp/><sp/><sp/>}</highlight></codeline>
<codeline lineno="182"><highlight class="normal"></highlight></codeline>
<codeline lineno="183"><highlight class="normal"><sp/><sp/><sp/><sp/></highlight><highlight class="keywordflow">return</highlight><highlight class="normal"><sp/>$resultat;</highlight></codeline>
<codeline lineno="184"><highlight class="normal">}</highlight></codeline>
<codeline lineno="185"><highlight class="normal"></highlight></codeline>
<codeline lineno="189"><highlight class="normal"></highlight><highlight class="keyword">function</highlight><highlight class="normal"><sp/><ref refid="functions_8inc_8php_1a626b8b322d807d72924fb108e61c13f1" kindref="member">relierCSV</ref>(<ref refid="map_8php_1afdefc0303846ad7cedbfd9acb7184a7a" kindref="member">$villes</ref>,<sp/><ref refid="map_8php_1adad9b2799c69f4c9deb75ea73c6b12c8" kindref="member">$departements</ref>,<sp/><ref refid="map_8php_1a270fcd32e1040253108d7d58d43c6dcf" kindref="member">$regions</ref>)<sp/>{</highlight></codeline>
<codeline lineno="190"><highlight class="normal"><sp/><sp/><sp/><sp/>$departements_par_code<sp/>=<sp/>[];</highlight></codeline>
<codeline lineno="191"><highlight class="normal"><sp/><sp/><sp/><sp/></highlight><highlight class="keywordflow">foreach</highlight><highlight class="normal"><sp/>(<ref refid="map_8php_1adad9b2799c69f4c9deb75ea73c6b12c8" kindref="member">$departements</ref><sp/>as<sp/>$dep)<sp/>{</highlight></codeline>
<codeline lineno="192"><highlight class="normal"><sp/><sp/><sp/><sp/><sp/><sp/><sp/><sp/>$departements_par_code[$dep[</highlight><highlight class="stringliteral">&quot;code&quot;</highlight><highlight class="normal">]]<sp/>=<sp/>$dep;</highlight></codeline>
<codeline lineno="193"><highlight class="normal"><sp/><sp/><sp/><sp/>}</highlight></codeline>
<codeline lineno="194"><highlight class="normal"></highlight></codeline>
<codeline lineno="195"><highlight class="normal"><sp/><sp/><sp/><sp/>$regions_par_code<sp/>=<sp/>[];</highlight></codeline>
<codeline lineno="196"><highlight class="normal"><sp/><sp/><sp/><sp/></highlight><highlight class="keywordflow">foreach</highlight><highlight class="normal"><sp/>(<ref refid="map_8php_1a270fcd32e1040253108d7d58d43c6dcf" kindref="member">$regions</ref><sp/>as<sp/><ref refid="map_8php_1a8e0b4669db3780ee9a03b34083febc7a" kindref="member">$region</ref>)<sp/>{</highlight></codeline>
<codeline lineno="197"><highlight class="normal"><sp/><sp/><sp/><sp/><sp/><sp/><sp/><sp/>$regions_par_code[<ref refid="map_8php_1a8e0b4669db3780ee9a03b34083febc7a" kindref="member">$region</ref>[</highlight><highlight class="stringliteral">&quot;code&quot;</highlight><highlight class="normal">]]<sp/>=<sp/><ref refid="map_8php_1a8e0b4669db3780ee9a03b34083febc7a" kindref="member">$region</ref>;</highlight></codeline>
<codeline lineno="198"><highlight class="normal"><sp/><sp/><sp/><sp/>}</highlight></codeline>
<codeline lineno="199"><highlight class="normal"></highlight></codeline>
<codeline lineno="200"><highlight class="normal"><sp/><sp/><sp/><sp/></highlight><highlight class="keywordflow">foreach</highlight><highlight class="normal"><sp/>(<ref refid="map_8php_1afdefc0303846ad7cedbfd9acb7184a7a" kindref="member">$villes</ref><sp/>as<sp/>&amp;<ref refid="index_8php_1acc3746cfaca53a8d6942c6252b17d14f" kindref="member">$ville</ref>)<sp/>{</highlight></codeline>
<codeline lineno="201"><highlight class="normal"><sp/><sp/><sp/><sp/><sp/><sp/><sp/><sp/>$codeDep<sp/>=<sp/><ref refid="index_8php_1acc3746cfaca53a8d6942c6252b17d14f" kindref="member">$ville</ref>[</highlight><highlight class="stringliteral">&quot;code_departement&quot;</highlight><highlight class="normal">]<sp/>??<sp/></highlight><highlight class="keyword">null</highlight><highlight class="normal">;</highlight></codeline>
<codeline lineno="202"><highlight class="normal"><sp/><sp/><sp/><sp/><sp/><sp/><sp/><sp/><ref refid="index_8php_1acc3746cfaca53a8d6942c6252b17d14f" kindref="member">$ville</ref>[</highlight><highlight class="stringliteral">&quot;departement&quot;</highlight><highlight class="normal">]<sp/>=<sp/>$departements_par_code[$codeDep]<sp/>??<sp/>[];</highlight></codeline>
<codeline lineno="203"><highlight class="normal"></highlight></codeline>
<codeline lineno="204"><highlight class="normal"><sp/><sp/><sp/><sp/><sp/><sp/><sp/><sp/>$codeReg<sp/>=<sp/><ref refid="index_8php_1acc3746cfaca53a8d6942c6252b17d14f" kindref="member">$ville</ref>[</highlight><highlight class="stringliteral">&quot;departement&quot;</highlight><highlight class="normal">][</highlight><highlight class="stringliteral">&quot;code_region&quot;</highlight><highlight class="normal">]<sp/>??<sp/></highlight><highlight class="keyword">null</highlight><highlight class="normal">;</highlight></codeline>
<codeline lineno="205"><highlight class="normal"><sp/><sp/><sp/><sp/><sp/><sp/><sp/><sp/><ref refid="index_8php_1acc3746cfaca53a8d6942c6252b17d14f" kindref="member">$ville</ref>[</highlight><highlight class="stringliteral">&quot;region&quot;</highlight><highlight class="normal">]<sp/>=<sp/>$regions_par_code[$codeReg]<sp/>??<sp/>[];</highlight></codeline>
<codeline lineno="206"><highlight class="normal"><sp/><sp/><sp/><sp/>}</highlight></codeline>
<codeline lineno="207"><highlight class="normal"></highlight></codeline>
<codeline lineno="208"><highlight class="normal"><sp/><sp/><sp/><sp/></highlight><highlight class="keywordflow">return</highlight><highlight class="normal"><sp/><ref refid="map_8php_1afdefc0303846ad7cedbfd9acb7184a7a" kindref="member">$villes</ref>;</highlight></codeline>
<codeline lineno="209"><highlight class="normal">}</highlight></codeline>
<codeline lineno="210"><highlight class="normal"></highlight></codeline>
<codeline lineno="214"><highlight class="normal"></highlight><highlight class="keyword">function</highlight><highlight class="normal"><sp/><ref refid="functions_8inc_8php_1a80b64f17684c840db6c59f880149994e" kindref="member">getRegionFromVille</ref>($nomVille,<sp/><ref refid="map_8php_1afdefc0303846ad7cedbfd9acb7184a7a" kindref="member">$villes</ref>,<sp/><ref refid="map_8php_1adad9b2799c69f4c9deb75ea73c6b12c8" kindref="member">$departements</ref>,<sp/><ref refid="map_8php_1a270fcd32e1040253108d7d58d43c6dcf" kindref="member">$regions</ref>)<sp/>{</highlight></codeline>
<codeline lineno="215"><highlight class="normal"><sp/><sp/><sp/><sp/>$nomVille<sp/>=<sp/>strtolower($nomVille);</highlight></codeline>
<codeline lineno="216"><highlight class="normal"><sp/><sp/><sp/><sp/><ref refid="map_8php_1afdefc0303846ad7cedbfd9acb7184a7a" kindref="member">$villes</ref><sp/>=<sp/><ref refid="functions_8inc_8php_1a626b8b322d807d72924fb108e61c13f1" kindref="member">relierCSV</ref>(<ref refid="map_8php_1afdefc0303846ad7cedbfd9acb7184a7a" kindref="member">$villes</ref>,<sp/><ref refid="map_8php_1adad9b2799c69f4c9deb75ea73c6b12c8" kindref="member">$departements</ref>,<sp/><ref refid="map_8php_1a270fcd32e1040253108d7d58d43c6dcf" kindref="member">$regions</ref>);</highlight></codeline>
<codeline lineno="217"><highlight class="normal"></highlight></codeline>
<codeline lineno="218"><highlight class="normal"><sp/><sp/><sp/><sp/></highlight><highlight class="keywordflow">foreach</highlight><highlight class="normal"><sp/>(<ref refid="map_8php_1afdefc0303846ad7cedbfd9acb7184a7a" kindref="member">$villes</ref><sp/>as<sp/><ref refid="index_8php_1acc3746cfaca53a8d6942c6252b17d14f" kindref="member">$ville</ref>)<sp/>{</highlight></codeline>
<codeline lineno="219"><highlight class="normal"><sp/><sp/><sp/><sp/><sp/><sp/><sp/><sp/></highlight><highlight class="keywordflow">if</highlight><highlight class="normal"><sp/>(strtolower(<ref refid="index_8php_1acc3746cfaca53a8d6942c6252b17d14f" kindref="member">$ville</ref>[</highlight><highlight class="stringliteral">&quot;nom&quot;</highlight><highlight class="normal">]<sp/>??<sp/></highlight><highlight class="stringliteral">&apos;&apos;</highlight><highlight class="normal">)<sp/>===<sp/>$nomVille)<sp/>{</highlight></codeline>
<codeline lineno="220"><highlight class="normal"><sp/><sp/><sp/><sp/><sp/><sp/><sp/><sp/><sp/><sp/><sp/><sp/></highlight><highlight class="keywordflow">return</highlight><highlight class="normal"><sp/><ref refid="index_8php_1acc3746cfaca53a8d6942c6252b17d14f" kindref="member">$ville</ref>[</highlight><highlight class="stringliteral">&quot;region&quot;</highlight><highlight class="normal">][</highlight><highlight class="stringliteral">&quot;nom&quot;</highlight><highlight class="normal">]<sp/>??<sp/></highlight><highlight class="stringliteral">&quot;Région<sp/>inconnue&quot;</highlight><highlight class="normal">;</highlight></codeline>
<codeline lineno="221"><highlight class="normal"><sp/><sp/><sp/><sp/><sp/><sp/><sp/><sp/>}</highlight></codeline>
<codeline lineno="222"><highlight class="normal"><sp/><sp/><sp/><sp/>}</highlight></codeline>
<codeline lineno="223"><highlight class="normal"></highlight></codeline>
<codeline lineno="224"><highlight class="normal"><sp/><sp/><sp/><sp/></highlight><highlight class="keywordflow">return</highlight><highlight class="normal"><sp/></highlight><highlight class="stringliteral">&quot;Région<sp/>inconnue&quot;</highlight><highlight class="normal">;</highlight></codeline>
<codeline lineno="225"><highlight class="normal">}</highlight></codeline>
<codeline lineno="226"><highlight class="normal"></highlight></codeline>
<codeline lineno="230"><highlight class="normal"></highlight><highlight class="keyword">function</highlight><highlight class="normal"><sp/><ref refid="functions_8inc_8php_1a72345c1d08ed22bfadd7b93ce224bbd3" kindref="member">getPrefectureParDepartement</ref>($codeDept,<sp/><ref refid="map_8php_1afdefc0303846ad7cedbfd9acb7184a7a" kindref="member">$villes</ref>)<sp/>{</highlight></codeline>
<codeline lineno="231"><highlight class="normal"><sp/><sp/><sp/><sp/></highlight><highlight class="keywordflow">foreach</highlight><highlight class="normal"><sp/>(<ref refid="map_8php_1afdefc0303846ad7cedbfd9acb7184a7a" kindref="member">$villes</ref><sp/>as<sp/><ref refid="index_8php_1acc3746cfaca53a8d6942c6252b17d14f" kindref="member">$ville</ref>)<sp/>{</highlight></codeline>
<codeline lineno="232"><highlight class="normal"><sp/><sp/><sp/><sp/><sp/><sp/><sp/><sp/></highlight><highlight class="keywordflow">if</highlight><highlight class="normal"><sp/>(</highlight></codeline>
<codeline lineno="233"><highlight class="normal"><sp/><sp/><sp/><sp/><sp/><sp/><sp/><sp/><sp/><sp/><sp/><sp/>isset(<ref refid="index_8php_1acc3746cfaca53a8d6942c6252b17d14f" kindref="member">$ville</ref>[</highlight><highlight class="stringliteral">&apos;code_departement&apos;</highlight><highlight class="normal">],<sp/><ref refid="index_8php_1acc3746cfaca53a8d6942c6252b17d14f" kindref="member">$ville</ref>[</highlight><highlight class="stringliteral">&apos;est_prefecture&apos;</highlight><highlight class="normal">])<sp/>&amp;&amp;</highlight></codeline>
<codeline lineno="234"><highlight class="normal"><sp/><sp/><sp/><sp/><sp/><sp/><sp/><sp/><sp/><sp/><sp/><sp/><ref refid="index_8php_1acc3746cfaca53a8d6942c6252b17d14f" kindref="member">$ville</ref>[</highlight><highlight class="stringliteral">&apos;code_departement&apos;</highlight><highlight class="normal">]<sp/>===<sp/>$codeDept<sp/>&amp;&amp;</highlight></codeline>
<codeline lineno="235"><highlight class="normal"><sp/><sp/><sp/><sp/><sp/><sp/><sp/><sp/><sp/><sp/><sp/><sp/>strcasecmp(<ref refid="index_8php_1acc3746cfaca53a8d6942c6252b17d14f" kindref="member">$ville</ref>[</highlight><highlight class="stringliteral">&apos;est_prefecture&apos;</highlight><highlight class="normal">],<sp/></highlight><highlight class="stringliteral">&quot;TRUE&quot;</highlight><highlight class="normal">)<sp/>===<sp/>0</highlight></codeline>
<codeline lineno="236"><highlight class="normal"><sp/><sp/><sp/><sp/><sp/><sp/><sp/><sp/>)<sp/>{</highlight></codeline>
<codeline lineno="237"><highlight class="normal"><sp/><sp/><sp/><sp/><sp/><sp/><sp/><sp/><sp/><sp/><sp/><sp/></highlight><highlight class="keywordflow">return</highlight><highlight class="normal"><sp/><ref refid="index_8php_1acc3746cfaca53a8d6942c6252b17d14f" kindref="member">$ville</ref>;</highlight></codeline>
<codeline lineno="238"><highlight class="normal"><sp/><sp/><sp/><sp/><sp/><sp/><sp/><sp/>}</highlight></codeline>
<codeline lineno="239"><highlight class="normal"><sp/><sp/><sp/><sp/>}</highlight></codeline>
<codeline lineno="240"><highlight class="normal"><sp/><sp/><sp/><sp/></highlight><highlight class="keywordflow">return</highlight><highlight class="normal"><sp/></highlight><highlight class="keyword">null</highlight><highlight class="normal">;</highlight></codeline>
<codeline lineno="241"><highlight class="normal">}</highlight></codeline>
<codeline lineno="242"><highlight class="normal"></highlight></codeline>
<codeline lineno="243"><highlight class="normal"></highlight><highlight class="comment">//<sp/>========================================</highlight><highlight class="normal"></highlight></codeline>
<codeline lineno="244"><highlight class="normal"></highlight><highlight class="comment">//<sp/>🧭<sp/>INTERFACE<sp/>UTILISATEUR</highlight><highlight class="normal"></highlight></codeline>
<codeline lineno="245"><highlight class="normal"></highlight><highlight class="comment">//<sp/>========================================</highlight><highlight class="normal"></highlight></codeline>
<codeline lineno="246"><highlight class="normal"></highlight></codeline>
<codeline lineno="250"><highlight class="normal"></highlight><highlight class="keyword">function</highlight><highlight class="normal"><sp/><ref refid="functions_8inc_8php_1a2377409245fbd50300677298b19e91e8" kindref="member">afficherMenu</ref>($pageActive)<sp/>{</highlight></codeline>
<codeline lineno="251"><highlight class="normal"><sp/><sp/><sp/><sp/>$pages<sp/>=<sp/>[</highlight></codeline>
<codeline lineno="252"><highlight class="normal"><sp/><sp/><sp/><sp/><sp/><sp/><sp/><sp/></highlight><highlight class="stringliteral">&quot;index&quot;</highlight><highlight class="normal"><sp/>=&gt;<sp/>[</highlight><highlight class="stringliteral">&quot;Accueil&quot;</highlight><highlight class="normal">,<sp/></highlight><highlight class="stringliteral">&quot;🏠&quot;</highlight><highlight class="normal">,<sp/></highlight><highlight class="stringliteral">&quot;index.php&quot;</highlight><highlight class="normal">],</highlight></codeline>
<codeline lineno="253"><highlight class="normal"><sp/><sp/><sp/><sp/><sp/><sp/><sp/><sp/></highlight><highlight class="stringliteral">&quot;map&quot;</highlight><highlight class="normal"><sp/>=&gt;<sp/>[</highlight><highlight class="stringliteral">&quot;Météo&quot;</highlight><highlight class="normal">,<sp/></highlight><highlight class="stringliteral">&quot;🌤️&quot;</highlight><highlight class="normal">,<sp/></highlight><highlight class="stringliteral">&quot;map.php&quot;</highlight><highlight class="normal">],</highlight></codeline>
<codeline lineno="254"><highlight class="normal"><sp/><sp/><sp/><sp/><sp/><sp/><sp/><sp/></highlight><highlight class="stringliteral">&quot;Statistiques&quot;</highlight><highlight class="normal"><sp/>=&gt;<sp/>[</highlight><highlight class="stringliteral">&quot;Statistiques&quot;</highlight><highlight class="normal">,<sp/></highlight><highlight class="stringliteral">&quot;📊&quot;</highlight><highlight class="normal">,<sp/></highlight><highlight class="stringliteral">&quot;Statistiques.php&quot;</highlight><highlight class="normal">]</highlight></codeline>
<codeline lineno="255"><highlight class="normal"><sp/><sp/><sp/><sp/>];</highlight></codeline>
<codeline lineno="256"><highlight class="normal"></highlight></codeline>
<codeline lineno="257"><highlight class="normal"><sp/><sp/><sp/><sp/>echo<sp/></highlight><highlight class="stringliteral">&apos;&lt;nav&gt;&lt;ul&gt;&apos;</highlight><highlight class="normal">;</highlight></codeline>
<codeline lineno="258"><highlight class="normal"><sp/><sp/><sp/><sp/></highlight><highlight class="keywordflow">foreach</highlight><highlight class="normal"><sp/>($pages<sp/>as<sp/>$cle<sp/>=&gt;<sp/>[$nom,<sp/>$icone,<sp/>$lien])<sp/>{</highlight></codeline>
<codeline lineno="259"><highlight class="normal"><sp/><sp/><sp/><sp/><sp/><sp/><sp/><sp/>$classe<sp/>=<sp/>($cle<sp/>===<sp/>$pageActive)<sp/>?<sp/></highlight><highlight class="stringliteral">&apos;active&apos;</highlight><highlight class="normal"><sp/>:<sp/></highlight><highlight class="stringliteral">&apos;&apos;</highlight><highlight class="normal">;</highlight></codeline>
<codeline lineno="260"><highlight class="normal"><sp/><sp/><sp/><sp/><sp/><sp/><sp/><sp/>echo<sp/></highlight><highlight class="stringliteral">&quot;&lt;li&gt;&lt;a<sp/>class=&apos;$classe&apos;<sp/>href=&apos;$lien&apos;&gt;$icone<sp/>$nom&lt;/a&gt;&lt;/li&gt;&quot;</highlight><highlight class="normal">;</highlight></codeline>
<codeline lineno="261"><highlight class="normal"><sp/><sp/><sp/><sp/>}</highlight></codeline>
<codeline lineno="262"><highlight class="normal"><sp/><sp/><sp/><sp/>echo<sp/></highlight><highlight class="stringliteral">&apos;&lt;/ul&gt;&lt;/nav&gt;&apos;</highlight><highlight class="normal">;</highlight></codeline>
<codeline lineno="263"><highlight class="normal">}</highlight></codeline>
<codeline lineno="264"><highlight class="normal">?&gt;</highlight></codeline>
<codeline lineno="265"><highlight class="normal"></highlight></codeline>
<codeline lineno="266"><highlight class="normal"></highlight></codeline>
    </programlisting>
    <location file="C:/Users/cozma/Downloads/Weathersky-main (1)/Weathersky-main/Meteo6/WeatherSky/include/functions.inc.php"/>
  </compounddef>
</doxygen>
