<?xml version='1.0' encoding='UTF-8' standalone='no'?>
<doxygen xmlns:xsi="http://www.w3.org/2001/XMLSchema-instance" xsi:noNamespaceSchemaLocation="compound.xsd" version="1.13.2" xml:lang="fr">
  <compounddef id="header_8inc_8php" kind="file" language="PHP">
    <compoundname>header.inc.php</compoundname>
    <sectiondef kind="var">
      <memberdef kind="variable" id="header_8inc_8php_1adc652c9152546e8f179b3b4c9edb6541" prot="public" static="no" mutable="no">
        <type>const</type>
        <definition>const DEFAULT_THEME</definition>
        <argsstring></argsstring>
        <name>DEFAULT_THEME</name>
        <initializer>&apos;jour&apos;</initializer>
        <briefdescription>
        </briefdescription>
        <detaileddescription>
        </detaileddescription>
        <inbodydescription>
        </inbodydescription>
        <location file="C:/Users/cozma/Downloads/Weathersky-main (1)/Weathersky-main/Meteo6/WeatherSky/include/header.inc.php" line="6" column="1" bodyfile="C:/Users/cozma/Downloads/Weathersky-main (1)/Weathersky-main/Meteo6/WeatherSky/include/header.inc.php" bodystart="6" bodyend="-1"/>
      </memberdef>
    </sectiondef>
    <sectiondef kind="func">
      <memberdef kind="function" id="header_8inc_8php_1a2b4b26a72f19e4593eddfb63e3689c46" prot="public" static="no" const="no" explicit="no" inline="no" virt="non-virtual">
        <type></type>
        <definition>en_tete</definition>
        <argsstring>(string $title=&quot;WeatherSky&quot;, bool $close_head=true)</argsstring>
        <name>en_tete</name>
        <param>
          <type>string</type>
          <declname>$title</declname>
          <defval>&quot;WeatherSky&quot;</defval>
        </param>
        <param>
          <type>bool</type>
          <declname>$close_head</declname>
          <defval>true</defval>
        </param>
        <briefdescription>
        </briefdescription>
        <detaileddescription>
<para>Génère l&apos;en-tête HTML complet (avec balises &lt;html&gt;, &lt;head&gt;, et &lt;body&gt;). Intègre la feuille de style du thème sélectionné et la navigation principale.</para>
<para><parameterlist kind="param"><parameteritem>
<parameternamelist>
<parametertype>string</parametertype>
<parametername>$title</parametername>
</parameternamelist>
<parameterdescription>
<para>Titre de la page </para>
</parameterdescription>
</parameteritem>
<parameteritem>
<parameternamelist>
<parametertype>bool</parametertype>
<parametername>$close_head</parametername>
</parameternamelist>
<parameterdescription>
<para>Permet de fermer la balise &lt;head&gt; automatiquement (non utilisé ici mais prévu) </para>
</parameterdescription>
</parameteritem>
</parameterlist>
<simplesect kind="return"><para>string Code HTML de l&apos;en-tête </para>
</simplesect>
</para>
        </detaileddescription>
        <inbodydescription>
        </inbodydescription>
        <location file="C:/Users/cozma/Downloads/Weathersky-main (1)/Weathersky-main/Meteo6/WeatherSky/include/header.inc.php" line="20" column="10" bodyfile="C:/Users/cozma/Downloads/Weathersky-main (1)/Weathersky-main/Meteo6/WeatherSky/include/header.inc.php" bodystart="20" bodyend="56"/>
      </memberdef>
      <memberdef kind="function" id="header_8inc_8php_1a4715a7b52167080e33b6b70496168758" prot="public" static="no" const="no" explicit="no" inline="no" virt="non-virtual">
        <type></type>
        <definition>navigation</definition>
        <argsstring>()</argsstring>
        <name>navigation</name>
        <briefdescription>
        </briefdescription>
        <detaileddescription>
<para>Génère le menu de navigation avec mise en évidence de la page active.</para>
<para><simplesect kind="return"><para>string Code HTML du menu de navigation </para>
</simplesect>
</para>
        </detaileddescription>
        <inbodydescription>
        </inbodydescription>
        <location file="C:/Users/cozma/Downloads/Weathersky-main (1)/Weathersky-main/Meteo6/WeatherSky/include/header.inc.php" line="67" column="10" bodyfile="C:/Users/cozma/Downloads/Weathersky-main (1)/Weathersky-main/Meteo6/WeatherSky/include/header.inc.php" bodystart="67" bodyend="101"/>
      </memberdef>
      <memberdef kind="function" id="header_8inc_8php_1a861d0f459903f1dfd068b1c9e09f0030" prot="public" static="no" const="no" explicit="no" inline="no" virt="non-virtual">
        <type></type>
        <definition>getCurrentTheme</definition>
        <argsstring>()</argsstring>
        <name>getCurrentTheme</name>
        <briefdescription>
        </briefdescription>
        <detaileddescription>
<para>Récupère le thème choisi par l&apos;utilisateur (via paramètre GET ou cookie).</para>
<para><simplesect kind="return"><para>string &apos;jour&apos; ou &apos;nuit&apos; </para>
</simplesect>
</para>
        </detaileddescription>
        <inbodydescription>
        </inbodydescription>
        <location file="C:/Users/cozma/Downloads/Weathersky-main (1)/Weathersky-main/Meteo6/WeatherSky/include/header.inc.php" line="112" column="10" bodyfile="C:/Users/cozma/Downloads/Weathersky-main (1)/Weathersky-main/Meteo6/WeatherSky/include/header.inc.php" bodystart="112" bodyend="119"/>
      </memberdef>
      <memberdef kind="function" id="header_8inc_8php_1a1a9c641ae8a39113009425cbccaee5d5" prot="public" static="no" const="no" explicit="no" inline="no" virt="non-virtual">
        <type></type>
        <definition>getStyle</definition>
        <argsstring>()</argsstring>
        <name>getStyle</name>
        <briefdescription>
        </briefdescription>
        <detaileddescription>
<para>Retourne le chemin de la feuille de style correspondant au thème actuel, et définit un cookie pour conserver le choix pendant 30 jours.</para>
<para><simplesect kind="return"><para>string Chemin CSS </para>
</simplesect>
</para>
        </detaileddescription>
        <inbodydescription>
        </inbodydescription>
        <location file="C:/Users/cozma/Downloads/Weathersky-main (1)/Weathersky-main/Meteo6/WeatherSky/include/header.inc.php" line="131" column="10" bodyfile="C:/Users/cozma/Downloads/Weathersky-main (1)/Weathersky-main/Meteo6/WeatherSky/include/header.inc.php" bodystart="131" bodyend="141"/>
      </memberdef>
    </sectiondef>
    <briefdescription>
    </briefdescription>
    <detaileddescription>
    </detaileddescription>
    <programlisting>
<codeline lineno="1"><highlight class="normal">&lt;?php</highlight></codeline>
<codeline lineno="2"><highlight class="normal"></highlight><highlight class="comment">//<sp/>Activation<sp/>du<sp/>mode<sp/>strict<sp/>pour<sp/>une<sp/>meilleure<sp/>vérification<sp/>des<sp/>types</highlight><highlight class="normal"></highlight></codeline>
<codeline lineno="3"><highlight class="normal">declare(strict_types=1);</highlight></codeline>
<codeline lineno="4"><highlight class="normal"></highlight></codeline>
<codeline lineno="5"><highlight class="normal"></highlight><highlight class="comment">//<sp/>Définition<sp/>du<sp/>thème<sp/>par<sp/>défaut<sp/>(mode<sp/>jour)</highlight><highlight class="normal"></highlight></codeline>
<codeline lineno="6"><highlight class="normal">define(</highlight><highlight class="stringliteral">&apos;DEFAULT_THEME&apos;</highlight><highlight class="normal">,<sp/></highlight><highlight class="stringliteral">&apos;jour&apos;</highlight><highlight class="normal">);</highlight></codeline>
<codeline lineno="7"><highlight class="normal"></highlight></codeline>
<codeline lineno="8"><highlight class="normal"></highlight><highlight class="comment">//<sp/>=========================================</highlight><highlight class="normal"></highlight></codeline>
<codeline lineno="9"><highlight class="normal"></highlight><highlight class="comment">//<sp/>🔼<sp/>FONCTION<sp/>:<sp/>Génère<sp/>l&apos;en-tête<sp/>HTML</highlight><highlight class="normal"></highlight></codeline>
<codeline lineno="10"><highlight class="normal"></highlight><highlight class="comment">//<sp/>=========================================</highlight><highlight class="normal"></highlight></codeline>
<codeline lineno="11"><highlight class="normal"></highlight></codeline>
<codeline lineno="20"><highlight class="normal"></highlight><highlight class="keyword">function</highlight><highlight class="normal"><sp/><ref refid="header_8inc_8php_1a2b4b26a72f19e4593eddfb63e3689c46" kindref="member">en_tete</ref>(</highlight><highlight class="keywordtype">string</highlight><highlight class="normal"><sp/>$title<sp/>=<sp/></highlight><highlight class="stringliteral">&quot;WeatherSky&quot;</highlight><highlight class="normal">,<sp/></highlight><highlight class="keywordtype">bool</highlight><highlight class="normal"><sp/>$close_head<sp/>=<sp/></highlight><highlight class="keyword">true</highlight><highlight class="normal">):<sp/>string<sp/>{</highlight></codeline>
<codeline lineno="21"><highlight class="normal"><sp/><sp/><sp/><sp/>$style<sp/>=<sp/><ref refid="header_8inc_8php_1a1a9c641ae8a39113009425cbccaee5d5" kindref="member">getStyle</ref>();<sp/></highlight><highlight class="comment">//<sp/>Récupère<sp/>le<sp/>bon<sp/>style<sp/>en<sp/>fonction<sp/>du<sp/>thème<sp/>(jour/nuit)</highlight><highlight class="normal"></highlight></codeline>
<codeline lineno="22"><highlight class="normal"><sp/><sp/><sp/><sp/>error_log(</highlight><highlight class="stringliteral">&quot;Style<sp/>chargé<sp/>:<sp/>$style&quot;</highlight><highlight class="normal">);<sp/></highlight><highlight class="comment">//<sp/>Journalisation<sp/>(utile<sp/>pour<sp/>debug)</highlight><highlight class="normal"></highlight></codeline>
<codeline lineno="23"><highlight class="normal"></highlight></codeline>
<codeline lineno="24"><highlight class="normal"><sp/><sp/><sp/><sp/></highlight><highlight class="comment">//<sp/>Bloc<sp/>HTML<sp/>de<sp/>l&apos;en-tête</highlight><highlight class="normal"></highlight></codeline>
<codeline lineno="25"><highlight class="normal"><sp/><sp/><sp/><sp/>$html<sp/>=<sp/></highlight><highlight class="stringliteral">&quot;</highlight></codeline>
<codeline lineno="26"><highlight class="stringliteral"><sp/><sp/><sp/><sp/>&lt;!DOCTYPE<sp/>html&gt;</highlight></codeline>
<codeline lineno="27"><highlight class="stringliteral"><sp/><sp/><sp/><sp/>&lt;html<sp/>lang=\&quot;fr\&quot;&gt;</highlight></codeline>
<codeline lineno="28"><highlight class="stringliteral"><sp/><sp/><sp/><sp/>&lt;head&gt;</highlight></codeline>
<codeline lineno="29"><highlight class="stringliteral"><sp/><sp/><sp/><sp/><sp/><sp/><sp/><sp/>&lt;meta<sp/>charset=\&quot;UTF-8\&quot;<sp/>/&gt;</highlight></codeline>
<codeline lineno="30"><highlight class="stringliteral"><sp/><sp/><sp/><sp/><sp/><sp/><sp/><sp/>&lt;meta<sp/>name=\&quot;author\&quot;<sp/>content=\&quot;Cozma\&quot;<sp/>/&gt;</highlight></codeline>
<codeline lineno="31"><highlight class="stringliteral"><sp/><sp/><sp/><sp/><sp/><sp/><sp/><sp/>&lt;meta<sp/>name=\&quot;description\&quot;<sp/>content=\&quot;Projet<sp/>météo\&quot;<sp/>/&gt;</highlight></codeline>
<codeline lineno="32"><highlight class="stringliteral"><sp/><sp/><sp/><sp/><sp/><sp/><sp/><sp/>&lt;meta<sp/>name=\&quot;viewport\&quot;<sp/>content=\&quot;width=device-width,<sp/>initial-scale=1.0\&quot;<sp/>/&gt;</highlight></codeline>
<codeline lineno="33"><highlight class="stringliteral"><sp/><sp/><sp/><sp/><sp/><sp/><sp/><sp/>&lt;title&gt;$title&lt;/title&gt;</highlight></codeline>
<codeline lineno="34"><highlight class="stringliteral"><sp/><sp/><sp/><sp/><sp/><sp/><sp/><sp/>&lt;link<sp/>rel=\&quot;icon\&quot;<sp/>type=\&quot;image/png\&quot;<sp/>href=\&quot;logo/logo.png?v=&quot;</highlight><highlight class="normal"><sp/>.<sp/>time()<sp/>.<sp/></highlight><highlight class="stringliteral">&quot;\&quot;<sp/>/&gt;</highlight></codeline>
<codeline lineno="35"><highlight class="stringliteral"><sp/><sp/><sp/><sp/><sp/><sp/><sp/><sp/>&lt;link<sp/>id=\&quot;theme\&quot;<sp/>rel=\&quot;stylesheet\&quot;<sp/>href=\&quot;$style?v=&quot;</highlight><highlight class="normal"><sp/>.<sp/>time()<sp/>.<sp/></highlight><highlight class="stringliteral">&quot;\&quot;<sp/>/&gt;</highlight></codeline>
<codeline lineno="36"><highlight class="stringliteral"><sp/><sp/><sp/><sp/><sp/><sp/><sp/><sp/>&lt;link<sp/>href=\&quot;https://fonts.googleapis.com/css2?family=Material+Symbols+Outlined\&quot;<sp/>rel=\&quot;stylesheet\&quot;<sp/>/&gt;</highlight></codeline>
<codeline lineno="37"><highlight class="stringliteral"><sp/><sp/><sp/><sp/><sp/><sp/><sp/><sp/>&lt;style&gt;</highlight></codeline>
<codeline lineno="38"><highlight class="stringliteral"><sp/><sp/><sp/><sp/><sp/><sp/><sp/><sp/>.material-symbols-outlined<sp/>{</highlight></codeline>
<codeline lineno="39"><highlight class="stringliteral"><sp/><sp/><sp/><sp/><sp/><sp/><sp/><sp/><sp/><sp/><sp/><sp/>font-variation-settings:</highlight></codeline>
<codeline lineno="40"><highlight class="stringliteral"><sp/><sp/><sp/><sp/><sp/><sp/><sp/><sp/><sp/><sp/><sp/><sp/><sp/><sp/><sp/><sp/>&apos;FILL&apos;<sp/>1,</highlight></codeline>
<codeline lineno="41"><highlight class="stringliteral"><sp/><sp/><sp/><sp/><sp/><sp/><sp/><sp/><sp/><sp/><sp/><sp/><sp/><sp/><sp/><sp/>&apos;wght&apos;<sp/>400,</highlight></codeline>
<codeline lineno="42"><highlight class="stringliteral"><sp/><sp/><sp/><sp/><sp/><sp/><sp/><sp/><sp/><sp/><sp/><sp/><sp/><sp/><sp/><sp/>&apos;GRAD&apos;<sp/>0,</highlight></codeline>
<codeline lineno="43"><highlight class="stringliteral"><sp/><sp/><sp/><sp/><sp/><sp/><sp/><sp/><sp/><sp/><sp/><sp/><sp/><sp/><sp/><sp/>&apos;opsz&apos;<sp/>48;</highlight></codeline>
<codeline lineno="44"><highlight class="stringliteral"><sp/><sp/><sp/><sp/><sp/><sp/><sp/><sp/><sp/><sp/><sp/><sp/>vertical-align:<sp/>middle;</highlight></codeline>
<codeline lineno="45"><highlight class="stringliteral"><sp/><sp/><sp/><sp/><sp/><sp/><sp/><sp/><sp/><sp/><sp/><sp/>font-size:<sp/>1.5em;</highlight></codeline>
<codeline lineno="46"><highlight class="stringliteral"><sp/><sp/><sp/><sp/><sp/><sp/><sp/><sp/>}</highlight></codeline>
<codeline lineno="47"><highlight class="stringliteral"><sp/><sp/><sp/><sp/><sp/><sp/><sp/><sp/>&lt;/style&gt;</highlight></codeline>
<codeline lineno="48"><highlight class="stringliteral"><sp/><sp/><sp/><sp/>&lt;/head&gt;</highlight></codeline>
<codeline lineno="49"><highlight class="stringliteral"><sp/><sp/><sp/><sp/>&lt;body&gt;</highlight></codeline>
<codeline lineno="50"><highlight class="stringliteral"><sp/><sp/><sp/><sp/><sp/><sp/><sp/><sp/>&lt;header&gt;</highlight></codeline>
<codeline lineno="51"><highlight class="stringliteral"><sp/><sp/><sp/><sp/><sp/><sp/><sp/><sp/><sp/><sp/><sp/><sp/>&quot;</highlight><highlight class="normal"><sp/>.<sp/><ref refid="header_8inc_8php_1a4715a7b52167080e33b6b70496168758" kindref="member">navigation</ref>()<sp/>.<sp/></highlight><highlight class="stringliteral">&quot;</highlight></codeline>
<codeline lineno="52"><highlight class="stringliteral"><sp/><sp/><sp/><sp/><sp/><sp/><sp/><sp/>&lt;/header&gt;&quot;</highlight><highlight class="normal">;</highlight></codeline>
<codeline lineno="53"><highlight class="normal"></highlight></codeline>
<codeline lineno="54"><highlight class="normal"><sp/><sp/><sp/><sp/>error_log(</highlight><highlight class="stringliteral">&quot;En-tête<sp/>généré&quot;</highlight><highlight class="normal">);</highlight></codeline>
<codeline lineno="55"><highlight class="normal"><sp/><sp/><sp/><sp/></highlight><highlight class="keywordflow">return</highlight><highlight class="normal"><sp/>$html;</highlight></codeline>
<codeline lineno="56"><highlight class="normal">}</highlight></codeline>
<codeline lineno="57"><highlight class="normal"></highlight></codeline>
<codeline lineno="58"><highlight class="normal"></highlight><highlight class="comment">//<sp/>=========================================</highlight><highlight class="normal"></highlight></codeline>
<codeline lineno="59"><highlight class="normal"></highlight><highlight class="comment">//<sp/>🧭<sp/>FONCTION<sp/>:<sp/>Génère<sp/>la<sp/>barre<sp/>de<sp/>navigation</highlight><highlight class="normal"></highlight></codeline>
<codeline lineno="60"><highlight class="normal"></highlight><highlight class="comment">//<sp/>=========================================</highlight><highlight class="normal"></highlight></codeline>
<codeline lineno="61"><highlight class="normal"></highlight></codeline>
<codeline lineno="67"><highlight class="normal"></highlight><highlight class="keyword">function</highlight><highlight class="normal"><sp/><ref refid="header_8inc_8php_1a4715a7b52167080e33b6b70496168758" kindref="member">navigation</ref>():<sp/>string<sp/>{</highlight></codeline>
<codeline lineno="68"><highlight class="normal"><sp/><sp/><sp/><sp/>$theme<sp/>=<sp/><ref refid="header_8inc_8php_1a861d0f459903f1dfd068b1c9e09f0030" kindref="member">getCurrentTheme</ref>();<sp/></highlight><highlight class="comment">//<sp/>Récupère<sp/>le<sp/>thème<sp/>actuel<sp/>(jour<sp/>ou<sp/>nuit)</highlight><highlight class="normal"></highlight></codeline>
<codeline lineno="69"><highlight class="normal"><sp/><sp/><sp/><sp/>$themeTexte<sp/>=<sp/>($theme<sp/>===<sp/></highlight><highlight class="stringliteral">&apos;jour&apos;</highlight><highlight class="normal">)<sp/>?<sp/></highlight><highlight class="stringliteral">&apos;Mode<sp/>Nuit<sp/>🌙&apos;</highlight><highlight class="normal"><sp/>:<sp/></highlight><highlight class="stringliteral">&apos;Mode<sp/>Jour<sp/>☀️&apos;</highlight><highlight class="normal">;</highlight></codeline>
<codeline lineno="70"><highlight class="normal"><sp/><sp/><sp/><sp/>$themeLien<sp/>=<sp/>($theme<sp/>===<sp/></highlight><highlight class="stringliteral">&apos;jour&apos;</highlight><highlight class="normal">)<sp/>?<sp/></highlight><highlight class="stringliteral">&apos;nuit&apos;</highlight><highlight class="normal"><sp/>:<sp/></highlight><highlight class="stringliteral">&apos;jour&apos;</highlight><highlight class="normal">;</highlight></codeline>
<codeline lineno="71"><highlight class="normal"></highlight></codeline>
<codeline lineno="72"><highlight class="normal"><sp/><sp/><sp/><sp/>$currentPage<sp/>=<sp/>basename($_SERVER[</highlight><highlight class="stringliteral">&apos;PHP_SELF&apos;</highlight><highlight class="normal">]);<sp/></highlight><highlight class="comment">//<sp/>Nom<sp/>du<sp/>fichier<sp/>courant<sp/>(ex:<sp/>index.php)</highlight><highlight class="normal"></highlight></codeline>
<codeline lineno="73"><highlight class="normal"><sp/><sp/><sp/><sp/>error_log(</highlight><highlight class="stringliteral">&quot;Page<sp/>actuelle<sp/>:<sp/>$currentPage&quot;</highlight><highlight class="normal">);</highlight></codeline>
<codeline lineno="74"><highlight class="normal"></highlight></codeline>
<codeline lineno="75"><highlight class="normal"><sp/><sp/><sp/><sp/></highlight><highlight class="comment">//<sp/>Construction<sp/>du<sp/>menu<sp/>avec<sp/>la<sp/>classe<sp/>&quot;current-page&quot;<sp/>sur<sp/>l&apos;élément<sp/>actif</highlight><highlight class="normal"></highlight></codeline>
<codeline lineno="76"><highlight class="normal"><sp/><sp/><sp/><sp/>$s<sp/>=<sp/></highlight><highlight class="stringliteral">&apos;</highlight></codeline>
<codeline lineno="77"><highlight class="stringliteral"><sp/><sp/><sp/><sp/>&lt;nav<sp/>id=&quot;header-nav&quot;&gt;</highlight></codeline>
<codeline lineno="78"><highlight class="stringliteral"><sp/><sp/><sp/><sp/><sp/><sp/><sp/><sp/>&lt;a<sp/>href=&quot;index.php&quot;<sp/>class=&quot;logo-link&quot;&gt;</highlight></codeline>
<codeline lineno="79"><highlight class="stringliteral"><sp/><sp/><sp/><sp/><sp/><sp/><sp/><sp/><sp/><sp/><sp/><sp/>&lt;img<sp/>src=&quot;/logo/logo.png&quot;<sp/>alt=&quot;Logo<sp/>WeatherSky&quot;<sp/>class=&quot;site-logo&quot;<sp/>/&gt;</highlight></codeline>
<codeline lineno="80"><highlight class="stringliteral"><sp/><sp/><sp/><sp/><sp/><sp/><sp/><sp/>&lt;/a&gt;</highlight></codeline>
<codeline lineno="81"><highlight class="stringliteral"><sp/><sp/><sp/><sp/><sp/><sp/><sp/><sp/>&lt;ul<sp/>class=&quot;header-ul&quot;&gt;</highlight></codeline>
<codeline lineno="82"><highlight class="stringliteral"><sp/><sp/><sp/><sp/><sp/><sp/><sp/><sp/><sp/><sp/><sp/><sp/>&lt;li<sp/>class=&quot;header-li&apos;</highlight><highlight class="normal"><sp/>.<sp/>($currentPage<sp/>===<sp/></highlight><highlight class="stringliteral">&apos;index.php&apos;</highlight><highlight class="normal"><sp/>?<sp/></highlight><highlight class="stringliteral">&apos;<sp/>current-page&apos;</highlight><highlight class="normal"><sp/>:<sp/></highlight><highlight class="stringliteral">&apos;&apos;</highlight><highlight class="normal">)<sp/>.<sp/></highlight><highlight class="stringliteral">&apos;&quot;&gt;</highlight></codeline>
<codeline lineno="83"><highlight class="stringliteral"><sp/><sp/><sp/><sp/><sp/><sp/><sp/><sp/><sp/><sp/><sp/><sp/><sp/><sp/><sp/><sp/>&lt;a<sp/>href=&quot;index.php&quot;&gt;Accueil&lt;/a&gt;</highlight></codeline>
<codeline lineno="84"><highlight class="stringliteral"><sp/><sp/><sp/><sp/><sp/><sp/><sp/><sp/><sp/><sp/><sp/><sp/>&lt;/li&gt;</highlight></codeline>
<codeline lineno="85"><highlight class="stringliteral"><sp/><sp/><sp/><sp/><sp/><sp/><sp/><sp/><sp/><sp/><sp/><sp/>&lt;li<sp/>class=&quot;header-li&apos;</highlight><highlight class="normal"><sp/>.<sp/>($currentPage<sp/>===<sp/></highlight><highlight class="stringliteral">&apos;statistique.php&apos;</highlight><highlight class="normal"><sp/>?<sp/></highlight><highlight class="stringliteral">&apos;<sp/>current-page&apos;</highlight><highlight class="normal"><sp/>:<sp/></highlight><highlight class="stringliteral">&apos;&apos;</highlight><highlight class="normal">)<sp/>.<sp/></highlight><highlight class="stringliteral">&apos;&quot;&gt;</highlight></codeline>
<codeline lineno="86"><highlight class="stringliteral"><sp/><sp/><sp/><sp/><sp/><sp/><sp/><sp/><sp/><sp/><sp/><sp/><sp/><sp/><sp/><sp/>&lt;a<sp/>href=&quot;statistique.php&quot;&gt;Statistique&lt;/a&gt;</highlight></codeline>
<codeline lineno="87"><highlight class="stringliteral"><sp/><sp/><sp/><sp/><sp/><sp/><sp/><sp/><sp/><sp/><sp/><sp/>&lt;/li&gt;</highlight></codeline>
<codeline lineno="88"><highlight class="stringliteral"><sp/><sp/><sp/><sp/><sp/><sp/><sp/><sp/><sp/><sp/><sp/><sp/>&lt;li<sp/>class=&quot;header-li&apos;</highlight><highlight class="normal"><sp/>.<sp/>($currentPage<sp/>===<sp/></highlight><highlight class="stringliteral">&apos;map.php&apos;</highlight><highlight class="normal"><sp/>?<sp/></highlight><highlight class="stringliteral">&apos;<sp/>current-page&apos;</highlight><highlight class="normal"><sp/>:<sp/></highlight><highlight class="stringliteral">&apos;&apos;</highlight><highlight class="normal">)<sp/>.<sp/></highlight><highlight class="stringliteral">&apos;&quot;&gt;</highlight></codeline>
<codeline lineno="89"><highlight class="stringliteral"><sp/><sp/><sp/><sp/><sp/><sp/><sp/><sp/><sp/><sp/><sp/><sp/><sp/><sp/><sp/><sp/>&lt;a<sp/>href=&quot;map.php&quot;&gt;Carte&lt;/a&gt;</highlight></codeline>
<codeline lineno="90"><highlight class="stringliteral"><sp/><sp/><sp/><sp/><sp/><sp/><sp/><sp/><sp/><sp/><sp/><sp/>&lt;/li&gt;</highlight></codeline>
<codeline lineno="91"><highlight class="stringliteral"><sp/><sp/><sp/><sp/><sp/><sp/><sp/><sp/><sp/><sp/><sp/><sp/>&lt;li<sp/>class=&quot;header-li&apos;</highlight><highlight class="normal"><sp/>.<sp/>($currentPage<sp/>===<sp/></highlight><highlight class="stringliteral">&apos;meteo2.php&apos;</highlight><highlight class="normal"><sp/>?<sp/></highlight><highlight class="stringliteral">&apos;<sp/>current-page&apos;</highlight><highlight class="normal"><sp/>:<sp/></highlight><highlight class="stringliteral">&apos;&apos;</highlight><highlight class="normal">)<sp/>.<sp/></highlight><highlight class="stringliteral">&apos;&quot;&gt;</highlight></codeline>
<codeline lineno="92"><highlight class="stringliteral"><sp/><sp/><sp/><sp/><sp/><sp/><sp/><sp/><sp/><sp/><sp/><sp/><sp/><sp/><sp/><sp/>&lt;a<sp/>href=&quot;meteo2.php&quot;&gt;Météo<sp/>spécifique&lt;/a&gt;</highlight></codeline>
<codeline lineno="93"><highlight class="stringliteral"><sp/><sp/><sp/><sp/><sp/><sp/><sp/><sp/><sp/><sp/><sp/><sp/>&lt;/li&gt;</highlight></codeline>
<codeline lineno="94"><highlight class="stringliteral"><sp/><sp/><sp/><sp/><sp/><sp/><sp/><sp/><sp/><sp/><sp/><sp/>&lt;li<sp/>class=&quot;header-li&quot;&gt;</highlight></codeline>
<codeline lineno="95"><highlight class="stringliteral"><sp/><sp/><sp/><sp/><sp/><sp/><sp/><sp/><sp/><sp/><sp/><sp/><sp/><sp/><sp/><sp/>&lt;a<sp/>href=&quot;?theme=&apos;</highlight><highlight class="normal"><sp/>.<sp/>$themeLien<sp/>.<sp/></highlight><highlight class="stringliteral">&apos;&quot;&gt;&apos;</highlight><highlight class="normal"><sp/>.<sp/>$themeTexte<sp/>.<sp/></highlight><highlight class="stringliteral">&apos;&lt;/a&gt;</highlight></codeline>
<codeline lineno="96"><highlight class="stringliteral"><sp/><sp/><sp/><sp/><sp/><sp/><sp/><sp/><sp/><sp/><sp/><sp/>&lt;/li&gt;</highlight></codeline>
<codeline lineno="97"><highlight class="stringliteral"><sp/><sp/><sp/><sp/><sp/><sp/><sp/><sp/>&lt;/ul&gt;</highlight></codeline>
<codeline lineno="98"><highlight class="stringliteral"><sp/><sp/><sp/><sp/>&lt;/nav&gt;&apos;</highlight><highlight class="normal">;</highlight></codeline>
<codeline lineno="99"><highlight class="normal"></highlight></codeline>
<codeline lineno="100"><highlight class="normal"><sp/><sp/><sp/><sp/></highlight><highlight class="keywordflow">return</highlight><highlight class="normal"><sp/>$s;</highlight></codeline>
<codeline lineno="101"><highlight class="normal">}</highlight></codeline>
<codeline lineno="102"><highlight class="normal"></highlight></codeline>
<codeline lineno="103"><highlight class="normal"></highlight><highlight class="comment">//<sp/>=========================================</highlight><highlight class="normal"></highlight></codeline>
<codeline lineno="104"><highlight class="normal"></highlight><highlight class="comment">//<sp/>🎨<sp/>FONCTION<sp/>:<sp/>Détermine<sp/>le<sp/>thème<sp/>actuel</highlight><highlight class="normal"></highlight></codeline>
<codeline lineno="105"><highlight class="normal"></highlight><highlight class="comment">//<sp/>=========================================</highlight><highlight class="normal"></highlight></codeline>
<codeline lineno="106"><highlight class="normal"></highlight></codeline>
<codeline lineno="112"><highlight class="normal"></highlight><highlight class="keyword">function</highlight><highlight class="normal"><sp/><ref refid="header_8inc_8php_1a861d0f459903f1dfd068b1c9e09f0030" kindref="member">getCurrentTheme</ref>():<sp/>string<sp/>{</highlight></codeline>
<codeline lineno="113"><highlight class="normal"><sp/><sp/><sp/><sp/></highlight><highlight class="comment">//<sp/>Priorité<sp/>au<sp/>paramètre<sp/>GET,<sp/>sinon<sp/>cookie,<sp/>sinon<sp/>thème<sp/>par<sp/>défaut</highlight><highlight class="normal"></highlight></codeline>
<codeline lineno="114"><highlight class="normal"><sp/><sp/><sp/><sp/>$theme<sp/>=<sp/>$_GET[</highlight><highlight class="stringliteral">&apos;theme&apos;</highlight><highlight class="normal">]<sp/>??<sp/>$_COOKIE[</highlight><highlight class="stringliteral">&apos;theme&apos;</highlight><highlight class="normal">]<sp/>??<sp/><ref refid="header_8inc_8php_1adc652c9152546e8f179b3b4c9edb6541" kindref="member">DEFAULT_THEME</ref>;</highlight></codeline>
<codeline lineno="115"><highlight class="normal"><sp/><sp/><sp/><sp/>error_log(</highlight><highlight class="stringliteral">&quot;Thème<sp/>sélectionné<sp/>:<sp/>$theme&quot;</highlight><highlight class="normal">);</highlight></codeline>
<codeline lineno="116"><highlight class="normal"></highlight></codeline>
<codeline lineno="117"><highlight class="normal"><sp/><sp/><sp/><sp/></highlight><highlight class="comment">//<sp/>Vérifie<sp/>que<sp/>le<sp/>thème<sp/>est<sp/>bien<sp/>valide</highlight><highlight class="normal"></highlight></codeline>
<codeline lineno="118"><highlight class="normal"><sp/><sp/><sp/><sp/></highlight><highlight class="keywordflow">return</highlight><highlight class="normal"><sp/>in_array($theme,<sp/>[</highlight><highlight class="stringliteral">&apos;jour&apos;</highlight><highlight class="normal">,<sp/></highlight><highlight class="stringliteral">&apos;nuit&apos;</highlight><highlight class="normal">])<sp/>?<sp/>$theme<sp/>:<sp/><ref refid="header_8inc_8php_1adc652c9152546e8f179b3b4c9edb6541" kindref="member">DEFAULT_THEME</ref>;</highlight></codeline>
<codeline lineno="119"><highlight class="normal">}</highlight></codeline>
<codeline lineno="120"><highlight class="normal"></highlight></codeline>
<codeline lineno="121"><highlight class="normal"></highlight><highlight class="comment">//<sp/>=========================================</highlight><highlight class="normal"></highlight></codeline>
<codeline lineno="122"><highlight class="normal"></highlight><highlight class="comment">//<sp/>🧾<sp/>FONCTION<sp/>:<sp/>Sélectionne<sp/>la<sp/>feuille<sp/>de<sp/>style<sp/>du<sp/>thème</highlight><highlight class="normal"></highlight></codeline>
<codeline lineno="123"><highlight class="normal"></highlight><highlight class="comment">//<sp/>=========================================</highlight><highlight class="normal"></highlight></codeline>
<codeline lineno="124"><highlight class="normal"></highlight></codeline>
<codeline lineno="131"><highlight class="normal"></highlight><highlight class="keyword">function</highlight><highlight class="normal"><sp/><ref refid="header_8inc_8php_1a1a9c641ae8a39113009425cbccaee5d5" kindref="member">getStyle</ref>():<sp/>string<sp/>{</highlight></codeline>
<codeline lineno="132"><highlight class="normal"><sp/><sp/><sp/><sp/>$theme<sp/>=<sp/><ref refid="header_8inc_8php_1a861d0f459903f1dfd068b1c9e09f0030" kindref="member">getCurrentTheme</ref>();</highlight></codeline>
<codeline lineno="133"><highlight class="normal"><sp/><sp/><sp/><sp/></highlight><highlight class="comment">//<sp/>Définit<sp/>le<sp/>cookie<sp/>&quot;theme&quot;<sp/>pour<sp/>une<sp/>durée<sp/>de<sp/>30<sp/>jours</highlight><highlight class="normal"></highlight></codeline>
<codeline lineno="134"><highlight class="normal"><sp/><sp/><sp/><sp/>setcookie(</highlight><highlight class="stringliteral">&apos;theme&apos;</highlight><highlight class="normal">,<sp/>$theme,<sp/>time()<sp/>+<sp/>30<sp/>*<sp/>24<sp/>*<sp/>3600,<sp/></highlight><highlight class="charliteral">&apos;/&apos;</highlight><highlight class="normal">);</highlight></codeline>
<codeline lineno="135"><highlight class="normal"></highlight></codeline>
<codeline lineno="136"><highlight class="normal"><sp/><sp/><sp/><sp/></highlight><highlight class="comment">//<sp/>Sélection<sp/>du<sp/>fichier<sp/>CSS<sp/>selon<sp/>le<sp/>thème</highlight><highlight class="normal"></highlight></codeline>
<codeline lineno="137"><highlight class="normal"><sp/><sp/><sp/><sp/>$style<sp/>=<sp/>($theme<sp/>===<sp/></highlight><highlight class="stringliteral">&apos;nuit&apos;</highlight><highlight class="normal">)<sp/>?<sp/></highlight><highlight class="stringliteral">&quot;css/dark-style.css&quot;</highlight><highlight class="normal"><sp/>:<sp/></highlight><highlight class="stringliteral">&quot;css/style.css&quot;</highlight><highlight class="normal">;</highlight></codeline>
<codeline lineno="138"><highlight class="normal"><sp/><sp/><sp/><sp/>error_log(</highlight><highlight class="stringliteral">&quot;Style<sp/>sélectionné<sp/>:<sp/>$style&quot;</highlight><highlight class="normal">);</highlight></codeline>
<codeline lineno="139"><highlight class="normal"></highlight></codeline>
<codeline lineno="140"><highlight class="normal"><sp/><sp/><sp/><sp/></highlight><highlight class="keywordflow">return</highlight><highlight class="normal"><sp/>$style;</highlight></codeline>
<codeline lineno="141"><highlight class="normal">}</highlight></codeline>
<codeline lineno="142"><highlight class="normal">?&gt;</highlight></codeline>
    </programlisting>
    <location file="C:/Users/cozma/Downloads/Weathersky-main (1)/Weathersky-main/Meteo6/WeatherSky/include/header.inc.php"/>
  </compounddef>
</doxygen>
