<?xml version='1.0' encoding='UTF-8' standalone='no'?>
<doxygen xmlns:xsi="http://www.w3.org/2001/XMLSchema-instance" xsi:noNamespaceSchemaLocation="compound.xsd" version="1.13.2" xml:lang="fr">
  <compounddef id="include_2meteo_8php" kind="file" language="PHP">
    <compoundname>meteo.php</compoundname>
    <sectiondef kind="func">
      <memberdef kind="function" id="include_2meteo_8php_1ad669fbddb3fc84c0d6a581eac7aa2786" prot="public" static="no" const="no" explicit="no" inline="no" virt="non-virtual">
        <type></type>
        <definition>getMeteoData</definition>
        <argsstring>(float $lat, float $lon)</argsstring>
        <name>getMeteoData</name>
        <param>
          <type>float</type>
          <declname>$lat</declname>
        </param>
        <param>
          <type>float</type>
          <declname>$lon</declname>
        </param>
        <briefdescription>
        </briefdescription>
        <detaileddescription>
<para>Récupère les prévisions météo sur 5 jours avec toutes les informations utiles depuis Open-Meteo pour une latitude et une longitude données.</para>
<para><parameterlist kind="param"><parameteritem>
<parameternamelist>
<parametertype>float</parametertype>
<parametername>$lat</parametername>
</parameternamelist>
<parameterdescription>
<para>Latitude de la ville </para>
</parameterdescription>
</parameteritem>
<parameteritem>
<parameternamelist>
<parametertype>float</parametertype>
<parametername>$lon</parametername>
</parameternamelist>
<parameterdescription>
<para>Longitude de la ville </para>
</parameterdescription>
</parameteritem>
</parameterlist>
<simplesect kind="return"><para>array Données météo décodées (tableau associatif) </para>
</simplesect>
</para>
        </detaileddescription>
        <inbodydescription>
        </inbodydescription>
        <location file="C:/Users/cozma/Downloads/Weathersky-main (1)/Weathersky-main/Meteo6/WeatherSky/include/meteo.php" line="10" column="10" bodyfile="C:/Users/cozma/Downloads/Weathersky-main (1)/Weathersky-main/Meteo6/WeatherSky/include/meteo.php" bodystart="10" bodyend="23"/>
      </memberdef>
      <memberdef kind="function" id="include_2meteo_8php_1a0caee192590ffb79d29929791688bc05" prot="public" static="no" const="no" explicit="no" inline="no" virt="non-virtual">
        <type></type>
        <definition>getWeatherIcon</definition>
        <argsstring>(int $code)</argsstring>
        <name>getWeatherIcon</name>
        <param>
          <type>int</type>
          <declname>$code</declname>
        </param>
        <briefdescription>
        </briefdescription>
        <detaileddescription>
<para>Retourne le nom du fichier icône correspondant au code météo Open-Meteo</para>
<para><parameterlist kind="param"><parameteritem>
<parameternamelist>
<parametertype>int</parametertype>
<parametername>$code</parametername>
</parameternamelist>
<parameterdescription>
<para>Code météo (weathercode) </para>
</parameterdescription>
</parameteritem>
</parameterlist>
<simplesect kind="return"><para>string Chemin vers l’image </para>
</simplesect>
</para>
        </detaileddescription>
        <inbodydescription>
        </inbodydescription>
        <location file="C:/Users/cozma/Downloads/Weathersky-main (1)/Weathersky-main/Meteo6/WeatherSky/include/meteo.php" line="31" column="10" bodyfile="C:/Users/cozma/Downloads/Weathersky-main (1)/Weathersky-main/Meteo6/WeatherSky/include/meteo.php" bodystart="31" bodyend="44"/>
      </memberdef>
    </sectiondef>
    <briefdescription>
    </briefdescription>
    <detaileddescription>
    </detaileddescription>
    <programlisting>
<codeline lineno="1"><highlight class="normal">&lt;?php</highlight></codeline>
<codeline lineno="10"><highlight class="normal"></highlight><highlight class="keyword">function</highlight><highlight class="normal"><sp/><ref refid="include_2meteo_8php_1ad669fbddb3fc84c0d6a581eac7aa2786" kindref="member">getMeteoData</ref>(</highlight><highlight class="keywordtype">float</highlight><highlight class="normal"><sp/><ref refid="map_8php_1af498b42b83afed4dfe0af05fd802776c" kindref="member">$lat</ref>,<sp/></highlight><highlight class="keywordtype">float</highlight><highlight class="normal"><sp/><ref refid="map_8php_1a03836509761c0935d0c55370b184ccd6" kindref="member">$lon</ref>):<sp/>array<sp/>{</highlight></codeline>
<codeline lineno="11"><highlight class="normal"><sp/><sp/><sp/><sp/><ref refid="statistique_8php_1acf215f34a917d014776ce684a9ee8909" kindref="member">$url</ref><sp/>=<sp/></highlight><highlight class="stringliteral">&quot;https://api.open-meteo.com/v1/forecast?&quot;</highlight><highlight class="normal"></highlight></codeline>
<codeline lineno="12"><highlight class="normal"><sp/><sp/><sp/><sp/><sp/><sp/><sp/><sp/>.<sp/></highlight><highlight class="stringliteral">&quot;latitude=$lat&amp;longitude=$lon&quot;</highlight><highlight class="normal"></highlight></codeline>
<codeline lineno="13"><highlight class="normal"><sp/><sp/><sp/><sp/><sp/><sp/><sp/><sp/>.<sp/></highlight><highlight class="stringliteral">&quot;&amp;daily=temperature_2m_min,temperature_2m_max,&quot;</highlight><highlight class="normal"></highlight></codeline>
<codeline lineno="14"><highlight class="normal"><sp/><sp/><sp/><sp/><sp/><sp/><sp/><sp/>.<sp/></highlight><highlight class="stringliteral">&quot;apparent_temperature_min,apparent_temperature_max,&quot;</highlight><highlight class="normal"></highlight></codeline>
<codeline lineno="15"><highlight class="normal"><sp/><sp/><sp/><sp/><sp/><sp/><sp/><sp/>.<sp/></highlight><highlight class="stringliteral">&quot;precipitation_sum,rain_sum,snowfall_sum,precipitation_hours,&quot;</highlight><highlight class="normal"></highlight></codeline>
<codeline lineno="16"><highlight class="normal"><sp/><sp/><sp/><sp/><sp/><sp/><sp/><sp/>.<sp/></highlight><highlight class="stringliteral">&quot;windspeed_10m_max,winddirection_10m_dominant,&quot;</highlight><highlight class="normal"></highlight></codeline>
<codeline lineno="17"><highlight class="normal"><sp/><sp/><sp/><sp/><sp/><sp/><sp/><sp/>.<sp/></highlight><highlight class="stringliteral">&quot;sunrise,sunset,uv_index_max,weathercode&quot;</highlight><highlight class="normal"></highlight></codeline>
<codeline lineno="18"><highlight class="normal"><sp/><sp/><sp/><sp/><sp/><sp/><sp/><sp/>.<sp/></highlight><highlight class="stringliteral">&quot;&amp;current_weather=true&quot;</highlight><highlight class="normal"></highlight></codeline>
<codeline lineno="19"><highlight class="normal"><sp/><sp/><sp/><sp/><sp/><sp/><sp/><sp/>.<sp/></highlight><highlight class="stringliteral">&quot;&amp;timezone=Europe%2FParis&quot;</highlight><highlight class="normal">;</highlight></codeline>
<codeline lineno="20"><highlight class="normal"></highlight></codeline>
<codeline lineno="21"><highlight class="normal"><sp/><sp/><sp/><sp/>$json<sp/>=<sp/>file_get_contents(<ref refid="statistique_8php_1acf215f34a917d014776ce684a9ee8909" kindref="member">$url</ref>);</highlight></codeline>
<codeline lineno="22"><highlight class="normal"><sp/><sp/><sp/><sp/></highlight><highlight class="keywordflow">return</highlight><highlight class="normal"><sp/>json_decode($json,<sp/></highlight><highlight class="keyword">true</highlight><highlight class="normal">);</highlight></codeline>
<codeline lineno="23"><highlight class="normal">}</highlight></codeline>
<codeline lineno="24"><highlight class="normal"></highlight></codeline>
<codeline lineno="31"><highlight class="normal"></highlight><highlight class="keyword">function</highlight><highlight class="normal"><sp/><ref refid="include_2meteo_8php_1a0caee192590ffb79d29929791688bc05" kindref="member">getWeatherIcon</ref>(</highlight><highlight class="keywordtype">int</highlight><highlight class="normal"><sp/>$code):<sp/>string<sp/>{</highlight></codeline>
<codeline lineno="32"><highlight class="normal"><sp/><sp/><sp/><sp/><ref refid="meteo2_8php_1ae316b0935e2be607945825b6b8a2a263" kindref="member">$icons</ref><sp/>=<sp/>[</highlight></codeline>
<codeline lineno="33"><highlight class="normal"><sp/><sp/><sp/><sp/><sp/><sp/><sp/><sp/>0<sp/>=&gt;<sp/></highlight><highlight class="stringliteral">&quot;0-clear.png&quot;</highlight><highlight class="normal">,</highlight></codeline>
<codeline lineno="34"><highlight class="normal"><sp/><sp/><sp/><sp/><sp/><sp/><sp/><sp/>1<sp/>=&gt;<sp/></highlight><highlight class="stringliteral">&quot;1-mainly_clear.png&quot;</highlight><highlight class="normal">,</highlight></codeline>
<codeline lineno="35"><highlight class="normal"><sp/><sp/><sp/><sp/><sp/><sp/><sp/><sp/>2<sp/>=&gt;<sp/></highlight><highlight class="stringliteral">&quot;2-partly_cloudy.png&quot;</highlight><highlight class="normal">,</highlight></codeline>
<codeline lineno="36"><highlight class="normal"><sp/><sp/><sp/><sp/><sp/><sp/><sp/><sp/>3<sp/>=&gt;<sp/></highlight><highlight class="stringliteral">&quot;3-overcast.png&quot;</highlight><highlight class="normal">,</highlight></codeline>
<codeline lineno="37"><highlight class="normal"><sp/><sp/><sp/><sp/><sp/><sp/><sp/><sp/>45<sp/>=&gt;<sp/></highlight><highlight class="stringliteral">&quot;45-fog.png&quot;</highlight><highlight class="normal">,</highlight></codeline>
<codeline lineno="38"><highlight class="normal"><sp/><sp/><sp/><sp/><sp/><sp/><sp/><sp/>51<sp/>=&gt;<sp/></highlight><highlight class="stringliteral">&quot;51-drizzle.png&quot;</highlight><highlight class="normal">,</highlight></codeline>
<codeline lineno="39"><highlight class="normal"><sp/><sp/><sp/><sp/><sp/><sp/><sp/><sp/>61<sp/>=&gt;<sp/></highlight><highlight class="stringliteral">&quot;61-rain.png&quot;</highlight><highlight class="normal">,</highlight></codeline>
<codeline lineno="40"><highlight class="normal"><sp/><sp/><sp/><sp/><sp/><sp/><sp/><sp/>71<sp/>=&gt;<sp/></highlight><highlight class="stringliteral">&quot;71-snow.png&quot;</highlight><highlight class="normal">,</highlight></codeline>
<codeline lineno="41"><highlight class="normal"><sp/><sp/><sp/><sp/><sp/><sp/><sp/><sp/>95<sp/>=&gt;<sp/></highlight><highlight class="stringliteral">&quot;95-thunderstorm.png&quot;</highlight><highlight class="normal"></highlight></codeline>
<codeline lineno="42"><highlight class="normal"><sp/><sp/><sp/><sp/>];</highlight></codeline>
<codeline lineno="43"><highlight class="normal"><sp/><sp/><sp/><sp/></highlight><highlight class="keywordflow">return</highlight><highlight class="normal"><sp/></highlight><highlight class="stringliteral">&quot;images/weather/&quot;</highlight><highlight class="normal"><sp/>.<sp/>(<ref refid="meteo2_8php_1ae316b0935e2be607945825b6b8a2a263" kindref="member">$icons</ref>[$code]<sp/>??<sp/></highlight><highlight class="stringliteral">&quot;unknown.png&quot;</highlight><highlight class="normal">);</highlight></codeline>
<codeline lineno="44"><highlight class="normal">}</highlight></codeline>
<codeline lineno="45"><highlight class="normal"></highlight></codeline>
<codeline lineno="46"><highlight class="normal"></highlight></codeline>
<codeline lineno="47"><highlight class="normal">?&gt;</highlight></codeline>
    </programlisting>
    <location file="C:/Users/cozma/Downloads/Weathersky-main (1)/Weathersky-main/Meteo6/WeatherSky/include/meteo.php"/>
  </compounddef>
</doxygen>
