<?xml version='1.0' encoding='UTF-8' standalone='no'?>
<doxygenindex xmlns:xsi="http://www.w3.org/2001/XMLSchema-instance" xsi:noNamespaceSchemaLocation="index.xsd" version="1.13.2" xml:lang="fr">
  <compound refid="namespace_weather_sky" kind="namespace"><name>WeatherSky</name>
  </compound>
  <compound refid="footer_8inc_8php" kind="file"><name>footer.inc.php</name>
  </compound>
  <compound refid="functions_8inc_8php" kind="file"><name>functions.inc.php</name>
    <member refid="functions_8inc_8php_1abc768c7ebd877feafa39b54e7e4afea5" kind="function"><name>getTodayDate</name></member>
    <member refid="functions_8inc_8php_1ac600e0b8713b377b0c2fbda359fddef5" kind="function"><name>getAPODImage</name></member>
    <member refid="functions_8inc_8php_1a68f36a2f7bd8a155f1ebe8e7e1be3f9f" kind="function"><name>getUserIP</name></member>
    <member refid="functions_8inc_8php_1ab42ade2acca49f23914f2fc5eb2be7af" kind="function"><name>getVisitorLocationXML</name></member>
    <member refid="functions_8inc_8php_1ad9e09d58e7a54f5b7fe1bc103958a4db" kind="function"><name>getVisitorLocationJSON</name></member>
    <member refid="functions_8inc_8php_1aa2618b0a149e599ca73ea51e3d9be82b" kind="function"><name>getVisitorLocationWIP</name></member>
    <member refid="functions_8inc_8php_1aeac99c1fbeddea0408331fd576161c8d" kind="function"><name>getBestVisitorLocation</name></member>
    <member refid="functions_8inc_8php_1a906e10a9d5815649a5e5b99d42ce4cc8" kind="function"><name>lireCSV</name></member>
    <member refid="functions_8inc_8php_1a626b8b322d807d72924fb108e61c13f1" kind="function"><name>relierCSV</name></member>
    <member refid="functions_8inc_8php_1a80b64f17684c840db6c59f880149994e" kind="function"><name>getRegionFromVille</name></member>
    <member refid="functions_8inc_8php_1a72345c1d08ed22bfadd7b93ce224bbd3" kind="function"><name>getPrefectureParDepartement</name></member>
    <member refid="functions_8inc_8php_1a2377409245fbd50300677298b19e91e8" kind="function"><name>afficherMenu</name></member>
  </compound>
  <compound refid="header_8inc_8php" kind="file"><name>header.inc.php</name>
    <member refid="header_8inc_8php_1adc652c9152546e8f179b3b4c9edb6541" kind="variable"><name>DEFAULT_THEME</name></member>
    <member refid="header_8inc_8php_1a2b4b26a72f19e4593eddfb63e3689c46" kind="function"><name>en_tete</name></member>
    <member refid="header_8inc_8php_1a4715a7b52167080e33b6b70496168758" kind="function"><name>navigation</name></member>
    <member refid="header_8inc_8php_1a861d0f459903f1dfd068b1c9e09f0030" kind="function"><name>getCurrentTheme</name></member>
    <member refid="header_8inc_8php_1a1a9c641ae8a39113009425cbccaee5d5" kind="function"><name>getStyle</name></member>
  </compound>
  <compound refid="include_2meteo_8php" kind="file"><name>meteo.php</name>
    <member refid="include_2meteo_8php_1ad669fbddb3fc84c0d6a581eac7aa2786" kind="function"><name>getMeteoData</name></member>
    <member refid="include_2meteo_8php_1a0caee192590ffb79d29929791688bc05" kind="function"><name>getWeatherIcon</name></member>
  </compound>
  <compound refid="meteo_8php" kind="file"><name>meteo.php</name>
    <member refid="meteo_8php_1abc768c7ebd877feafa39b54e7e4afea5" kind="function"><name>getTodayDate</name></member>
    <member refid="meteo_8php_1ac600e0b8713b377b0c2fbda359fddef5" kind="function"><name>getAPODImage</name></member>
    <member refid="meteo_8php_1ab42ade2acca49f23914f2fc5eb2be7af" kind="function"><name>getVisitorLocationXML</name></member>
    <member refid="meteo_8php_1a68f36a2f7bd8a155f1ebe8e7e1be3f9f" kind="function"><name>getUserIP</name></member>
    <member refid="meteo_8php_1ad9e09d58e7a54f5b7fe1bc103958a4db" kind="function"><name>getVisitorLocationJSON</name></member>
    <member refid="meteo_8php_1aa2618b0a149e599ca73ea51e3d9be82b" kind="function"><name>getVisitorLocationWIP</name></member>
    <member refid="meteo_8php_1aeac99c1fbeddea0408331fd576161c8d" kind="function"><name>getBestVisitorLocation</name></member>
    <member refid="meteo_8php_1ac501bca6ffc440a6a47a335814825ffe" kind="function"><name>getVisitorLocationFromWhatIsMyIP</name></member>
    <member refid="meteo_8php_1a906e10a9d5815649a5e5b99d42ce4cc8" kind="function"><name>lireCSV</name></member>
    <member refid="meteo_8php_1a276df129422008459f12ef9bb3400c17" kind="function"><name>getRegionFromVille</name></member>
  </compound>
  <compound refid="index_8php" kind="file"><name>index.php</name>
    <member refid="index_8php_1a9a08c84edd46f257c94cdf8d443cc77d" kind="variable"><name>$ip</name></member>
    <member refid="index_8php_1a6efc15b5a2314dd4b5aaa556a375c6d6" kind="variable"><name>$data</name></member>
    <member refid="index_8php_1acc3746cfaca53a8d6942c6252b17d14f" kind="variable"><name>$ville</name></member>
    <member refid="index_8php_1af42f579a985cbbdef231a0d0232ca727" kind="variable"><name>$pays</name></member>
    <member refid="index_8php_1aa1bfbd27060176201b271918dff57e8f" kind="variable"><name>$file</name></member>
    <member refid="index_8php_1a105a33adbe4d32a77787049d18c72870" kind="variable"><name>$visites</name></member>
    <member refid="index_8php_1ad1f4d7653f28aec8c362f6378711854f" kind="variable"><name>$visites</name></member>
    <member refid="index_8php_1a0a4a9ea17f3dea7d32f111630540eb0e" kind="variable"><name>if</name></member>
    <member refid="index_8php_1a873c73a0de31a255f26ba5835afd83bf" kind="variable"><name>$photosDir</name></member>
    <member refid="index_8php_1ab0c7013419fc5ee6238d17eff2554afe" kind="variable"><name>$images</name></member>
    <member refid="index_8php_1a9f3249869500095c2ddf4c4b05b00b58" kind="variable"><name>$randomImage</name></member>
    <member refid="index_8php_1a8c03dc982b20dd551a4b6ea48c78b1be" kind="variable"><name>endif</name></member>
  </compound>
  <compound refid="map_8php" kind="file"><name>map.php</name>
    <member refid="map_8php_1afdefc0303846ad7cedbfd9acb7184a7a" kind="variable"><name>$villes</name></member>
    <member refid="map_8php_1adad9b2799c69f4c9deb75ea73c6b12c8" kind="variable"><name>$departements</name></member>
    <member refid="map_8php_1a270fcd32e1040253108d7d58d43c6dcf" kind="variable"><name>$regions</name></member>
    <member refid="map_8php_1acc3746cfaca53a8d6942c6252b17d14f" kind="variable"><name>$ville</name></member>
    <member refid="map_8php_1af498b42b83afed4dfe0af05fd802776c" kind="variable"><name>$lat</name></member>
    <member refid="map_8php_1a03836509761c0935d0c55370b184ccd6" kind="variable"><name>$lon</name></member>
    <member refid="map_8php_1a460a5a14b74dba77bd113685316a915c" kind="variable"><name>else</name></member>
    <member refid="map_8php_1a8e0b4669db3780ee9a03b34083febc7a" kind="variable"><name>$region</name></member>
    <member refid="map_8php_1aaa54254dfaa7723b609ce4ea91656c35" kind="variable"><name>$style_css</name></member>
  </compound>
  <compound refid="meteo2_8php" kind="file"><name>meteo2.php</name>
    <member refid="meteo2_8php_1afdefc0303846ad7cedbfd9acb7184a7a" kind="variable"><name>$villes</name></member>
    <member refid="meteo2_8php_1adad9b2799c69f4c9deb75ea73c6b12c8" kind="variable"><name>$departements</name></member>
    <member refid="meteo2_8php_1a270fcd32e1040253108d7d58d43c6dcf" kind="variable"><name>$regions</name></member>
    <member refid="meteo2_8php_1acc3746cfaca53a8d6942c6252b17d14f" kind="variable"><name>$ville</name></member>
    <member refid="meteo2_8php_1af498b42b83afed4dfe0af05fd802776c" kind="variable"><name>$lat</name></member>
    <member refid="meteo2_8php_1a03836509761c0935d0c55370b184ccd6" kind="variable"><name>$lon</name></member>
    <member refid="meteo2_8php_1a8e0b4669db3780ee9a03b34083febc7a" kind="variable"><name>$region</name></member>
    <member refid="meteo2_8php_1aaa54254dfaa7723b609ce4ea91656c35" kind="variable"><name>$style_css</name></member>
    <member refid="meteo2_8php_1ae7e61ebdd41a462b560817bf2f2520da" kind="variable"><name>endif</name></member>
    <member refid="meteo2_8php_1a05abc005f5307a3e17a8dd9ede5adec9" kind="variable"><name>$jours</name></member>
    <member refid="meteo2_8php_1a51f4f647011ea0ee9d3833e6d4140d0b" kind="variable"><name>$tmin</name></member>
    <member refid="meteo2_8php_1af24f5a79cb9e0460d0274fe53d992356" kind="variable"><name>$tmax</name></member>
    <member refid="meteo2_8php_1aff5fb03d3def00e15b03f491ee9d2399" kind="variable"><name>$ressMin</name></member>
    <member refid="meteo2_8php_1ac43c0e250fe6dcd96ed69c2cd9167660" kind="variable"><name>$ressMax</name></member>
    <member refid="meteo2_8php_1a21c8ceaf522c6452f2ff4d34cb5b0c48" kind="variable"><name>$pluie</name></member>
    <member refid="meteo2_8php_1a090870efc7a3474eb636a0bcdf2fbead" kind="variable"><name>$neige</name></member>
    <member refid="meteo2_8php_1afe1576bff51783ecf7f91a7f03647c34" kind="variable"><name>$pluieH</name></member>
    <member refid="meteo2_8php_1ad6b6a0540d5441fc64332c79f43069c1" kind="variable"><name>$vent</name></member>
    <member refid="meteo2_8php_1a28069b3f40c8a295960662376dbe668c" kind="variable"><name>$dirVent</name></member>
    <member refid="meteo2_8php_1aa14277438c2c2290064e04d3d6dfd8c2" kind="variable"><name>$sunrise</name></member>
    <member refid="meteo2_8php_1ac3e15e8bd53a470b59cc400b317bf4df" kind="variable"><name>$sunset</name></member>
    <member refid="meteo2_8php_1a6002e8c8e44c609c5087ce9b1c5867de" kind="variable"><name>$uv</name></member>
    <member refid="meteo2_8php_1a9c00775819d0afa88b08835054ef9eb4" kind="variable"><name>$codes</name></member>
    <member refid="meteo2_8php_1ae316b0935e2be607945825b6b8a2a263" kind="variable"><name>$icons</name></member>
    <member refid="meteo2_8php_1a5cf342132ee58549e81c7a2caea708c0" kind="variable"><name>endfor</name></member>
    <member refid="meteo2_8php_1a8e01dcc96c43199448ee66f7c2ae8ea6" kind="variable"><name>__pad0__</name></member>
  </compound>
  <compound refid="sitemap_8php" kind="file"><name>sitemap.php</name>
  </compound>
  <compound refid="stat_8php" kind="file"><name>stat.php</name>
    <member refid="stat_8php_1a1cab83481bc861b32af8f093a199c35e" kind="variable"><name>$fichier</name></member>
    <member refid="stat_8php_1afdefc0303846ad7cedbfd9acb7184a7a" kind="variable"><name>$villes</name></member>
    <member refid="stat_8php_1a153675be5939c7b634c9ed1396137d05" kind="variable"><name>$labels</name></member>
    <member refid="stat_8php_1a6981142b9d6529b79b559b4d3b057835" kind="variable"><name>$valeurs</name></member>
    <member refid="stat_8php_1a672d9707ef91db026c210f98cc601123" kind="variable"><name>endforeach</name></member>
    <member refid="stat_8php_1a8e01dcc96c43199448ee66f7c2ae8ea6" kind="variable"><name>__pad0__</name></member>
  </compound>
  <compound refid="statistique_8php" kind="file"><name>statistique.php</name>
    <member refid="statistique_8php_1aa1bfbd27060176201b271918dff57e8f" kind="variable"><name>$file</name></member>
    <member refid="statistique_8php_1a105a33adbe4d32a77787049d18c72870" kind="variable"><name>$visites</name></member>
    <member refid="statistique_8php_1a241b818f48030b628685b2e5119c5624" kind="variable"><name>$total</name></member>
    <member refid="statistique_8php_1afdefc0303846ad7cedbfd9acb7184a7a" kind="variable"><name>$villes</name></member>
    <member refid="statistique_8php_1aafde84ea72f2096e8d6edb82d17af029" kind="variable"><name>$villesTop</name></member>
    <member refid="statistique_8php_1a9c27b635d325681e03ba00b289a6b5da" kind="variable"><name>$villesStats</name></member>
    <member refid="statistique_8php_1af498b42b83afed4dfe0af05fd802776c" kind="variable"><name>$lat</name></member>
    <member refid="statistique_8php_1a03836509761c0935d0c55370b184ccd6" kind="variable"><name>$lon</name></member>
    <member refid="statistique_8php_1aaa54254dfaa7723b609ce4ea91656c35" kind="variable"><name>$style_css</name></member>
    <member refid="statistique_8php_1a539c755bcf5d8d01ef3099f0837afdb0" kind="variable"><name>$destLon</name></member>
    <member refid="statistique_8php_1a084e3db37d1b117a3cc7212cf2eed533" kind="variable"><name>$apiKey</name></member>
    <member refid="statistique_8php_1acf215f34a917d014776ce684a9ee8909" kind="variable"><name>$url</name></member>
    <member refid="statistique_8php_1af4b6fb1bbc77ccc05f10da3b16935b99" kind="variable"><name>$response</name></member>
    <member refid="statistique_8php_1a13f2e14f0fedd2187d910e34387b1db3" kind="variable"><name>else</name></member>
    <member refid="statistique_8php_1a8e01dcc96c43199448ee66f7c2ae8ea6" kind="variable"><name>__pad0__</name></member>
  </compound>
  <compound refid="tech_8php" kind="file"><name>tech.php</name>
    <member refid="tech_8php_1a228e5cd76ddccde8780f2927dfd450dd" kind="variable"><name>$ipAdresse</name></member>
    <member refid="tech_8php_1a084e3db37d1b117a3cc7212cf2eed533" kind="variable"><name>$apiKey</name></member>
    <member refid="tech_8php_1a108fc758586ad470628474f0727a2931" kind="variable"><name>$apiUrl</name></member>
    <member refid="tech_8php_1a3e53f5a443fefd2eeab6a8ab92aa9ae8" kind="variable"><name>$reponse</name></member>
    <member refid="tech_8php_1a02a537b004f8446a32974072fa0961fb" kind="variable"><name>$donnee</name></member>
    <member refid="tech_8php_1ac88b3ec8a4093434aa62f49d2998a9bc" kind="variable"><name>$apiUrlXML</name></member>
    <member refid="tech_8php_1a74c19f70d8cc023f89af834657028f7c" kind="variable"><name>$reponseXml</name></member>
    <member refid="tech_8php_1ab616bcf2a041dd7070270e3b0a279263" kind="variable"><name>$xmlData</name></member>
    <member refid="tech_8php_1a79bc79f02a8b8059e6d9b0edd7e1406c" kind="variable"><name>$urlipInfo</name></member>
    <member refid="tech_8php_1ad504832712fd82cfcfd8d4e384257176" kind="variable"><name>$reponseIpInfo</name></member>
    <member refid="tech_8php_1a1189baf765719df529e7f09f6efa1b0d" kind="variable"><name>$ipData</name></member>
    <member refid="tech_8php_1a20316cf478e51655b2c1b19970ebb3e3" kind="variable"><name>else</name></member>
    <member refid="tech_8php_1af2e32d8d136e7d3488aa854eeb3fe092" kind="variable"><name>( $ipData[ &apos;city&apos;] ?? &apos;Inconnue&apos;) ?&gt;&lt;/li &gt;&lt; li &gt;Localisation</name></member>
  </compound>
  <compound refid="convert__csv__to__json_8php" kind="file"><name>convert_csv_to_json.php</name>
    <member refid="convert__csv__to__json_8php_1a42daf6b3b596e9ec50be319cadaa0b4e" kind="function"><name>convertirVillesCSV</name></member>
  </compound>
  <compound refid="dir_e6bb53534ac0e427887cf7a94c0c004e" kind="dir"><name>C:</name>
  </compound>
  <compound refid="dir_50122019d10dbdcb1c4fc29f6bb3298a" kind="dir"><name>C:/Users/cozma</name>
  </compound>
  <compound refid="dir_c9b5bc30b2a28034b73fd3a8a78148ca" kind="dir"><name>C:/Users/cozma/Downloads</name>
  </compound>
  <compound refid="dir_df6059f3529bca78ac84dbc0f0078dbb" kind="dir"><name>C:/Users/cozma/Downloads/Weathersky-main (1)/Weathersky-main/Meteo6/WeatherSky/include</name>
  </compound>
  <compound refid="dir_720b3b9d511a7f8b9e8f1501f0074124" kind="dir"><name>C:/Users/cozma/Downloads/Weathersky-main (1)/Weathersky-main/Meteo6</name>
  </compound>
  <compound refid="dir_98c3ab35eccf09104e6597290b693d60" kind="dir"><name>C:/Users/cozma/Downloads/Weathersky-main (1)/Weathersky-main/Meteo6/WeatherSky/tools</name>
  </compound>
  <compound refid="dir_8ceffd4ee35c3518d4e8bdc7e638efe8" kind="dir"><name>C:/Users</name>
  </compound>
  <compound refid="dir_14ccbc9caf4bd5408aa220dded375205" kind="dir"><name>C:/Users/cozma/Downloads/Weathersky-main (1)/Weathersky-main/Meteo6/WeatherSky</name>
  </compound>
  <compound refid="dir_144369626ed032bc0d9f4fdc9a7262dc" kind="dir"><name>C:/Users/cozma/Downloads/Weathersky-main (1)/Weathersky-main</name>
  </compound>
  <compound refid="dir_c0acf321fbd8ecc0d0a71d1fb5d6f266" kind="dir"><name>C:/Users/cozma/Downloads/Weathersky-main (1)</name>
  </compound>
</doxygenindex>
