<?xml version='1.0' encoding='UTF-8' standalone='no'?>
<doxygen xmlns:xsi="http://www.w3.org/2001/XMLSchema-instance" xsi:noNamespaceSchemaLocation="compound.xsd" version="1.13.2" xml:lang="fr">
  <compounddef id="index_8php" kind="file" language="PHP">
    <compoundname>index.php</compoundname>
    <sectiondef kind="var">
      <memberdef kind="variable" id="index_8php_1a9a08c84edd46f257c94cdf8d443cc77d" prot="public" static="no" mutable="no">
        <type></type>
        <definition>$ip</definition>
        <argsstring></argsstring>
        <name>$ip</name>
        <initializer>= $_SERVER[&apos;REMOTE_ADDR&apos;]</initializer>
        <briefdescription>
        </briefdescription>
        <detaileddescription>
        </detaileddescription>
        <inbodydescription>
        </inbodydescription>
        <location file="C:/Users/cozma/Downloads/Weathersky-main (1)/Weathersky-main/Meteo6/WeatherSky/index.php" line="35" column="1" bodyfile="C:/Users/cozma/Downloads/Weathersky-main (1)/Weathersky-main/Meteo6/WeatherSky/index.php" bodystart="35" bodyend="-1"/>
      </memberdef>
      <memberdef kind="variable" id="index_8php_1a6efc15b5a2314dd4b5aaa556a375c6d6" prot="public" static="no" mutable="no">
        <type></type>
        <definition>$data</definition>
        <argsstring></argsstring>
        <name>$data</name>
        <initializer>= @json_decode(file_get_contents(&quot;http://ip-api.com/json/$ip&quot;), true)</initializer>
        <briefdescription>
        </briefdescription>
        <detaileddescription>
        </detaileddescription>
        <inbodydescription>
        </inbodydescription>
        <location file="C:/Users/cozma/Downloads/Weathersky-main (1)/Weathersky-main/Meteo6/WeatherSky/index.php" line="36" column="1" bodyfile="C:/Users/cozma/Downloads/Weathersky-main (1)/Weathersky-main/Meteo6/WeatherSky/index.php" bodystart="36" bodyend="-1"/>
      </memberdef>
      <memberdef kind="variable" id="index_8php_1acc3746cfaca53a8d6942c6252b17d14f" prot="public" static="no" mutable="no">
        <type></type>
        <definition>$ville</definition>
        <argsstring></argsstring>
        <name>$ville</name>
        <initializer>= $data[&apos;city&apos;] ?? &apos;Inconnue&apos;</initializer>
        <briefdescription>
        </briefdescription>
        <detaileddescription>
        </detaileddescription>
        <inbodydescription>
        </inbodydescription>
        <location file="C:/Users/cozma/Downloads/Weathersky-main (1)/Weathersky-main/Meteo6/WeatherSky/index.php" line="38" column="1" bodyfile="C:/Users/cozma/Downloads/Weathersky-main (1)/Weathersky-main/Meteo6/WeatherSky/index.php" bodystart="38" bodyend="-1"/>
      </memberdef>
      <memberdef kind="variable" id="index_8php_1af42f579a985cbbdef231a0d0232ca727" prot="public" static="no" mutable="no">
        <type></type>
        <definition>$pays</definition>
        <argsstring></argsstring>
        <name>$pays</name>
        <initializer>= $data[&apos;country&apos;] ?? &apos;Inconnu&apos;</initializer>
        <briefdescription>
        </briefdescription>
        <detaileddescription>
        </detaileddescription>
        <inbodydescription>
        </inbodydescription>
        <location file="C:/Users/cozma/Downloads/Weathersky-main (1)/Weathersky-main/Meteo6/WeatherSky/index.php" line="39" column="1" bodyfile="C:/Users/cozma/Downloads/Weathersky-main (1)/Weathersky-main/Meteo6/WeatherSky/index.php" bodystart="39" bodyend="-1"/>
      </memberdef>
      <memberdef kind="variable" id="index_8php_1aa1bfbd27060176201b271918dff57e8f" prot="public" static="no" mutable="no">
        <type></type>
        <definition>$file</definition>
        <argsstring></argsstring>
        <name>$file</name>
        <initializer>= &apos;visites.json&apos;</initializer>
        <briefdescription>
        </briefdescription>
        <detaileddescription>
        </detaileddescription>
        <inbodydescription>
        </inbodydescription>
        <location file="C:/Users/cozma/Downloads/Weathersky-main (1)/Weathersky-main/Meteo6/WeatherSky/index.php" line="42" column="1" bodyfile="C:/Users/cozma/Downloads/Weathersky-main (1)/Weathersky-main/Meteo6/WeatherSky/index.php" bodystart="42" bodyend="-1"/>
      </memberdef>
      <memberdef kind="variable" id="index_8php_1a105a33adbe4d32a77787049d18c72870" prot="public" static="no" mutable="no">
        <type></type>
        <definition>$visites</definition>
        <argsstring></argsstring>
        <name>$visites</name>
        <initializer>= file_exists($file) ? json_decode(file_get_contents($file), true) : []</initializer>
        <briefdescription>
        </briefdescription>
        <detaileddescription>
        </detaileddescription>
        <inbodydescription>
        </inbodydescription>
        <location file="C:/Users/cozma/Downloads/Weathersky-main (1)/Weathersky-main/Meteo6/WeatherSky/index.php" line="43" column="1" bodyfile="C:/Users/cozma/Downloads/Weathersky-main (1)/Weathersky-main/Meteo6/WeatherSky/index.php" bodystart="43" bodyend="-1"/>
      </memberdef>
      <memberdef kind="variable" id="index_8php_1ad1f4d7653f28aec8c362f6378711854f" prot="public" static="no" mutable="no">
        <type></type>
        <definition>$visites[]</definition>
        <argsstring>[]</argsstring>
        <name>$visites</name>
        <initializer>= [
    &apos;ip&apos; =&gt; $ip,
    &apos;ville&apos; =&gt; $ville,
    &apos;pays&apos; =&gt; $pays,
    &apos;date&apos; =&gt; date(&apos;Y-m-d H:i:s&apos;)
]</initializer>
        <briefdescription>
        </briefdescription>
        <detaileddescription>
        </detaileddescription>
        <inbodydescription>
        </inbodydescription>
        <location file="C:/Users/cozma/Downloads/Weathersky-main (1)/Weathersky-main/Meteo6/WeatherSky/index.php" line="46" column="1" bodyfile="C:/Users/cozma/Downloads/Weathersky-main (1)/Weathersky-main/Meteo6/WeatherSky/index.php" bodystart="46" bodyend="-1"/>
      </memberdef>
      <memberdef kind="variable" id="index_8php_1a0a4a9ea17f3dea7d32f111630540eb0e" prot="public" static="no" mutable="no">
        <type></type>
        <definition>if(!file_exists(&quot;include/header.inc.php&quot;))</definition>
        <argsstring>(!file_exists(&quot;include/header.inc.php&quot;))</argsstring>
        <name>if</name>
        <briefdescription>
        </briefdescription>
        <detaileddescription>
        </detaileddescription>
        <inbodydescription>
        </inbodydescription>
        <location file="C:/Users/cozma/Downloads/Weathersky-main (1)/Weathersky-main/Meteo6/WeatherSky/index.php" line="57" column="1" bodyfile="C:/Users/cozma/Downloads/Weathersky-main (1)/Weathersky-main/Meteo6/WeatherSky/index.php" bodystart="57" bodyend="-1"/>
      </memberdef>
      <memberdef kind="variable" id="index_8php_1a873c73a0de31a255f26ba5835afd83bf" prot="public" static="no" mutable="no">
        <type></type>
        <definition>$photosDir</definition>
        <argsstring></argsstring>
        <name>$photosDir</name>
        <initializer>= &apos;photo/&apos;</initializer>
        <briefdescription>
        </briefdescription>
        <detaileddescription>
        </detaileddescription>
        <inbodydescription>
        </inbodydescription>
        <location file="C:/Users/cozma/Downloads/Weathersky-main (1)/Weathersky-main/Meteo6/WeatherSky/index.php" line="67" column="1" bodyfile="C:/Users/cozma/Downloads/Weathersky-main (1)/Weathersky-main/Meteo6/WeatherSky/index.php" bodystart="67" bodyend="-1"/>
      </memberdef>
      <memberdef kind="variable" id="index_8php_1ab0c7013419fc5ee6238d17eff2554afe" prot="public" static="no" mutable="no">
        <type></type>
        <definition>$images</definition>
        <argsstring></argsstring>
        <name>$images</name>
        <initializer>= []</initializer>
        <briefdescription>
        </briefdescription>
        <detaileddescription>
        </detaileddescription>
        <inbodydescription>
        </inbodydescription>
        <location file="C:/Users/cozma/Downloads/Weathersky-main (1)/Weathersky-main/Meteo6/WeatherSky/index.php" line="68" column="1" bodyfile="C:/Users/cozma/Downloads/Weathersky-main (1)/Weathersky-main/Meteo6/WeatherSky/index.php" bodystart="68" bodyend="-1"/>
      </memberdef>
      <memberdef kind="variable" id="index_8php_1a9f3249869500095c2ddf4c4b05b00b58" prot="public" static="no" mutable="no">
        <type><ref refid="index_8php_1a0a4a9ea17f3dea7d32f111630540eb0e" kindref="member">if</ref>(is_dir($photosDir))</type>
        <definition>if (is_dir( $photosDir)) $randomImage</definition>
        <argsstring></argsstring>
        <name>$randomImage</name>
        <initializer>= !empty($images) ? $images[array_rand($images)] : null</initializer>
        <briefdescription>
        </briefdescription>
        <detaileddescription>
        </detaileddescription>
        <inbodydescription>
        </inbodydescription>
        <location file="C:/Users/cozma/Downloads/Weathersky-main (1)/Weathersky-main/Meteo6/WeatherSky/index.php" line="81" column="1" bodyfile="C:/Users/cozma/Downloads/Weathersky-main (1)/Weathersky-main/Meteo6/WeatherSky/index.php" bodystart="81" bodyend="-1"/>
      </memberdef>
      <memberdef kind="variable" id="index_8php_1a8c03dc982b20dd551a4b6ea48c78b1be" prot="public" static="no" mutable="no">
        <type><ref refid="index_8php_1a0a4a9ea17f3dea7d32f111630540eb0e" kindref="member">if</ref>(file_exists(&quot;logo/logo.png&quot;)) <ref refid="index_8php_1a0a4a9ea17f3dea7d32f111630540eb0e" kindref="member">if</ref>(empty($images))($images as $image)</type>
        <definition>if(file_exists(&quot;logo/logo.png&quot;)) if (empty( $images)) ( $images as $image) endif</definition>
        <argsstring></argsstring>
        <name>endif</name>
        <initializer>= <ref refid="header_8inc_8php_1a861d0f459903f1dfd068b1c9e09f0030" kindref="member">getCurrentTheme</ref>() === &apos;nuit&apos; ? &apos;checked&apos; : &apos;&apos;</initializer>
        <briefdescription>
        </briefdescription>
        <detaileddescription>
        </detaileddescription>
        <inbodydescription>
        </inbodydescription>
        <location file="C:/Users/cozma/Downloads/Weathersky-main (1)/Weathersky-main/Meteo6/WeatherSky/index.php" line="112" column="2" bodyfile="C:/Users/cozma/Downloads/Weathersky-main (1)/Weathersky-main/Meteo6/WeatherSky/index.php" bodystart="104" bodyend="-1"/>
      </memberdef>
    </sectiondef>
    <briefdescription>
    </briefdescription>
    <detaileddescription>
    </detaileddescription>
    <programlisting>
<codeline lineno="1"><highlight class="normal">&lt;?php</highlight></codeline>
<codeline lineno="27"><highlight class="normal">?&gt;</highlight></codeline>
<codeline lineno="28"><highlight class="normal">&lt;?php</highlight></codeline>
<codeline lineno="29"><highlight class="normal"></highlight><highlight class="comment">//<sp/>Active<sp/>l&apos;affichage<sp/>des<sp/>erreurs<sp/>PHP<sp/>pour<sp/>le<sp/>développement</highlight><highlight class="normal"></highlight></codeline>
<codeline lineno="30"><highlight class="normal">ini_set(</highlight><highlight class="stringliteral">&apos;display_errors&apos;</highlight><highlight class="normal">,<sp/>1);</highlight></codeline>
<codeline lineno="31"><highlight class="normal">ini_set(</highlight><highlight class="stringliteral">&apos;display_startup_errors&apos;</highlight><highlight class="normal">,<sp/>1);</highlight></codeline>
<codeline lineno="32"><highlight class="normal">error_reporting(E_ALL);</highlight></codeline>
<codeline lineno="33"><highlight class="normal"></highlight></codeline>
<codeline lineno="34"><highlight class="normal"></highlight><highlight class="comment">//<sp/>Enregistrement<sp/>de<sp/>la<sp/>visite<sp/>avec<sp/>IP<sp/>et<sp/>géolocalisation</highlight><highlight class="normal"></highlight></codeline>
<codeline lineno="35"><highlight class="normal"><ref refid="index_8php_1a9a08c84edd46f257c94cdf8d443cc77d" kindref="member">$ip</ref><sp/>=<sp/>$_SERVER[</highlight><highlight class="stringliteral">&apos;REMOTE_ADDR&apos;</highlight><highlight class="normal">];</highlight></codeline>
<codeline lineno="36"><highlight class="normal"><ref refid="index_8php_1a6efc15b5a2314dd4b5aaa556a375c6d6" kindref="member">$data</ref><sp/>=<sp/>@json_decode(file_get_contents(</highlight><highlight class="stringliteral">&quot;http://ip-api.com/json/$ip&quot;</highlight><highlight class="normal">),<sp/></highlight><highlight class="keyword">true</highlight><highlight class="normal">);</highlight></codeline>
<codeline lineno="37"><highlight class="normal"></highlight></codeline>
<codeline lineno="38"><highlight class="normal"><ref refid="index_8php_1acc3746cfaca53a8d6942c6252b17d14f" kindref="member">$ville</ref><sp/>=<sp/><ref refid="index_8php_1a6efc15b5a2314dd4b5aaa556a375c6d6" kindref="member">$data</ref>[</highlight><highlight class="stringliteral">&apos;city&apos;</highlight><highlight class="normal">]<sp/>??<sp/></highlight><highlight class="stringliteral">&apos;Inconnue&apos;</highlight><highlight class="normal">;</highlight></codeline>
<codeline lineno="39"><highlight class="normal"><ref refid="index_8php_1af42f579a985cbbdef231a0d0232ca727" kindref="member">$pays</ref><sp/>=<sp/><ref refid="index_8php_1a6efc15b5a2314dd4b5aaa556a375c6d6" kindref="member">$data</ref>[</highlight><highlight class="stringliteral">&apos;country&apos;</highlight><highlight class="normal">]<sp/>??<sp/></highlight><highlight class="stringliteral">&apos;Inconnu&apos;</highlight><highlight class="normal">;</highlight></codeline>
<codeline lineno="40"><highlight class="normal"></highlight></codeline>
<codeline lineno="41"><highlight class="normal"></highlight><highlight class="comment">//<sp/>Chargement<sp/>du<sp/>fichier<sp/>JSON<sp/>de<sp/>visites<sp/>(ou<sp/>tableau<sp/>vide<sp/>s&apos;il<sp/>n&apos;existe<sp/>pas)</highlight><highlight class="normal"></highlight></codeline>
<codeline lineno="42"><highlight class="normal"><ref refid="index_8php_1aa1bfbd27060176201b271918dff57e8f" kindref="member">$file</ref><sp/>=<sp/></highlight><highlight class="stringliteral">&apos;visites.json&apos;</highlight><highlight class="normal">;</highlight></codeline>
<codeline lineno="43"><highlight class="normal"><ref refid="index_8php_1a105a33adbe4d32a77787049d18c72870" kindref="member">$visites</ref><sp/>=<sp/>file_exists(<ref refid="index_8php_1aa1bfbd27060176201b271918dff57e8f" kindref="member">$file</ref>)<sp/>?<sp/>json_decode(file_get_contents(<ref refid="index_8php_1aa1bfbd27060176201b271918dff57e8f" kindref="member">$file</ref>),<sp/></highlight><highlight class="keyword">true</highlight><highlight class="normal">)<sp/>:<sp/>[];</highlight></codeline>
<codeline lineno="44"><highlight class="normal"></highlight></codeline>
<codeline lineno="45"><highlight class="normal"></highlight><highlight class="comment">//<sp/>Ajout<sp/>d&apos;une<sp/>nouvelle<sp/>entrée<sp/>de<sp/>visite</highlight><highlight class="normal"></highlight></codeline>
<codeline lineno="46"><highlight class="normal"><ref refid="index_8php_1a105a33adbe4d32a77787049d18c72870" kindref="member">$visites</ref>[]<sp/>=<sp/>[</highlight></codeline>
<codeline lineno="47"><highlight class="normal"><sp/><sp/><sp/><sp/></highlight><highlight class="stringliteral">&apos;ip&apos;</highlight><highlight class="normal"><sp/>=&gt;<sp/><ref refid="index_8php_1a9a08c84edd46f257c94cdf8d443cc77d" kindref="member">$ip</ref>,</highlight></codeline>
<codeline lineno="48"><highlight class="normal"><sp/><sp/><sp/><sp/></highlight><highlight class="stringliteral">&apos;ville&apos;</highlight><highlight class="normal"><sp/>=&gt;<sp/><ref refid="index_8php_1acc3746cfaca53a8d6942c6252b17d14f" kindref="member">$ville</ref>,</highlight></codeline>
<codeline lineno="49"><highlight class="normal"><sp/><sp/><sp/><sp/></highlight><highlight class="stringliteral">&apos;pays&apos;</highlight><highlight class="normal"><sp/>=&gt;<sp/><ref refid="index_8php_1af42f579a985cbbdef231a0d0232ca727" kindref="member">$pays</ref>,</highlight></codeline>
<codeline lineno="50"><highlight class="normal"><sp/><sp/><sp/><sp/></highlight><highlight class="stringliteral">&apos;date&apos;</highlight><highlight class="normal"><sp/>=&gt;<sp/>date(</highlight><highlight class="stringliteral">&apos;Y-m-d<sp/>H:i:s&apos;</highlight><highlight class="normal">)</highlight></codeline>
<codeline lineno="51"><highlight class="normal">];</highlight></codeline>
<codeline lineno="52"><highlight class="normal"></highlight></codeline>
<codeline lineno="53"><highlight class="normal"></highlight><highlight class="comment">//<sp/>Sauvegarde<sp/>des<sp/>visites<sp/>dans<sp/>le<sp/>fichier<sp/>JSON</highlight><highlight class="normal"></highlight></codeline>
<codeline lineno="54"><highlight class="normal">file_put_contents(<ref refid="index_8php_1aa1bfbd27060176201b271918dff57e8f" kindref="member">$file</ref>,<sp/>json_encode(<ref refid="index_8php_1a105a33adbe4d32a77787049d18c72870" kindref="member">$visites</ref>,<sp/>JSON_PRETTY_PRINT));</highlight></codeline>
<codeline lineno="55"><highlight class="normal"></highlight></codeline>
<codeline lineno="56"><highlight class="normal"></highlight><highlight class="comment">//<sp/>Inclusion<sp/>de<sp/>l&apos;en-tête<sp/>HTML</highlight><highlight class="normal"></highlight></codeline>
<codeline lineno="57"><highlight class="normal"></highlight><highlight class="keywordflow">if</highlight><highlight class="normal"><sp/>(!file_exists(</highlight><highlight class="stringliteral">&quot;include/header.inc.php&quot;</highlight><highlight class="normal">))<sp/>{</highlight></codeline>
<codeline lineno="58"><highlight class="normal"><sp/><sp/><sp/><sp/>die(</highlight><highlight class="stringliteral">&quot;Erreur<sp/>:<sp/>include/header.inc.php<sp/>introuvable&quot;</highlight><highlight class="normal">);</highlight></codeline>
<codeline lineno="59"><highlight class="normal">}</highlight></codeline>
<codeline lineno="60"><highlight class="normal">include(</highlight><highlight class="stringliteral">&quot;include/header.inc.php&quot;</highlight><highlight class="normal">);</highlight></codeline>
<codeline lineno="61"><highlight class="normal"></highlight></codeline>
<codeline lineno="62"><highlight class="normal"></highlight><highlight class="comment">//<sp/>Affichage<sp/>de<sp/>l&apos;en-tête<sp/>de<sp/>page</highlight><highlight class="normal"></highlight></codeline>
<codeline lineno="63"><highlight class="normal">echo<sp/><ref refid="header_8inc_8php_1a2b4b26a72f19e4593eddfb63e3689c46" kindref="member">en_tete</ref>(</highlight><highlight class="stringliteral">&quot;Accueil&quot;</highlight><highlight class="normal">);</highlight></codeline>
<codeline lineno="64"><highlight class="normal">echo<sp/></highlight><highlight class="stringliteral">&quot;&lt;!--<sp/>Header<sp/>inclus<sp/>--&gt;&quot;</highlight><highlight class="normal">;</highlight></codeline>
<codeline lineno="65"><highlight class="normal"></highlight></codeline>
<codeline lineno="66"><highlight class="normal"></highlight><highlight class="comment">//<sp/>Récupération<sp/>des<sp/>images<sp/>présentes<sp/>dans<sp/>le<sp/>dossier<sp/>&apos;photo/&apos;</highlight><highlight class="normal"></highlight></codeline>
<codeline lineno="67"><highlight class="normal"><ref refid="index_8php_1a873c73a0de31a255f26ba5835afd83bf" kindref="member">$photosDir</ref><sp/>=<sp/></highlight><highlight class="stringliteral">&apos;photo/&apos;</highlight><highlight class="normal">;</highlight></codeline>
<codeline lineno="68"><highlight class="normal"><ref refid="index_8php_1ab0c7013419fc5ee6238d17eff2554afe" kindref="member">$images</ref><sp/>=<sp/>[];</highlight></codeline>
<codeline lineno="69"><highlight class="normal"></highlight></codeline>
<codeline lineno="70"><highlight class="normal"></highlight><highlight class="keywordflow">if</highlight><highlight class="normal"><sp/>(is_dir(<ref refid="index_8php_1a873c73a0de31a255f26ba5835afd83bf" kindref="member">$photosDir</ref>))<sp/>{</highlight></codeline>
<codeline lineno="71"><highlight class="normal"><sp/><sp/><sp/><sp/>$files<sp/>=<sp/>scandir(<ref refid="index_8php_1a873c73a0de31a255f26ba5835afd83bf" kindref="member">$photosDir</ref>);</highlight></codeline>
<codeline lineno="72"><highlight class="normal"><sp/><sp/><sp/><sp/></highlight><highlight class="keywordflow">foreach</highlight><highlight class="normal"><sp/>($files<sp/>as<sp/><ref refid="index_8php_1aa1bfbd27060176201b271918dff57e8f" kindref="member">$file</ref>)<sp/>{</highlight></codeline>
<codeline lineno="73"><highlight class="normal"><sp/><sp/><sp/><sp/><sp/><sp/><sp/><sp/>$ext<sp/>=<sp/>strtolower(pathinfo(<ref refid="index_8php_1aa1bfbd27060176201b271918dff57e8f" kindref="member">$file</ref>,<sp/>PATHINFO_EXTENSION));</highlight></codeline>
<codeline lineno="74"><highlight class="normal"><sp/><sp/><sp/><sp/><sp/><sp/><sp/><sp/></highlight><highlight class="keywordflow">if</highlight><highlight class="normal"><sp/>(in_array($ext,<sp/>[</highlight><highlight class="stringliteral">&apos;jpg&apos;</highlight><highlight class="normal">,<sp/></highlight><highlight class="stringliteral">&apos;jpeg&apos;</highlight><highlight class="normal">,<sp/></highlight><highlight class="stringliteral">&apos;png&apos;</highlight><highlight class="normal">,<sp/></highlight><highlight class="stringliteral">&apos;gif&apos;</highlight><highlight class="normal">])<sp/>&amp;&amp;<sp/>is_file(<ref refid="index_8php_1a873c73a0de31a255f26ba5835afd83bf" kindref="member">$photosDir</ref><sp/>.<sp/><ref refid="index_8php_1aa1bfbd27060176201b271918dff57e8f" kindref="member">$file</ref>))<sp/>{</highlight></codeline>
<codeline lineno="75"><highlight class="normal"><sp/><sp/><sp/><sp/><sp/><sp/><sp/><sp/><sp/><sp/><sp/><sp/><ref refid="index_8php_1ab0c7013419fc5ee6238d17eff2554afe" kindref="member">$images</ref>[]<sp/>=<sp/><ref refid="index_8php_1aa1bfbd27060176201b271918dff57e8f" kindref="member">$file</ref>;</highlight></codeline>
<codeline lineno="76"><highlight class="normal"><sp/><sp/><sp/><sp/><sp/><sp/><sp/><sp/>}</highlight></codeline>
<codeline lineno="77"><highlight class="normal"><sp/><sp/><sp/><sp/>}</highlight></codeline>
<codeline lineno="78"><highlight class="normal">}</highlight></codeline>
<codeline lineno="79"><highlight class="normal"></highlight></codeline>
<codeline lineno="80"><highlight class="normal"></highlight><highlight class="comment">//<sp/>Sélection<sp/>d&apos;une<sp/>image<sp/>aléatoire<sp/>(non<sp/>utilisée<sp/>ici,<sp/>mais<sp/>conservée<sp/>si<sp/>utile<sp/>plus<sp/>tard)</highlight><highlight class="normal"></highlight></codeline>
<codeline lineno="81"><highlight class="normal"><ref refid="index_8php_1a9f3249869500095c2ddf4c4b05b00b58" kindref="member">$randomImage</ref><sp/>=<sp/>!empty(<ref refid="index_8php_1ab0c7013419fc5ee6238d17eff2554afe" kindref="member">$images</ref>)<sp/>?<sp/><ref refid="index_8php_1ab0c7013419fc5ee6238d17eff2554afe" kindref="member">$images</ref>[array_rand(<ref refid="index_8php_1ab0c7013419fc5ee6238d17eff2554afe" kindref="member">$images</ref>)]<sp/>:<sp/></highlight><highlight class="keyword">null</highlight><highlight class="normal">;</highlight></codeline>
<codeline lineno="82"><highlight class="normal">?&gt;</highlight></codeline>
<codeline lineno="83"><highlight class="normal"></highlight></codeline>
<codeline lineno="84"><highlight class="normal">&lt;!--<sp/>Titre<sp/>principal<sp/>du<sp/>site<sp/>avec<sp/>logo<sp/>--&gt;</highlight></codeline>
<codeline lineno="85"><highlight class="normal">&lt;h1<sp/></highlight><highlight class="keyword">class</highlight><highlight class="normal">=</highlight><highlight class="stringliteral">&quot;site-title&quot;</highlight><highlight class="normal">&gt;</highlight></codeline>
<codeline lineno="86"><highlight class="normal">&lt;?php<sp/></highlight><highlight class="keywordflow">if</highlight><highlight class="normal"><sp/>(file_exists(</highlight><highlight class="stringliteral">&quot;logo/logo.png&quot;</highlight><highlight class="normal">)):<sp/>?&gt;</highlight></codeline>
<codeline lineno="87"><highlight class="normal"><sp/><sp/><sp/><sp/>&lt;a<sp/>href=</highlight><highlight class="stringliteral">&quot;index.php&quot;</highlight><highlight class="normal">&gt;</highlight></codeline>
<codeline lineno="88"><highlight class="normal"><sp/><sp/><sp/><sp/><sp/><sp/><sp/><sp/>&lt;img<sp/>src=</highlight><highlight class="stringliteral">&quot;/logo/logo.png&quot;</highlight><highlight class="normal"><sp/>alt=</highlight><highlight class="stringliteral">&quot;Logo<sp/>WeatherSky&quot;</highlight><highlight class="normal"><sp/></highlight><highlight class="keyword">class</highlight><highlight class="normal">=</highlight><highlight class="stringliteral">&quot;site-logo&quot;</highlight><highlight class="normal"><sp/>/&gt;</highlight></codeline>
<codeline lineno="89"><highlight class="normal"><sp/><sp/><sp/><sp/>&lt;/a&gt;</highlight></codeline>
<codeline lineno="90"><highlight class="normal">&lt;?php<sp/><ref refid="index_8php_1a8c03dc982b20dd551a4b6ea48c78b1be" kindref="member">endif</ref>;<sp/>?&gt;</highlight></codeline>
<codeline lineno="91"><highlight class="normal"><sp/><sp/><sp/><sp/>&lt;span<sp/></highlight><highlight class="keyword">class</highlight><highlight class="normal">=</highlight><highlight class="stringliteral">&quot;material-symbols-outlined&quot;</highlight><highlight class="normal">&gt;partly_cloudy_day&lt;/span&gt;</highlight></codeline>
<codeline lineno="92"><highlight class="normal"><sp/><sp/><sp/><sp/><ref refid="namespace_weather_sky" kindref="compound">WeatherSky</ref></highlight></codeline>
<codeline lineno="93"><highlight class="normal">&lt;/h1&gt;</highlight></codeline>
<codeline lineno="94"><highlight class="normal"></highlight></codeline>
<codeline lineno="95"><highlight class="normal">&lt;!--<sp/>Formulaire<sp/>de<sp/>sélection<sp/>du<sp/>mode<sp/>sombre<sp/>--&gt;</highlight></codeline>
<codeline lineno="96"><highlight class="normal">&lt;form<sp/></highlight><highlight class="keyword">class</highlight><highlight class="normal">=</highlight><highlight class="stringliteral">&quot;display-mode-form&quot;</highlight><highlight class="normal">&gt;</highlight></codeline>
<codeline lineno="97"><highlight class="normal"><sp/><sp/><sp/><sp/>&lt;input<sp/>type=</highlight><highlight class="stringliteral">&quot;checkbox&quot;</highlight><highlight class="normal"><sp/></highlight><highlight class="keywordtype">id</highlight><highlight class="normal">=</highlight><highlight class="stringliteral">&quot;dark-mode&quot;</highlight><highlight class="normal"><sp/>&lt;?=<sp/><ref refid="header_8inc_8php_1a861d0f459903f1dfd068b1c9e09f0030" kindref="member">getCurrentTheme</ref>()<sp/>===<sp/></highlight><highlight class="stringliteral">&apos;nuit&apos;</highlight><highlight class="normal"><sp/>?<sp/></highlight><highlight class="stringliteral">&apos;checked&apos;</highlight><highlight class="normal"><sp/>:<sp/></highlight><highlight class="stringliteral">&apos;&apos;</highlight><highlight class="normal"><sp/>?&gt;<sp/>/&gt;</highlight></codeline>
<codeline lineno="98"><highlight class="normal"><sp/><sp/><sp/><sp/>&lt;label<sp/></highlight><highlight class="keywordflow">for</highlight><highlight class="normal">=</highlight><highlight class="stringliteral">&quot;dark-mode&quot;</highlight><highlight class="normal">&gt;Mode<sp/>sombre&lt;/label&gt;</highlight></codeline>
<codeline lineno="99"><highlight class="normal">&lt;/form&gt;</highlight></codeline>
<codeline lineno="100"><highlight class="normal"></highlight></codeline>
<codeline lineno="101"><highlight class="normal">&lt;!--<sp/>Section<sp/>du<sp/>carrousel<sp/>d</highlight><highlight class="stringliteral">&apos;images<sp/>météo<sp/>--&gt;</highlight></codeline>
<codeline lineno="102"><highlight class="stringliteral">&lt;div<sp/>class=&quot;carousel&quot;&gt;</highlight></codeline>
<codeline lineno="103"><highlight class="stringliteral"><sp/><sp/><sp/><sp/>&lt;div<sp/>class=&quot;carousel-inner&quot;&gt;</highlight></codeline>
<codeline lineno="104"><highlight class="stringliteral"><sp/><sp/><sp/><sp/><sp/><sp/><sp/><sp/>&lt;?php<sp/>if<sp/>(empty($images)):<sp/>?&gt;</highlight></codeline>
<codeline lineno="105"><highlight class="stringliteral"><sp/><sp/><sp/><sp/><sp/><sp/><sp/><sp/><sp/><sp/><sp/><sp/>&lt;p&gt;Aucune<sp/>image<sp/>trouvée<sp/>pour<sp/>le<sp/>carrousel.&lt;/p&gt;</highlight></codeline>
<codeline lineno="106"><highlight class="stringliteral"><sp/><sp/><sp/><sp/><sp/><sp/><sp/><sp/>&lt;?php<sp/>else:<sp/>?&gt;</highlight></codeline>
<codeline lineno="107"><highlight class="stringliteral"><sp/><sp/><sp/><sp/><sp/><sp/><sp/><sp/><sp/><sp/><sp/><sp/>&lt;?php<sp/>foreach<sp/>($images<sp/>as<sp/>$image):<sp/>?&gt;</highlight></codeline>
<codeline lineno="108"><highlight class="stringliteral"><sp/><sp/><sp/><sp/><sp/><sp/><sp/><sp/><sp/><sp/><sp/><sp/><sp/><sp/><sp/><sp/>&lt;div<sp/>class=&quot;carousel-item&quot;&gt;</highlight></codeline>
<codeline lineno="109"><highlight class="stringliteral"><sp/><sp/><sp/><sp/><sp/><sp/><sp/><sp/><sp/><sp/><sp/><sp/><sp/><sp/><sp/><sp/><sp/><sp/><sp/><sp/>&lt;img<sp/>src=&quot;&lt;?=<sp/>htmlspecialchars($photosDir<sp/>.<sp/>$image)<sp/>?&gt;&quot;<sp/>alt=&quot;Image<sp/>météo&quot;<sp/>/&gt;</highlight></codeline>
<codeline lineno="110"><highlight class="stringliteral"><sp/><sp/><sp/><sp/><sp/><sp/><sp/><sp/><sp/><sp/><sp/><sp/><sp/><sp/><sp/><sp/>&lt;/div&gt;</highlight></codeline>
<codeline lineno="111"><highlight class="stringliteral"><sp/><sp/><sp/><sp/><sp/><sp/><sp/><sp/><sp/><sp/><sp/><sp/>&lt;?php<sp/>endforeach;<sp/>?&gt;</highlight></codeline>
<codeline lineno="112"><highlight class="stringliteral"><sp/><sp/><sp/><sp/><sp/><sp/><sp/><sp/>&lt;?php<sp/>endif;<sp/>?&gt;</highlight></codeline>
<codeline lineno="113"><highlight class="stringliteral"><sp/><sp/><sp/><sp/>&lt;/div&gt;</highlight></codeline>
<codeline lineno="114"><highlight class="stringliteral">&lt;/div&gt;</highlight></codeline>
<codeline lineno="115"><highlight class="stringliteral"></highlight></codeline>
<codeline lineno="116"><highlight class="stringliteral">&lt;!--<sp/>Script<sp/>JS<sp/>:<sp/>Gestion<sp/>du<sp/>mode<sp/>sombre<sp/>+<sp/>carrousel<sp/>automatique<sp/>--&gt;</highlight></codeline>
<codeline lineno="117"><highlight class="stringliteral">&lt;script&gt;</highlight></codeline>
<codeline lineno="118"><highlight class="stringliteral"><sp/><sp/><sp/><sp/>//<sp/>Gestion<sp/>du<sp/>mode<sp/>sombre<sp/>(checkbox)</highlight></codeline>
<codeline lineno="119"><highlight class="stringliteral"><sp/><sp/><sp/><sp/>const<sp/>darkModeToggle<sp/>=<sp/>document.getElementById(&apos;</highlight><highlight class="normal">dark-mode</highlight><highlight class="stringliteral">&apos;);</highlight></codeline>
<codeline lineno="120"><highlight class="stringliteral"><sp/><sp/><sp/><sp/>if<sp/>(darkModeToggle)<sp/>{</highlight></codeline>
<codeline lineno="121"><highlight class="stringliteral"><sp/><sp/><sp/><sp/><sp/><sp/><sp/><sp/>darkModeToggle.addEventListener(&apos;</highlight><highlight class="normal">change</highlight><highlight class="stringliteral">&apos;,<sp/>function()<sp/>{</highlight></codeline>
<codeline lineno="122"><highlight class="stringliteral"><sp/><sp/><sp/><sp/><sp/><sp/><sp/><sp/><sp/><sp/><sp/><sp/>const<sp/>theme<sp/>=<sp/>document.getElementById(&apos;</highlight><highlight class="normal">theme</highlight><highlight class="stringliteral">&apos;);</highlight></codeline>
<codeline lineno="123"><highlight class="stringliteral"><sp/><sp/><sp/><sp/><sp/><sp/><sp/><sp/><sp/><sp/><sp/><sp/>if<sp/>(theme)<sp/>{</highlight></codeline>
<codeline lineno="124"><highlight class="stringliteral"><sp/><sp/><sp/><sp/><sp/><sp/><sp/><sp/><sp/><sp/><sp/><sp/><sp/><sp/><sp/><sp/>theme.href<sp/>=<sp/>this.checked<sp/>?<sp/>&apos;</highlight><highlight class="normal">css/dark-style.css</highlight><highlight class="stringliteral">&apos;<sp/>:<sp/>&apos;</highlight><highlight class="normal">css/style.css</highlight><highlight class="stringliteral">&apos;;</highlight></codeline>
<codeline lineno="125"><highlight class="stringliteral"><sp/><sp/><sp/><sp/><sp/><sp/><sp/><sp/><sp/><sp/><sp/><sp/><sp/><sp/><sp/><sp/>document.cookie<sp/>=<sp/>&quot;theme=&quot;<sp/>+<sp/>(this.checked<sp/>?<sp/>&quot;nuit&quot;<sp/>:<sp/>&quot;jour&quot;)<sp/>+<sp/>&quot;;path=/;max-age=&quot;<sp/>+<sp/>(30<sp/>*<sp/>24<sp/>*<sp/>3600);</highlight></codeline>
<codeline lineno="126"><highlight class="stringliteral"><sp/><sp/><sp/><sp/><sp/><sp/><sp/><sp/><sp/><sp/><sp/><sp/>}</highlight></codeline>
<codeline lineno="127"><highlight class="stringliteral"><sp/><sp/><sp/><sp/><sp/><sp/><sp/><sp/>});</highlight></codeline>
<codeline lineno="128"><highlight class="stringliteral"><sp/><sp/><sp/><sp/>}</highlight></codeline>
<codeline lineno="129"><highlight class="stringliteral"></highlight></codeline>
<codeline lineno="130"><highlight class="stringliteral"><sp/><sp/><sp/><sp/>//<sp/>Carrousel<sp/>automatique<sp/>:<sp/>fait<sp/>défiler<sp/>les<sp/>images<sp/>toutes<sp/>les<sp/>3<sp/>secondes</highlight></codeline>
<codeline lineno="131"><highlight class="stringliteral"><sp/><sp/><sp/><sp/>const<sp/>carouselInner<sp/>=<sp/>document.querySelector(&apos;</highlight><highlight class="normal">.carousel-inner</highlight><highlight class="stringliteral">&apos;);</highlight></codeline>
<codeline lineno="132"><highlight class="stringliteral"><sp/><sp/><sp/><sp/>const<sp/>items<sp/>=<sp/>document.querySelectorAll(&apos;</highlight><highlight class="normal">.carousel-item</highlight><highlight class="stringliteral">&apos;);</highlight></codeline>
<codeline lineno="133"><highlight class="stringliteral"><sp/><sp/><sp/><sp/>if<sp/>(items.length<sp/>&gt;<sp/>0)<sp/>{</highlight></codeline>
<codeline lineno="134"><highlight class="stringliteral"><sp/><sp/><sp/><sp/><sp/><sp/><sp/><sp/>let<sp/>currentIndex<sp/>=<sp/>0;</highlight></codeline>
<codeline lineno="135"><highlight class="stringliteral"><sp/><sp/><sp/><sp/><sp/><sp/><sp/><sp/>setInterval(()<sp/>=&gt;<sp/>{</highlight></codeline>
<codeline lineno="136"><highlight class="stringliteral"><sp/><sp/><sp/><sp/><sp/><sp/><sp/><sp/><sp/><sp/><sp/><sp/>currentIndex<sp/>=<sp/>(currentIndex<sp/>+<sp/>1)<sp/>%<sp/>items.length;</highlight></codeline>
<codeline lineno="137"><highlight class="stringliteral"><sp/><sp/><sp/><sp/><sp/><sp/><sp/><sp/><sp/><sp/><sp/><sp/>carouselInner.style.transform<sp/>=<sp/>`translateX(-${currentIndex<sp/>*<sp/>100}%)`;</highlight></codeline>
<codeline lineno="138"><highlight class="stringliteral"><sp/><sp/><sp/><sp/><sp/><sp/><sp/><sp/>},<sp/>3000);</highlight></codeline>
<codeline lineno="139"><highlight class="stringliteral"><sp/><sp/><sp/><sp/>}</highlight></codeline>
<codeline lineno="140"><highlight class="stringliteral">&lt;/script&gt;</highlight></codeline>
<codeline lineno="141"><highlight class="stringliteral"></highlight></codeline>
<codeline lineno="142"><highlight class="stringliteral">&lt;?php</highlight></codeline>
<codeline lineno="143"><highlight class="stringliteral">//<sp/>Inclusion<sp/>du<sp/>pied<sp/>de<sp/>page<sp/>HTML</highlight></codeline>
<codeline lineno="144"><highlight class="stringliteral">include(&quot;include/footer.inc.php&quot;);</highlight></codeline>
<codeline lineno="145"><highlight class="stringliteral">?&gt;</highlight></codeline>
<codeline lineno="146"><highlight class="stringliteral"></highlight></codeline>
<codeline lineno="147"><highlight class="stringliteral"></highlight></codeline>
    </programlisting>
    <location file="C:/Users/cozma/Downloads/Weathersky-main (1)/Weathersky-main/Meteo6/WeatherSky/index.php"/>
  </compounddef>
</doxygen>
