<?xml version='1.0' encoding='UTF-8' standalone='no'?>
<doxygen xmlns:xsi="http://www.w3.org/2001/XMLSchema-instance" xsi:noNamespaceSchemaLocation="compound.xsd" version="1.13.2" xml:lang="fr">
  <compounddef id="map_8php" kind="file" language="PHP">
    <compoundname>map.php</compoundname>
    <sectiondef kind="var">
      <memberdef kind="variable" id="map_8php_1afdefc0303846ad7cedbfd9acb7184a7a" prot="public" static="no" mutable="no">
        <type></type>
        <definition>$villes</definition>
        <argsstring></argsstring>
        <name>$villes</name>
        <initializer>= <ref refid="functions_8inc_8php_1a906e10a9d5815649a5e5b99d42ce4cc8" kindref="member">lireCSV</ref>(&quot;villes.csv&quot;)</initializer>
        <briefdescription>
        </briefdescription>
        <detaileddescription>
<para><ref refid="map_8php" kindref="compound">map.php</ref> — Page principale d&apos;affichage météo</para>
<para>Cette page gère :<itemizedlist>
<listitem><para>L&apos;affichage météo selon une ville choisie ou une préfecture de département</para>
</listitem><listitem><para>L&apos;enregistrement de statistiques de recherche de villes</para>
</listitem><listitem><para>La sauvegarde des choix utilisateurs via cookies</para>
</listitem><listitem><para>La détection automatique de localisation via IP si aucune donnée n’est fournie</para>
</listitem><listitem><para>L’affichage des formulaires de recherche par ville ou département</para>
</listitem><listitem><para>L’intégration de la carte interactive Leaflet</para>
</listitem></itemizedlist>
</para>
<para>@uses <ref refid="header_8inc_8php" kindref="compound">include/header.inc.php</ref> En-tête HTML personnalisé avec fonctions @uses <ref refid="functions_8inc_8php" kindref="compound">include/functions.inc.php</ref> Fonctions utilitaires (CSV, thème, etc.) @uses <ref refid="include_2meteo_8php" kindref="compound">include/meteo.php</ref> Fonctions liées aux données météo</para>
<para>@uses lireCSV(string $fichier) Lit un fichier CSV @uses relierCSV(array $villes, $deps, $regions) Associe les villes à leur département et région @uses getPrefectureParDepartement(string, array) Trouve la préfecture d’un département @uses getRegionFromVille(string, array, array, array) Retourne la région d’une ville @uses <ref refid="header_8inc_8php_1a1a9c641ae8a39113009425cbccaee5d5" kindref="member">getStyle()</ref> Détermine la feuille de style active @uses <ref refid="functions_8inc_8php_1aeac99c1fbeddea0408331fd576161c8d" kindref="member">getBestVisitorLocation()</ref> Détection IP via API (ip-api)</para>
<para>@globals $_GET[&apos;ville&apos;], $_GET[&apos;lat&apos;], $_GET[&apos;lon&apos;] Coordonnées météo @globals $_GET[&apos;dep_code&apos;] Code du département sélectionné @globals $_COOKIE Pour récupérer la dernière recherche</para>
<para>@files stats_villes.json Enregistre les statistiques de recherche @files villes.csv Liste des villes @files departement.csv Liste des départements @files regions.csv Liste des régions @files js/script.js Script principal JS gérant carte, recherches et météo</para>
<para><simplesect kind="author"><para>Cozma Miroslav </para>
</simplesect>
<simplesect kind="version"><para>1.0 </para>
</simplesect>
</para>
        </detaileddescription>
        <inbodydescription>
        </inbodydescription>
        <location file="C:/Users/cozma/Downloads/Weathersky-main (1)/Weathersky-main/Meteo6/WeatherSky/map.php" line="45" column="1" bodyfile="C:/Users/cozma/Downloads/Weathersky-main (1)/Weathersky-main/Meteo6/WeatherSky/map.php" bodystart="45" bodyend="-1"/>
      </memberdef>
      <memberdef kind="variable" id="map_8php_1adad9b2799c69f4c9deb75ea73c6b12c8" prot="public" static="no" mutable="no">
        <type></type>
        <definition>$departements</definition>
        <argsstring></argsstring>
        <name>$departements</name>
        <initializer>= <ref refid="functions_8inc_8php_1a906e10a9d5815649a5e5b99d42ce4cc8" kindref="member">lireCSV</ref>(&quot;departement.csv&quot;)</initializer>
        <briefdescription>
        </briefdescription>
        <detaileddescription>
        </detaileddescription>
        <inbodydescription>
        </inbodydescription>
        <location file="C:/Users/cozma/Downloads/Weathersky-main (1)/Weathersky-main/Meteo6/WeatherSky/map.php" line="46" column="1" bodyfile="C:/Users/cozma/Downloads/Weathersky-main (1)/Weathersky-main/Meteo6/WeatherSky/map.php" bodystart="46" bodyend="-1"/>
      </memberdef>
      <memberdef kind="variable" id="map_8php_1a270fcd32e1040253108d7d58d43c6dcf" prot="public" static="no" mutable="no">
        <type></type>
        <definition>$regions</definition>
        <argsstring></argsstring>
        <name>$regions</name>
        <initializer>= <ref refid="functions_8inc_8php_1a906e10a9d5815649a5e5b99d42ce4cc8" kindref="member">lireCSV</ref>(&quot;regions.csv&quot;)</initializer>
        <briefdescription>
        </briefdescription>
        <detaileddescription>
        </detaileddescription>
        <inbodydescription>
        </inbodydescription>
        <location file="C:/Users/cozma/Downloads/Weathersky-main (1)/Weathersky-main/Meteo6/WeatherSky/map.php" line="47" column="1" bodyfile="C:/Users/cozma/Downloads/Weathersky-main (1)/Weathersky-main/Meteo6/WeatherSky/map.php" bodystart="47" bodyend="-1"/>
      </memberdef>
      <memberdef kind="variable" id="map_8php_1acc3746cfaca53a8d6942c6252b17d14f" prot="public" static="no" mutable="no">
        <type></type>
        <definition>$ville</definition>
        <argsstring></argsstring>
        <name>$ville</name>
        <initializer>= null</initializer>
        <briefdescription>
        </briefdescription>
        <detaileddescription>
        </detaileddescription>
        <inbodydescription>
        </inbodydescription>
        <location file="C:/Users/cozma/Downloads/Weathersky-main (1)/Weathersky-main/Meteo6/WeatherSky/map.php" line="53" column="1" bodyfile="C:/Users/cozma/Downloads/Weathersky-main (1)/Weathersky-main/Meteo6/WeatherSky/map.php" bodystart="53" bodyend="-1"/>
      </memberdef>
      <memberdef kind="variable" id="map_8php_1af498b42b83afed4dfe0af05fd802776c" prot="public" static="no" mutable="no">
        <type></type>
        <definition>$lat</definition>
        <argsstring></argsstring>
        <name>$lat</name>
        <initializer>= null</initializer>
        <briefdescription>
        </briefdescription>
        <detaileddescription>
        </detaileddescription>
        <inbodydescription>
        </inbodydescription>
        <location file="C:/Users/cozma/Downloads/Weathersky-main (1)/Weathersky-main/Meteo6/WeatherSky/map.php" line="54" column="1" bodyfile="C:/Users/cozma/Downloads/Weathersky-main (1)/Weathersky-main/Meteo6/WeatherSky/map.php" bodystart="54" bodyend="-1"/>
      </memberdef>
      <memberdef kind="variable" id="map_8php_1a03836509761c0935d0c55370b184ccd6" prot="public" static="no" mutable="no">
        <type></type>
        <definition>$lon</definition>
        <argsstring></argsstring>
        <name>$lon</name>
        <initializer>= null</initializer>
        <briefdescription>
        </briefdescription>
        <detaileddescription>
        </detaileddescription>
        <inbodydescription>
        </inbodydescription>
        <location file="C:/Users/cozma/Downloads/Weathersky-main (1)/Weathersky-main/Meteo6/WeatherSky/map.php" line="55" column="1" bodyfile="C:/Users/cozma/Downloads/Weathersky-main (1)/Weathersky-main/Meteo6/WeatherSky/map.php" bodystart="55" bodyend="-1"/>
      </memberdef>
      <memberdef kind="variable" id="map_8php_1a460a5a14b74dba77bd113685316a915c" prot="public" static="no" mutable="no">
        <type><ref refid="index_8php_1a0a4a9ea17f3dea7d32f111630540eb0e" kindref="member">if</ref>(isset( $_GET[ &apos;ville&apos;])) <ref refid="index_8php_1a0a4a9ea17f3dea7d32f111630540eb0e" kindref="member">if</ref>(isset($_GET[&apos;dep_code&apos;])) elseif(isset( $_GET[ &apos;ville&apos;], $_GET[ &apos;lat&apos;], $_GET[ &apos;lon&apos;])) elseif(isset($_COOKIE[&apos;derniere_ville&apos;], $_COOKIE[&apos;derniere_lat&apos;], $_COOKIE[&apos;derniere_lon&apos;]))</type>
        <definition>if(isset($_GET[&apos;ville&apos;])) if(isset( $_GET[ &apos;dep_code&apos;])) elseif(isset($_GET[&apos;ville&apos;], $_GET[&apos;lat&apos;], $_GET[&apos;lon&apos;])) elseif (isset( $_COOKIE[ &apos;derniere_ville&apos;], $_COOKIE[ &apos;derniere_lat&apos;], $_COOKIE[ &apos;derniere_lon&apos;])) else</definition>
        <argsstring></argsstring>
        <name>else</name>
        <initializer>{
    $location = <ref refid="functions_8inc_8php_1aeac99c1fbeddea0408331fd576161c8d" kindref="member">getBestVisitorLocation</ref>()</initializer>
        <briefdescription>
        </briefdescription>
        <detaileddescription>
        </detaileddescription>
        <inbodydescription>
        </inbodydescription>
        <location file="C:/Users/cozma/Downloads/Weathersky-main (1)/Weathersky-main/Meteo6/WeatherSky/map.php" line="114" column="2" bodyfile="C:/Users/cozma/Downloads/Weathersky-main (1)/Weathersky-main/Meteo6/WeatherSky/map.php" bodystart="114" bodyend="-1"/>
      </memberdef>
      <memberdef kind="variable" id="map_8php_1a8e0b4669db3780ee9a03b34083febc7a" prot="public" static="no" mutable="no">
        <type></type>
        <definition>$region</definition>
        <argsstring></argsstring>
        <name>$region</name>
        <initializer>= ($ville) ? <ref refid="functions_8inc_8php_1a80b64f17684c840db6c59f880149994e" kindref="member">getRegionFromVille</ref>($ville, $villes, $departements, $regions) : &quot;Région inconnue&quot;</initializer>
        <briefdescription>
        </briefdescription>
        <detaileddescription>
        </detaileddescription>
        <inbodydescription>
        </inbodydescription>
        <location file="C:/Users/cozma/Downloads/Weathersky-main (1)/Weathersky-main/Meteo6/WeatherSky/map.php" line="122" column="1" bodyfile="C:/Users/cozma/Downloads/Weathersky-main (1)/Weathersky-main/Meteo6/WeatherSky/map.php" bodystart="122" bodyend="-1"/>
      </memberdef>
      <memberdef kind="variable" id="map_8php_1aaa54254dfaa7723b609ce4ea91656c35" prot="public" static="no" mutable="no">
        <type></type>
        <definition>$style_css</definition>
        <argsstring></argsstring>
        <name>$style_css</name>
        <initializer>= <ref refid="header_8inc_8php_1a1a9c641ae8a39113009425cbccaee5d5" kindref="member">getStyle</ref>()</initializer>
        <briefdescription>
        </briefdescription>
        <detaileddescription>
        </detaileddescription>
        <inbodydescription>
        </inbodydescription>
        <location file="C:/Users/cozma/Downloads/Weathersky-main (1)/Weathersky-main/Meteo6/WeatherSky/map.php" line="125" column="1" bodyfile="C:/Users/cozma/Downloads/Weathersky-main (1)/Weathersky-main/Meteo6/WeatherSky/map.php" bodystart="125" bodyend="-1"/>
      </memberdef>
    </sectiondef>
    <briefdescription>
    </briefdescription>
    <detaileddescription>
    </detaileddescription>
    <programlisting>
<codeline lineno="1"><highlight class="normal">&lt;?php</highlight></codeline>
<codeline lineno="37"><highlight class="normal">?&gt;</highlight></codeline>
<codeline lineno="38"><highlight class="normal">&lt;?php</highlight></codeline>
<codeline lineno="39"><highlight class="normal"></highlight><highlight class="comment">//<sp/>Inclusion<sp/>des<sp/>fichiers<sp/>nécessaires</highlight><highlight class="normal"></highlight></codeline>
<codeline lineno="40"><highlight class="normal">require<sp/></highlight><highlight class="stringliteral">&quot;./include/header.inc.php&quot;</highlight><highlight class="normal">;</highlight></codeline>
<codeline lineno="41"><highlight class="normal">require<sp/></highlight><highlight class="stringliteral">&quot;./include/functions.inc.php&quot;</highlight><highlight class="normal">;</highlight></codeline>
<codeline lineno="42"><highlight class="normal">require_once(</highlight><highlight class="stringliteral">&quot;./include/meteo.php&quot;</highlight><highlight class="normal">);</highlight></codeline>
<codeline lineno="43"><highlight class="normal"></highlight></codeline>
<codeline lineno="44"><highlight class="normal"></highlight><highlight class="comment">//<sp/>Chargement<sp/>des<sp/>données<sp/>CSV<sp/>(villes,<sp/>départements,<sp/>régions)</highlight><highlight class="normal"></highlight></codeline>
<codeline lineno="45"><highlight class="normal"><ref refid="map_8php_1afdefc0303846ad7cedbfd9acb7184a7a" kindref="member">$villes</ref><sp/>=<sp/><ref refid="functions_8inc_8php_1a906e10a9d5815649a5e5b99d42ce4cc8" kindref="member">lireCSV</ref>(</highlight><highlight class="stringliteral">&quot;villes.csv&quot;</highlight><highlight class="normal">);</highlight></codeline>
<codeline lineno="46"><highlight class="normal"><ref refid="map_8php_1adad9b2799c69f4c9deb75ea73c6b12c8" kindref="member">$departements</ref><sp/>=<sp/><ref refid="functions_8inc_8php_1a906e10a9d5815649a5e5b99d42ce4cc8" kindref="member">lireCSV</ref>(</highlight><highlight class="stringliteral">&quot;departement.csv&quot;</highlight><highlight class="normal">);</highlight></codeline>
<codeline lineno="47"><highlight class="normal"><ref refid="map_8php_1a270fcd32e1040253108d7d58d43c6dcf" kindref="member">$regions</ref><sp/>=<sp/><ref refid="functions_8inc_8php_1a906e10a9d5815649a5e5b99d42ce4cc8" kindref="member">lireCSV</ref>(</highlight><highlight class="stringliteral">&quot;regions.csv&quot;</highlight><highlight class="normal">);</highlight></codeline>
<codeline lineno="48"><highlight class="normal"></highlight></codeline>
<codeline lineno="49"><highlight class="normal"></highlight><highlight class="comment">//<sp/>Fusion<sp/>des<sp/>fichiers<sp/>CSV<sp/>pour<sp/>associer<sp/>les<sp/>villes<sp/>à<sp/>leur<sp/>département<sp/>et<sp/>région</highlight><highlight class="normal"></highlight></codeline>
<codeline lineno="50"><highlight class="normal"><ref refid="map_8php_1afdefc0303846ad7cedbfd9acb7184a7a" kindref="member">$villes</ref><sp/>=<sp/><ref refid="functions_8inc_8php_1a626b8b322d807d72924fb108e61c13f1" kindref="member">relierCSV</ref>(<ref refid="map_8php_1afdefc0303846ad7cedbfd9acb7184a7a" kindref="member">$villes</ref>,<sp/><ref refid="map_8php_1adad9b2799c69f4c9deb75ea73c6b12c8" kindref="member">$departements</ref>,<sp/><ref refid="map_8php_1a270fcd32e1040253108d7d58d43c6dcf" kindref="member">$regions</ref>);</highlight></codeline>
<codeline lineno="51"><highlight class="normal"></highlight></codeline>
<codeline lineno="52"><highlight class="normal"></highlight><highlight class="comment">//<sp/>Initialisation<sp/>des<sp/>variables</highlight><highlight class="normal"></highlight></codeline>
<codeline lineno="53"><highlight class="normal"><ref refid="index_8php_1acc3746cfaca53a8d6942c6252b17d14f" kindref="member">$ville</ref><sp/>=<sp/></highlight><highlight class="keyword">null</highlight><highlight class="normal">;</highlight></codeline>
<codeline lineno="54"><highlight class="normal"><ref refid="map_8php_1af498b42b83afed4dfe0af05fd802776c" kindref="member">$lat</ref><sp/>=<sp/></highlight><highlight class="keyword">null</highlight><highlight class="normal">;</highlight></codeline>
<codeline lineno="55"><highlight class="normal"><ref refid="map_8php_1a03836509761c0935d0c55370b184ccd6" kindref="member">$lon</ref><sp/>=<sp/></highlight><highlight class="keyword">null</highlight><highlight class="normal">;</highlight></codeline>
<codeline lineno="56"><highlight class="normal"></highlight></codeline>
<codeline lineno="57"><highlight class="normal"></highlight><highlight class="comment">//<sp/>Enregistrement<sp/>d&apos;une<sp/>statistique<sp/>de<sp/>recherche<sp/>de<sp/>ville</highlight><highlight class="normal"></highlight></codeline>
<codeline lineno="58"><highlight class="normal"></highlight><highlight class="keywordflow">if</highlight><highlight class="normal"><sp/>(isset($_GET[</highlight><highlight class="stringliteral">&apos;ville&apos;</highlight><highlight class="normal">]))<sp/>{</highlight></codeline>
<codeline lineno="59"><highlight class="normal"><sp/><sp/><sp/><sp/>$villeStatsFile<sp/>=<sp/></highlight><highlight class="stringliteral">&quot;stats_villes.json&quot;</highlight><highlight class="normal">;</highlight></codeline>
<codeline lineno="60"><highlight class="normal"><sp/><sp/><sp/><sp/>$stats<sp/>=<sp/>[];</highlight></codeline>
<codeline lineno="61"><highlight class="normal"></highlight></codeline>
<codeline lineno="62"><highlight class="normal"><sp/><sp/><sp/><sp/></highlight><highlight class="comment">//<sp/>Lecture<sp/>du<sp/>fichier<sp/>de<sp/>statistiques<sp/>s&apos;il<sp/>existe</highlight><highlight class="normal"></highlight></codeline>
<codeline lineno="63"><highlight class="normal"><sp/><sp/><sp/><sp/></highlight><highlight class="keywordflow">if</highlight><highlight class="normal"><sp/>(file_exists($villeStatsFile))<sp/>{</highlight></codeline>
<codeline lineno="64"><highlight class="normal"><sp/><sp/><sp/><sp/><sp/><sp/><sp/><sp/>$stats<sp/>=<sp/>json_decode(file_get_contents($villeStatsFile),<sp/></highlight><highlight class="keyword">true</highlight><highlight class="normal">);</highlight></codeline>
<codeline lineno="65"><highlight class="normal"><sp/><sp/><sp/><sp/>}</highlight></codeline>
<codeline lineno="66"><highlight class="normal"></highlight></codeline>
<codeline lineno="67"><highlight class="normal"><sp/><sp/><sp/><sp/>$villeRech<sp/>=<sp/>$_GET[</highlight><highlight class="stringliteral">&apos;ville&apos;</highlight><highlight class="normal">];</highlight></codeline>
<codeline lineno="68"><highlight class="normal"><sp/><sp/><sp/><sp/></highlight><highlight class="comment">//<sp/>Incrémentation<sp/>du<sp/>compteur<sp/>de<sp/>la<sp/>ville</highlight><highlight class="normal"></highlight></codeline>
<codeline lineno="69"><highlight class="normal"><sp/><sp/><sp/><sp/></highlight><highlight class="keywordflow">if</highlight><highlight class="normal"><sp/>(!isset($stats[$villeRech]))<sp/>{</highlight></codeline>
<codeline lineno="70"><highlight class="normal"><sp/><sp/><sp/><sp/><sp/><sp/><sp/><sp/>$stats[$villeRech]<sp/>=<sp/>0;</highlight></codeline>
<codeline lineno="71"><highlight class="normal"><sp/><sp/><sp/><sp/>}</highlight></codeline>
<codeline lineno="72"><highlight class="normal"><sp/><sp/><sp/><sp/>$stats[$villeRech]++;</highlight></codeline>
<codeline lineno="73"><highlight class="normal"><sp/><sp/><sp/><sp/>file_put_contents($villeStatsFile,<sp/>json_encode($stats,<sp/>JSON_PRETTY_PRINT));</highlight></codeline>
<codeline lineno="74"><highlight class="normal">}</highlight></codeline>
<codeline lineno="75"><highlight class="normal"></highlight></codeline>
<codeline lineno="76"><highlight class="normal"></highlight><highlight class="comment">//<sp/>Cas<sp/>1<sp/>:<sp/>l&apos;utilisateur<sp/>choisit<sp/>un<sp/>département<sp/>=&gt;<sp/>récupération<sp/>de<sp/>sa<sp/>préfecture</highlight><highlight class="normal"></highlight></codeline>
<codeline lineno="77"><highlight class="normal"></highlight><highlight class="keywordflow">if</highlight><highlight class="normal"><sp/>(isset($_GET[</highlight><highlight class="stringliteral">&apos;dep_code&apos;</highlight><highlight class="normal">]))<sp/>{</highlight></codeline>
<codeline lineno="78"><highlight class="normal"><sp/><sp/><sp/><sp/>$codeDep<sp/>=<sp/>$_GET[</highlight><highlight class="stringliteral">&apos;dep_code&apos;</highlight><highlight class="normal">];</highlight></codeline>
<codeline lineno="79"><highlight class="normal"><sp/><sp/><sp/><sp/>$prefecture<sp/>=<sp/><ref refid="functions_8inc_8php_1a72345c1d08ed22bfadd7b93ce224bbd3" kindref="member">getPrefectureParDepartement</ref>($codeDep,<sp/><ref refid="map_8php_1afdefc0303846ad7cedbfd9acb7184a7a" kindref="member">$villes</ref>);</highlight></codeline>
<codeline lineno="80"><highlight class="normal"></highlight></codeline>
<codeline lineno="81"><highlight class="normal"><sp/><sp/><sp/><sp/></highlight><highlight class="keywordflow">if</highlight><highlight class="normal"><sp/>($prefecture)<sp/>{</highlight></codeline>
<codeline lineno="82"><highlight class="normal"><sp/><sp/><sp/><sp/><sp/><sp/><sp/><sp/><ref refid="index_8php_1acc3746cfaca53a8d6942c6252b17d14f" kindref="member">$ville</ref><sp/>=<sp/>$prefecture[</highlight><highlight class="stringliteral">&apos;nom&apos;</highlight><highlight class="normal">];</highlight></codeline>
<codeline lineno="83"><highlight class="normal"><sp/><sp/><sp/><sp/><sp/><sp/><sp/><sp/><ref refid="map_8php_1af498b42b83afed4dfe0af05fd802776c" kindref="member">$lat</ref><sp/>=<sp/>$prefecture[</highlight><highlight class="stringliteral">&apos;lat&apos;</highlight><highlight class="normal">];</highlight></codeline>
<codeline lineno="84"><highlight class="normal"><sp/><sp/><sp/><sp/><sp/><sp/><sp/><sp/><ref refid="map_8php_1a03836509761c0935d0c55370b184ccd6" kindref="member">$lon</ref><sp/>=<sp/>$prefecture[</highlight><highlight class="stringliteral">&apos;lon&apos;</highlight><highlight class="normal">];</highlight></codeline>
<codeline lineno="85"><highlight class="normal"></highlight></codeline>
<codeline lineno="86"><highlight class="normal"><sp/><sp/><sp/><sp/><sp/><sp/><sp/><sp/></highlight><highlight class="comment">//<sp/>Enregistrement<sp/>dans<sp/>les<sp/>cookies</highlight><highlight class="normal"></highlight></codeline>
<codeline lineno="87"><highlight class="normal"><sp/><sp/><sp/><sp/><sp/><sp/><sp/><sp/>setcookie(</highlight><highlight class="stringliteral">&quot;derniere_ville&quot;</highlight><highlight class="normal">,<sp/><ref refid="index_8php_1acc3746cfaca53a8d6942c6252b17d14f" kindref="member">$ville</ref>,<sp/>time()<sp/>+<sp/>7<sp/>*<sp/>24<sp/>*<sp/>3600);</highlight></codeline>
<codeline lineno="88"><highlight class="normal"><sp/><sp/><sp/><sp/><sp/><sp/><sp/><sp/>setcookie(</highlight><highlight class="stringliteral">&quot;derniere_lat&quot;</highlight><highlight class="normal">,<sp/><ref refid="map_8php_1af498b42b83afed4dfe0af05fd802776c" kindref="member">$lat</ref>,<sp/>time()<sp/>+<sp/>7<sp/>*<sp/>24<sp/>*<sp/>3600);</highlight></codeline>
<codeline lineno="89"><highlight class="normal"><sp/><sp/><sp/><sp/><sp/><sp/><sp/><sp/>setcookie(</highlight><highlight class="stringliteral">&quot;derniere_lon&quot;</highlight><highlight class="normal">,<sp/><ref refid="map_8php_1a03836509761c0935d0c55370b184ccd6" kindref="member">$lon</ref>,<sp/>time()<sp/>+<sp/>7<sp/>*<sp/>24<sp/>*<sp/>3600);</highlight></codeline>
<codeline lineno="90"><highlight class="normal"></highlight></codeline>
<codeline lineno="91"><highlight class="normal"><sp/><sp/><sp/><sp/><sp/><sp/><sp/><sp/></highlight><highlight class="comment">//<sp/>Redirection<sp/>vers<sp/>index.php<sp/>avec<sp/>les<sp/>coordonnées</highlight><highlight class="normal"></highlight></codeline>
<codeline lineno="92"><highlight class="normal"><sp/><sp/><sp/><sp/><sp/><sp/><sp/><sp/>header(</highlight><highlight class="stringliteral">&quot;Location:<sp/>index.php?ville=&quot;</highlight><highlight class="normal"><sp/>.<sp/>urlencode(<ref refid="index_8php_1acc3746cfaca53a8d6942c6252b17d14f" kindref="member">$ville</ref>)<sp/>.<sp/></highlight><highlight class="stringliteral">&quot;&amp;lat=$lat&amp;lon=$lon&quot;</highlight><highlight class="normal">);</highlight></codeline>
<codeline lineno="93"><highlight class="normal"><sp/><sp/><sp/><sp/><sp/><sp/><sp/><sp/>exit;</highlight></codeline>
<codeline lineno="94"><highlight class="normal"><sp/><sp/><sp/><sp/>}</highlight></codeline>
<codeline lineno="95"><highlight class="normal"></highlight></codeline>
<codeline lineno="96"><highlight class="normal"></highlight><highlight class="comment">//<sp/>Cas<sp/>2<sp/>:<sp/>les<sp/>coordonnées<sp/>sont<sp/>passées<sp/>dans<sp/>l&apos;URL</highlight><highlight class="normal"></highlight></codeline>
<codeline lineno="97"><highlight class="normal">}<sp/>elseif<sp/>(isset($_GET[</highlight><highlight class="stringliteral">&apos;ville&apos;</highlight><highlight class="normal">],<sp/>$_GET[</highlight><highlight class="stringliteral">&apos;lat&apos;</highlight><highlight class="normal">],<sp/>$_GET[</highlight><highlight class="stringliteral">&apos;lon&apos;</highlight><highlight class="normal">]))<sp/>{</highlight></codeline>
<codeline lineno="98"><highlight class="normal"><sp/><sp/><sp/><sp/><ref refid="index_8php_1acc3746cfaca53a8d6942c6252b17d14f" kindref="member">$ville</ref><sp/>=<sp/>$_GET[</highlight><highlight class="stringliteral">&apos;ville&apos;</highlight><highlight class="normal">];</highlight></codeline>
<codeline lineno="99"><highlight class="normal"><sp/><sp/><sp/><sp/><ref refid="map_8php_1af498b42b83afed4dfe0af05fd802776c" kindref="member">$lat</ref><sp/>=<sp/>$_GET[</highlight><highlight class="stringliteral">&apos;lat&apos;</highlight><highlight class="normal">];</highlight></codeline>
<codeline lineno="100"><highlight class="normal"><sp/><sp/><sp/><sp/><ref refid="map_8php_1a03836509761c0935d0c55370b184ccd6" kindref="member">$lon</ref><sp/>=<sp/>$_GET[</highlight><highlight class="stringliteral">&apos;lon&apos;</highlight><highlight class="normal">];</highlight></codeline>
<codeline lineno="101"><highlight class="normal"></highlight></codeline>
<codeline lineno="102"><highlight class="normal"><sp/><sp/><sp/><sp/></highlight><highlight class="comment">//<sp/>Sauvegarde<sp/>dans<sp/>les<sp/>cookies</highlight><highlight class="normal"></highlight></codeline>
<codeline lineno="103"><highlight class="normal"><sp/><sp/><sp/><sp/>setcookie(</highlight><highlight class="stringliteral">&quot;derniere_ville&quot;</highlight><highlight class="normal">,<sp/><ref refid="index_8php_1acc3746cfaca53a8d6942c6252b17d14f" kindref="member">$ville</ref>,<sp/>time()<sp/>+<sp/>7<sp/>*<sp/>24<sp/>*<sp/>3600);</highlight></codeline>
<codeline lineno="104"><highlight class="normal"><sp/><sp/><sp/><sp/>setcookie(</highlight><highlight class="stringliteral">&quot;derniere_lat&quot;</highlight><highlight class="normal">,<sp/><ref refid="map_8php_1af498b42b83afed4dfe0af05fd802776c" kindref="member">$lat</ref>,<sp/>time()<sp/>+<sp/>7<sp/>*<sp/>24<sp/>*<sp/>3600);</highlight></codeline>
<codeline lineno="105"><highlight class="normal"><sp/><sp/><sp/><sp/>setcookie(</highlight><highlight class="stringliteral">&quot;derniere_lon&quot;</highlight><highlight class="normal">,<sp/><ref refid="map_8php_1a03836509761c0935d0c55370b184ccd6" kindref="member">$lon</ref>,<sp/>time()<sp/>+<sp/>7<sp/>*<sp/>24<sp/>*<sp/>3600);</highlight></codeline>
<codeline lineno="106"><highlight class="normal"></highlight></codeline>
<codeline lineno="107"><highlight class="normal"></highlight><highlight class="comment">//<sp/>Cas<sp/>3<sp/>:<sp/>les<sp/>coordonnées<sp/>sont<sp/>déjà<sp/>présentes<sp/>dans<sp/>les<sp/>cookies</highlight><highlight class="normal"></highlight></codeline>
<codeline lineno="108"><highlight class="normal">}<sp/>elseif<sp/>(isset($_COOKIE[</highlight><highlight class="stringliteral">&apos;derniere_ville&apos;</highlight><highlight class="normal">],<sp/>$_COOKIE[</highlight><highlight class="stringliteral">&apos;derniere_lat&apos;</highlight><highlight class="normal">],<sp/>$_COOKIE[</highlight><highlight class="stringliteral">&apos;derniere_lon&apos;</highlight><highlight class="normal">]))<sp/>{</highlight></codeline>
<codeline lineno="109"><highlight class="normal"><sp/><sp/><sp/><sp/><ref refid="index_8php_1acc3746cfaca53a8d6942c6252b17d14f" kindref="member">$ville</ref><sp/>=<sp/>$_COOKIE[</highlight><highlight class="stringliteral">&apos;derniere_ville&apos;</highlight><highlight class="normal">];</highlight></codeline>
<codeline lineno="110"><highlight class="normal"><sp/><sp/><sp/><sp/><ref refid="map_8php_1af498b42b83afed4dfe0af05fd802776c" kindref="member">$lat</ref><sp/>=<sp/>$_COOKIE[</highlight><highlight class="stringliteral">&apos;derniere_lat&apos;</highlight><highlight class="normal">];</highlight></codeline>
<codeline lineno="111"><highlight class="normal"><sp/><sp/><sp/><sp/><ref refid="map_8php_1a03836509761c0935d0c55370b184ccd6" kindref="member">$lon</ref><sp/>=<sp/>$_COOKIE[</highlight><highlight class="stringliteral">&apos;derniere_lon&apos;</highlight><highlight class="normal">];</highlight></codeline>
<codeline lineno="112"><highlight class="normal"></highlight></codeline>
<codeline lineno="113"><highlight class="normal"></highlight><highlight class="comment">//<sp/>Cas<sp/>4<sp/>:<sp/>aucune<sp/>donnée<sp/>→<sp/>tentative<sp/>de<sp/>géolocalisation<sp/>via<sp/>IP</highlight><highlight class="normal"></highlight></codeline>
<codeline lineno="114"><highlight class="normal">}<sp/></highlight><highlight class="keywordflow">else</highlight><highlight class="normal"><sp/>{</highlight></codeline>
<codeline lineno="115"><highlight class="normal"><sp/><sp/><sp/><sp/>$location<sp/>=<sp/><ref refid="functions_8inc_8php_1aeac99c1fbeddea0408331fd576161c8d" kindref="member">getBestVisitorLocation</ref>();</highlight></codeline>
<codeline lineno="116"><highlight class="normal"><sp/><sp/><sp/><sp/><ref refid="index_8php_1acc3746cfaca53a8d6942c6252b17d14f" kindref="member">$ville</ref><sp/>=<sp/>$location[</highlight><highlight class="stringliteral">&apos;city&apos;</highlight><highlight class="normal">]<sp/>??<sp/></highlight><highlight class="stringliteral">&apos;Inconnue&apos;</highlight><highlight class="normal">;</highlight></codeline>
<codeline lineno="117"><highlight class="normal"><sp/><sp/><sp/><sp/><ref refid="map_8php_1af498b42b83afed4dfe0af05fd802776c" kindref="member">$lat</ref><sp/>=<sp/>$location[</highlight><highlight class="stringliteral">&apos;latitude&apos;</highlight><highlight class="normal">];</highlight></codeline>
<codeline lineno="118"><highlight class="normal"><sp/><sp/><sp/><sp/><ref refid="map_8php_1a03836509761c0935d0c55370b184ccd6" kindref="member">$lon</ref><sp/>=<sp/>$location[</highlight><highlight class="stringliteral">&apos;longitude&apos;</highlight><highlight class="normal">];</highlight></codeline>
<codeline lineno="119"><highlight class="normal">}</highlight></codeline>
<codeline lineno="120"><highlight class="normal"></highlight></codeline>
<codeline lineno="121"><highlight class="normal"></highlight><highlight class="comment">//<sp/>Récupération<sp/>de<sp/>la<sp/>région<sp/>correspondant<sp/>à<sp/>la<sp/>ville<sp/>sélectionnée</highlight><highlight class="normal"></highlight></codeline>
<codeline lineno="122"><highlight class="normal"><ref refid="map_8php_1a8e0b4669db3780ee9a03b34083febc7a" kindref="member">$region</ref><sp/>=<sp/>(<ref refid="index_8php_1acc3746cfaca53a8d6942c6252b17d14f" kindref="member">$ville</ref>)<sp/>?<sp/><ref refid="functions_8inc_8php_1a80b64f17684c840db6c59f880149994e" kindref="member">getRegionFromVille</ref>(<ref refid="index_8php_1acc3746cfaca53a8d6942c6252b17d14f" kindref="member">$ville</ref>,<sp/><ref refid="map_8php_1afdefc0303846ad7cedbfd9acb7184a7a" kindref="member">$villes</ref>,<sp/><ref refid="map_8php_1adad9b2799c69f4c9deb75ea73c6b12c8" kindref="member">$departements</ref>,<sp/><ref refid="map_8php_1a270fcd32e1040253108d7d58d43c6dcf" kindref="member">$regions</ref>)<sp/>:<sp/></highlight><highlight class="stringliteral">&quot;Région<sp/>inconnue&quot;</highlight><highlight class="normal">;</highlight></codeline>
<codeline lineno="123"><highlight class="normal"></highlight></codeline>
<codeline lineno="124"><highlight class="normal"></highlight><highlight class="comment">//<sp/>Récupération<sp/>du<sp/>thème<sp/>CSS<sp/>actuel</highlight><highlight class="normal"></highlight></codeline>
<codeline lineno="125"><highlight class="normal"><ref refid="map_8php_1aaa54254dfaa7723b609ce4ea91656c35" kindref="member">$style_css</ref><sp/>=<sp/><ref refid="header_8inc_8php_1a1a9c641ae8a39113009425cbccaee5d5" kindref="member">getStyle</ref>();<sp/></highlight></codeline>
<codeline lineno="126"><highlight class="normal"></highlight></codeline>
<codeline lineno="127"><highlight class="normal"></highlight><highlight class="comment">//<sp/>Affichage<sp/>de<sp/>l&apos;en-tête<sp/>du<sp/>site</highlight><highlight class="normal"></highlight></codeline>
<codeline lineno="128"><highlight class="normal">echo<sp/><ref refid="header_8inc_8php_1a2b4b26a72f19e4593eddfb63e3689c46" kindref="member">en_tete</ref>(</highlight><highlight class="stringliteral">&quot;WeatherSky&quot;</highlight><highlight class="normal">,<sp/></highlight><highlight class="keyword">false</highlight><highlight class="normal">);</highlight></codeline>
<codeline lineno="129"><highlight class="normal"></highlight></codeline>
<codeline lineno="130"><highlight class="normal">?&gt;</highlight></codeline>
<codeline lineno="131"><highlight class="normal"></highlight></codeline>
<codeline lineno="132"><highlight class="normal">&lt;!--<sp/>En-tête<sp/>de<sp/>la<sp/>page<sp/>--&gt;</highlight></codeline>
<codeline lineno="133"><highlight class="normal">&lt;title&gt;Accueil<sp/>-<sp/>Météo&lt;/title&gt;</highlight></codeline>
<codeline lineno="134"><highlight class="normal">&lt;!--<sp/>Feuilles<sp/>de<sp/>styles<sp/>et<sp/>Leaflet<sp/>pour<sp/>la<sp/>carte<sp/>--&gt;</highlight></codeline>
<codeline lineno="135"><highlight class="normal">&lt;link<sp/>rel=</highlight><highlight class="stringliteral">&quot;stylesheet&quot;</highlight><highlight class="normal"><sp/>href=</highlight><highlight class="stringliteral">&quot;https://unpkg.com/leaflet@1.9.4/dist/leaflet.css&quot;</highlight><highlight class="normal"><sp/>/&gt;</highlight></codeline>
<codeline lineno="136"><highlight class="normal">&lt;script<sp/>src=</highlight><highlight class="stringliteral">&quot;https://unpkg.com/leaflet@1.9.4/dist/leaflet.js&quot;</highlight><highlight class="normal">&gt;&lt;/script&gt;</highlight></codeline>
<codeline lineno="137"><highlight class="normal">&lt;link<sp/>rel=</highlight><highlight class="stringliteral">&quot;stylesheet&quot;</highlight><highlight class="normal"><sp/>href=</highlight><highlight class="stringliteral">&quot;style.css&quot;</highlight><highlight class="normal"><sp/>/&gt;</highlight></codeline>
<codeline lineno="138"><highlight class="normal"></highlight></codeline>
<codeline lineno="139"><highlight class="normal">&lt;!--<sp/>Contenu<sp/>principal<sp/>--&gt;</highlight></codeline>
<codeline lineno="140"><highlight class="normal">&lt;main&gt;</highlight></codeline>
<codeline lineno="141"><highlight class="normal"><sp/><sp/>&lt;div<sp/></highlight><highlight class="keyword">class</highlight><highlight class="normal">=</highlight><highlight class="stringliteral">&quot;main-part&quot;</highlight><highlight class="normal">&gt;</highlight></codeline>
<codeline lineno="142"><highlight class="normal"><sp/><sp/><sp/><sp/>&lt;h1&gt;🌤️<sp/>Bienvenue<sp/>sur<sp/>Météo<sp/>France&lt;/h1&gt;</highlight></codeline>
<codeline lineno="143"><highlight class="normal"></highlight></codeline>
<codeline lineno="144"><highlight class="normal"><sp/><sp/><sp/><sp/>&lt;!--<sp/>Formulaire<sp/>de<sp/>recherche<sp/>par<sp/>département<sp/>--&gt;</highlight></codeline>
<codeline lineno="145"><highlight class="normal"><sp/><sp/><sp/><sp/>&lt;section&gt;</highlight></codeline>
<codeline lineno="146"><highlight class="normal"><sp/><sp/><sp/><sp/><sp/><sp/>&lt;h2&gt;📍<sp/>Recherche<sp/>par<sp/>département&lt;/h2&gt;</highlight></codeline>
<codeline lineno="147"><highlight class="normal"><sp/><sp/><sp/><sp/><sp/><sp/>&lt;form<sp/>method=</highlight><highlight class="stringliteral">&quot;GET&quot;</highlight><highlight class="normal"><sp/>action=</highlight><highlight class="stringliteral">&quot;&quot;</highlight><highlight class="normal"><sp/></highlight><highlight class="keywordtype">id</highlight><highlight class="normal">=</highlight><highlight class="stringliteral">&quot;form-departement&quot;</highlight><highlight class="normal">&gt;</highlight></codeline>
<codeline lineno="148"><highlight class="normal"><sp/><sp/><sp/><sp/><sp/><sp/><sp/><sp/>&lt;select<sp/></highlight><highlight class="keywordtype">id</highlight><highlight class="normal">=</highlight><highlight class="stringliteral">&quot;departement&quot;</highlight><highlight class="normal"><sp/>required&gt;</highlight></codeline>
<codeline lineno="149"><highlight class="normal"><sp/><sp/><sp/><sp/><sp/><sp/><sp/><sp/><sp/><sp/>&lt;option<sp/>value=</highlight><highlight class="stringliteral">&quot;&quot;</highlight><highlight class="normal">&gt;--<sp/>Sélectionnez<sp/>un<sp/>département<sp/>--&lt;/option&gt;</highlight></codeline>
<codeline lineno="150"><highlight class="normal"><sp/><sp/><sp/><sp/><sp/><sp/><sp/><sp/>&lt;/select&gt;</highlight></codeline>
<codeline lineno="151"><highlight class="normal"><sp/><sp/><sp/><sp/><sp/><sp/><sp/><sp/>&lt;!--<sp/>Champs<sp/>cachés<sp/>pour<sp/>le<sp/>nom<sp/>de<sp/>ville<sp/>+<sp/>coordonnées<sp/>--&gt;</highlight></codeline>
<codeline lineno="152"><highlight class="normal"><sp/><sp/><sp/><sp/><sp/><sp/><sp/><sp/>&lt;input<sp/>type=</highlight><highlight class="stringliteral">&quot;hidden&quot;</highlight><highlight class="normal"><sp/>name=</highlight><highlight class="stringliteral">&quot;ville&quot;</highlight><highlight class="normal"><sp/></highlight><highlight class="keywordtype">id</highlight><highlight class="normal">=</highlight><highlight class="stringliteral">&quot;ville-dep&quot;</highlight><highlight class="normal"><sp/>/&gt;</highlight></codeline>
<codeline lineno="153"><highlight class="normal"><sp/><sp/><sp/><sp/><sp/><sp/><sp/><sp/>&lt;input<sp/>type=</highlight><highlight class="stringliteral">&quot;hidden&quot;</highlight><highlight class="normal"><sp/>name=</highlight><highlight class="stringliteral">&quot;lat&quot;</highlight><highlight class="normal"><sp/></highlight><highlight class="keywordtype">id</highlight><highlight class="normal">=</highlight><highlight class="stringliteral">&quot;lat-dep&quot;</highlight><highlight class="normal"><sp/>/&gt;</highlight></codeline>
<codeline lineno="154"><highlight class="normal"><sp/><sp/><sp/><sp/><sp/><sp/><sp/><sp/>&lt;input<sp/>type=</highlight><highlight class="stringliteral">&quot;hidden&quot;</highlight><highlight class="normal"><sp/>name=</highlight><highlight class="stringliteral">&quot;lon&quot;</highlight><highlight class="normal"><sp/></highlight><highlight class="keywordtype">id</highlight><highlight class="normal">=</highlight><highlight class="stringliteral">&quot;lon-dep&quot;</highlight><highlight class="normal"><sp/>/&gt;</highlight></codeline>
<codeline lineno="155"><highlight class="normal"><sp/><sp/><sp/><sp/><sp/><sp/><sp/><sp/>&lt;button<sp/>type=</highlight><highlight class="stringliteral">&quot;submit&quot;</highlight><highlight class="normal">&gt;Voir<sp/>la<sp/>météo&lt;/button&gt;</highlight></codeline>
<codeline lineno="156"><highlight class="normal"><sp/><sp/><sp/><sp/><sp/><sp/>&lt;/form&gt;</highlight></codeline>
<codeline lineno="157"><highlight class="normal"><sp/><sp/><sp/><sp/>&lt;/section&gt;</highlight></codeline>
<codeline lineno="158"><highlight class="normal"></highlight></codeline>
<codeline lineno="159"><highlight class="normal"><sp/><sp/><sp/><sp/>&lt;!--<sp/>Formulaire<sp/>de<sp/>recherche<sp/>par<sp/>ville<sp/>--&gt;</highlight></codeline>
<codeline lineno="160"><highlight class="normal"><sp/><sp/><sp/><sp/>&lt;section&gt;</highlight></codeline>
<codeline lineno="161"><highlight class="normal"><sp/><sp/><sp/><sp/><sp/><sp/>&lt;h2&gt;🔍<sp/>Recherche<sp/>par<sp/>ville&lt;/h2&gt;</highlight></codeline>
<codeline lineno="162"><highlight class="normal"><sp/><sp/><sp/><sp/><sp/><sp/>&lt;form<sp/></highlight><highlight class="keywordtype">id</highlight><highlight class="normal">=</highlight><highlight class="stringliteral">&quot;form-ville&quot;</highlight><highlight class="normal"><sp/>method=</highlight><highlight class="stringliteral">&quot;GET&quot;</highlight><highlight class="normal"><sp/>action=</highlight><highlight class="stringliteral">&quot;&quot;</highlight><highlight class="normal">&gt;</highlight></codeline>
<codeline lineno="163"><highlight class="normal"><sp/><sp/><sp/><sp/><sp/><sp/><sp/><sp/>&lt;input<sp/>type=</highlight><highlight class="stringliteral">&quot;text&quot;</highlight><highlight class="normal"><sp/>name=</highlight><highlight class="stringliteral">&quot;ville&quot;</highlight><highlight class="normal"><sp/></highlight><highlight class="keywordtype">id</highlight><highlight class="normal">=</highlight><highlight class="stringliteral">&quot;ville-ville&quot;</highlight><highlight class="normal"><sp/>placeholder=</highlight><highlight class="stringliteral">&quot;Entrez<sp/>une<sp/>ville...&quot;</highlight><highlight class="normal"><sp/>autocomplete=</highlight><highlight class="stringliteral">&quot;off&quot;</highlight><highlight class="normal"><sp/>required<sp/>/&gt;</highlight></codeline>
<codeline lineno="164"><highlight class="normal"><sp/><sp/><sp/><sp/><sp/><sp/><sp/><sp/>&lt;ul<sp/></highlight><highlight class="keywordtype">id</highlight><highlight class="normal">=</highlight><highlight class="stringliteral">&quot;suggestions&quot;</highlight><highlight class="normal">&gt;&lt;/ul&gt;</highlight></codeline>
<codeline lineno="165"><highlight class="normal"><sp/><sp/><sp/><sp/><sp/><sp/><sp/><sp/>&lt;input<sp/>type=</highlight><highlight class="stringliteral">&quot;hidden&quot;</highlight><highlight class="normal"><sp/>name=</highlight><highlight class="stringliteral">&quot;lat&quot;</highlight><highlight class="normal"><sp/></highlight><highlight class="keywordtype">id</highlight><highlight class="normal">=</highlight><highlight class="stringliteral">&quot;lat-ville&quot;</highlight><highlight class="normal"><sp/>/&gt;</highlight></codeline>
<codeline lineno="166"><highlight class="normal"><sp/><sp/><sp/><sp/><sp/><sp/><sp/><sp/>&lt;input<sp/>type=</highlight><highlight class="stringliteral">&quot;hidden&quot;</highlight><highlight class="normal"><sp/>name=</highlight><highlight class="stringliteral">&quot;lon&quot;</highlight><highlight class="normal"><sp/></highlight><highlight class="keywordtype">id</highlight><highlight class="normal">=</highlight><highlight class="stringliteral">&quot;lon-ville&quot;</highlight><highlight class="normal"><sp/>/&gt;</highlight></codeline>
<codeline lineno="167"><highlight class="normal"><sp/><sp/><sp/><sp/><sp/><sp/>&lt;/form&gt;</highlight></codeline>
<codeline lineno="168"><highlight class="normal"><sp/><sp/><sp/><sp/>&lt;/section&gt;</highlight></codeline>
<codeline lineno="169"><highlight class="normal"></highlight></codeline>
<codeline lineno="170"><highlight class="normal"><sp/><sp/><sp/><sp/>&lt;!--<sp/>Carte<sp/>interactive<sp/>--&gt;</highlight></codeline>
<codeline lineno="171"><highlight class="normal"><sp/><sp/><sp/><sp/>&lt;section&gt;</highlight></codeline>
<codeline lineno="172"><highlight class="normal"><sp/><sp/><sp/><sp/><sp/><sp/>&lt;h2&gt;🗺️<sp/>Carte<sp/>interactive&lt;/h2&gt;</highlight></codeline>
<codeline lineno="173"><highlight class="normal"><sp/><sp/><sp/><sp/><sp/><sp/>&lt;p&gt;🔹<sp/>Cliquez<sp/>sur<sp/>une<sp/>zone<sp/>pour<sp/>voir<sp/>la<sp/>météo<sp/>du<sp/>jour&lt;/p&gt;</highlight></codeline>
<codeline lineno="174"><highlight class="normal"><sp/><sp/><sp/><sp/><sp/><sp/>&lt;div<sp/></highlight><highlight class="keywordtype">id</highlight><highlight class="normal">=</highlight><highlight class="stringliteral">&quot;map-departements&quot;</highlight><highlight class="normal"><sp/>style=</highlight><highlight class="stringliteral">&quot;height:<sp/>500px;<sp/>width:<sp/>100%;<sp/>border:<sp/>2px<sp/>solid<sp/>#ccc;<sp/>border-radius:<sp/>10px;&quot;</highlight><highlight class="normal">&gt;&lt;/div&gt;</highlight></codeline>
<codeline lineno="175"><highlight class="normal"><sp/><sp/><sp/><sp/>&lt;/section&gt;</highlight></codeline>
<codeline lineno="176"><highlight class="normal"></highlight></codeline>
<codeline lineno="177"><highlight class="normal"><sp/><sp/><sp/><sp/>&lt;!--<sp/>Prévisions<sp/>météo<sp/>à<sp/>insérer<sp/>dynamiquement<sp/>--&gt;</highlight></codeline>
<codeline lineno="178"><highlight class="normal"><sp/><sp/><sp/><sp/>&lt;section<sp/></highlight><highlight class="keywordtype">id</highlight><highlight class="normal">=</highlight><highlight class="stringliteral">&quot;previsions&quot;</highlight><highlight class="normal">&gt;</highlight></codeline>
<codeline lineno="179"><highlight class="normal"><sp/><sp/><sp/><sp/><sp/><sp/>&lt;!--<sp/>Prévisions<sp/>météo<sp/>injectées<sp/>par<sp/>JS<sp/>--&gt;</highlight></codeline>
<codeline lineno="180"><highlight class="normal"><sp/><sp/><sp/><sp/>&lt;/section&gt;</highlight></codeline>
<codeline lineno="181"><highlight class="normal"><sp/><sp/>&lt;/div&gt;</highlight></codeline>
<codeline lineno="182"><highlight class="normal">&lt;/main&gt;</highlight></codeline>
<codeline lineno="183"><highlight class="normal"></highlight></codeline>
<codeline lineno="184"><highlight class="normal">&lt;!--<sp/>Script<sp/>principal<sp/>JS<sp/>--&gt;</highlight></codeline>
<codeline lineno="185"><highlight class="normal">&lt;script<sp/>src=</highlight><highlight class="stringliteral">&quot;js/script.js&quot;</highlight><highlight class="normal">&gt;&lt;/script&gt;</highlight></codeline>
<codeline lineno="186"><highlight class="normal"></highlight></codeline>
<codeline lineno="187"><highlight class="normal">&lt;?php</highlight></codeline>
<codeline lineno="188"><highlight class="normal"></highlight><highlight class="comment">//<sp/>Inclusion<sp/>du<sp/>pied<sp/>de<sp/>page</highlight><highlight class="normal"></highlight></codeline>
<codeline lineno="189"><highlight class="normal">require<sp/></highlight><highlight class="stringliteral">&quot;./include/footer.inc.php&quot;</highlight><highlight class="normal">;</highlight></codeline>
<codeline lineno="190"><highlight class="normal">?&gt;</highlight></codeline>
<codeline lineno="191"><highlight class="normal"></highlight></codeline>
<codeline lineno="192"><highlight class="normal"></highlight></codeline>
<codeline lineno="193"><highlight class="normal"></highlight></codeline>
<codeline lineno="194"><highlight class="normal"></highlight></codeline>
<codeline lineno="195"><highlight class="normal"></highlight></codeline>
<codeline lineno="196"><highlight class="normal"></highlight></codeline>
<codeline lineno="197"><highlight class="normal"></highlight></codeline>
<codeline lineno="198"><highlight class="normal"></highlight></codeline>
<codeline lineno="199"><highlight class="normal"></highlight></codeline>
<codeline lineno="200"><highlight class="normal"></highlight></codeline>
<codeline lineno="201"><highlight class="normal"></highlight></codeline>
<codeline lineno="202"><highlight class="normal"></highlight></codeline>
<codeline lineno="203"><highlight class="normal"></highlight></codeline>
<codeline lineno="204"><highlight class="normal"></highlight></codeline>
<codeline lineno="205"><highlight class="normal"></highlight></codeline>
<codeline lineno="206"><highlight class="normal"></highlight></codeline>
<codeline lineno="207"><highlight class="normal"></highlight></codeline>
<codeline lineno="208"><highlight class="normal"></highlight></codeline>
<codeline lineno="209"><highlight class="normal"></highlight></codeline>
<codeline lineno="210"><highlight class="normal"></highlight></codeline>
<codeline lineno="211"><highlight class="normal"></highlight></codeline>
<codeline lineno="212"><highlight class="normal"></highlight></codeline>
<codeline lineno="213"><highlight class="normal"></highlight></codeline>
<codeline lineno="214"><highlight class="normal"></highlight></codeline>
<codeline lineno="215"><highlight class="normal"></highlight></codeline>
<codeline lineno="216"><highlight class="normal"></highlight></codeline>
<codeline lineno="217"><highlight class="normal"></highlight></codeline>
<codeline lineno="218"><highlight class="normal"></highlight></codeline>
<codeline lineno="219"><highlight class="normal"></highlight></codeline>
<codeline lineno="220"><highlight class="normal"></highlight></codeline>
<codeline lineno="221"><highlight class="normal"></highlight></codeline>
<codeline lineno="222"><highlight class="normal"></highlight></codeline>
<codeline lineno="223"><highlight class="normal"></highlight></codeline>
<codeline lineno="224"><highlight class="normal"></highlight></codeline>
<codeline lineno="225"><highlight class="normal"></highlight></codeline>
    </programlisting>
    <location file="C:/Users/cozma/Downloads/Weathersky-main (1)/Weathersky-main/Meteo6/WeatherSky/map.php"/>
  </compounddef>
</doxygen>
