<?xml version='1.0' encoding='UTF-8' standalone='no'?>
<doxygen xmlns:xsi="http://www.w3.org/2001/XMLSchema-instance" xsi:noNamespaceSchemaLocation="compound.xsd" version="1.13.2" xml:lang="fr">
  <compounddef id="meteo_8php" kind="file" language="PHP">
    <compoundname>meteo.php</compoundname>
    <innernamespace refid="namespace_weather_sky">WeatherSky</innernamespace>
    <sectiondef kind="func">
      <memberdef kind="function" id="meteo_8php_1abc768c7ebd877feafa39b54e7e4afea5" prot="public" static="no" const="no" explicit="no" inline="no" virt="non-virtual">
        <type></type>
        <definition>getTodayDate</definition>
        <argsstring>()</argsstring>
        <name>getTodayDate</name>
        <briefdescription>
        </briefdescription>
        <detaileddescription>
<para>Retourne la date du jour au format &apos;YYYY-MM-DD&apos;.</para>
<para><simplesect kind="return"><para>string Date du jour formatée </para>
</simplesect>
</para>
        </detaileddescription>
        <inbodydescription>
        </inbodydescription>
        <location file="C:/Users/cozma/Downloads/Weathersky-main (1)/Weathersky-main/Meteo6/WeatherSky/meteo.php" line="22" column="10" bodyfile="C:/Users/cozma/Downloads/Weathersky-main (1)/Weathersky-main/Meteo6/WeatherSky/meteo.php" bodystart="22" bodyend="24"/>
      </memberdef>
      <memberdef kind="function" id="meteo_8php_1ac600e0b8713b377b0c2fbda359fddef5" prot="public" static="no" const="no" explicit="no" inline="no" virt="non-virtual">
        <type></type>
        <definition>getAPODImage</definition>
        <argsstring>()</argsstring>
        <name>getAPODImage</name>
        <briefdescription>
        </briefdescription>
        <detaileddescription>
<para>Récupère l’image du jour (APOD) depuis l’API de la NASA.</para>
<para><simplesect kind="return"><para>string HTML contenant l’image ou la vidéo APOD </para>
</simplesect>
</para>
        </detaileddescription>
        <inbodydescription>
        </inbodydescription>
        <location file="C:/Users/cozma/Downloads/Weathersky-main (1)/Weathersky-main/Meteo6/WeatherSky/meteo.php" line="31" column="10" bodyfile="C:/Users/cozma/Downloads/Weathersky-main (1)/Weathersky-main/Meteo6/WeatherSky/meteo.php" bodystart="31" bodyend="59"/>
      </memberdef>
      <memberdef kind="function" id="meteo_8php_1ab42ade2acca49f23914f2fc5eb2be7af" prot="public" static="no" const="no" explicit="no" inline="no" virt="non-virtual">
        <type></type>
        <definition>getVisitorLocationXML</definition>
        <argsstring>()</argsstring>
        <name>getVisitorLocationXML</name>
        <briefdescription>
        </briefdescription>
        <detaileddescription>
<para>Récupère la position approximative du visiteur via GeoPlugin (XML).</para>
<para><simplesect kind="return"><para>array Tableau contenant la ville, région, pays, latitude, longitude </para>
</simplesect>
</para>
        </detaileddescription>
        <inbodydescription>
        </inbodydescription>
        <location file="C:/Users/cozma/Downloads/Weathersky-main (1)/Weathersky-main/Meteo6/WeatherSky/meteo.php" line="66" column="10" bodyfile="C:/Users/cozma/Downloads/Weathersky-main (1)/Weathersky-main/Meteo6/WeatherSky/meteo.php" bodystart="66" bodyend="78"/>
      </memberdef>
      <memberdef kind="function" id="meteo_8php_1a68f36a2f7bd8a155f1ebe8e7e1be3f9f" prot="public" static="no" const="no" explicit="no" inline="no" virt="non-virtual">
        <type></type>
        <definition>getUserIP</definition>
        <argsstring>()</argsstring>
        <name>getUserIP</name>
        <briefdescription>
        </briefdescription>
        <detaileddescription>
<para>Retourne l’adresse IP réelle du visiteur.</para>
<para><simplesect kind="return"><para>string IP du visiteur </para>
</simplesect>
</para>
        </detaileddescription>
        <inbodydescription>
        </inbodydescription>
        <location file="C:/Users/cozma/Downloads/Weathersky-main (1)/Weathersky-main/Meteo6/WeatherSky/meteo.php" line="85" column="10" bodyfile="C:/Users/cozma/Downloads/Weathersky-main (1)/Weathersky-main/Meteo6/WeatherSky/meteo.php" bodystart="85" bodyend="93"/>
      </memberdef>
      <memberdef kind="function" id="meteo_8php_1ad9e09d58e7a54f5b7fe1bc103958a4db" prot="public" static="no" const="no" explicit="no" inline="no" virt="non-virtual">
        <type></type>
        <definition>getVisitorLocationJSON</definition>
        <argsstring>()</argsstring>
        <name>getVisitorLocationJSON</name>
        <briefdescription>
        </briefdescription>
        <detaileddescription>
<para>Récupère la localisation via IPInfo.io (JSON).</para>
<para><simplesect kind="return"><para>array Tableau contenant la ville, région, pays, latitude, longitude </para>
</simplesect>
</para>
        </detaileddescription>
        <inbodydescription>
        </inbodydescription>
        <location file="C:/Users/cozma/Downloads/Weathersky-main (1)/Weathersky-main/Meteo6/WeatherSky/meteo.php" line="100" column="10" bodyfile="C:/Users/cozma/Downloads/Weathersky-main (1)/Weathersky-main/Meteo6/WeatherSky/meteo.php" bodystart="100" bodyend="114"/>
      </memberdef>
      <memberdef kind="function" id="meteo_8php_1aa2618b0a149e599ca73ea51e3d9be82b" prot="public" static="no" const="no" explicit="no" inline="no" virt="non-virtual">
        <type></type>
        <definition>getVisitorLocationWIP</definition>
        <argsstring>()</argsstring>
        <name>getVisitorLocationWIP</name>
        <briefdescription>
        </briefdescription>
        <detaileddescription>
<para>Récupère la localisation via WhatIsMyIP (XML).</para>
<para><simplesect kind="return"><para>array|null Localisation du visiteur (ville, région, pays) </para>
</simplesect>
</para>
        </detaileddescription>
        <inbodydescription>
        </inbodydescription>
        <location file="C:/Users/cozma/Downloads/Weathersky-main (1)/Weathersky-main/Meteo6/WeatherSky/meteo.php" line="121" column="10" bodyfile="C:/Users/cozma/Downloads/Weathersky-main (1)/Weathersky-main/Meteo6/WeatherSky/meteo.php" bodystart="121" bodyend="137"/>
      </memberdef>
      <memberdef kind="function" id="meteo_8php_1aeac99c1fbeddea0408331fd576161c8d" prot="public" static="no" const="no" explicit="no" inline="no" virt="non-virtual">
        <type></type>
        <definition>getBestVisitorLocation</definition>
        <argsstring>()</argsstring>
        <name>getBestVisitorLocation</name>
        <briefdescription>
        </briefdescription>
        <detaileddescription>
<para>Tente plusieurs services pour obtenir la meilleure position du visiteur.</para>
<para><simplesect kind="return"><para>array Tableau de localisation </para>
</simplesect>
</para>
        </detaileddescription>
        <inbodydescription>
        </inbodydescription>
        <location file="C:/Users/cozma/Downloads/Weathersky-main (1)/Weathersky-main/Meteo6/WeatherSky/meteo.php" line="144" column="10" bodyfile="C:/Users/cozma/Downloads/Weathersky-main (1)/Weathersky-main/Meteo6/WeatherSky/meteo.php" bodystart="144" bodyend="156"/>
      </memberdef>
      <memberdef kind="function" id="meteo_8php_1ac501bca6ffc440a6a47a335814825ffe" prot="public" static="no" const="no" explicit="no" inline="no" virt="non-virtual">
        <type></type>
        <definition>getVisitorLocationFromWhatIsMyIP</definition>
        <argsstring>()</argsstring>
        <name>getVisitorLocationFromWhatIsMyIP</name>
        <briefdescription>
        </briefdescription>
        <detaileddescription>
<para>Version dédiée à l’API WhatIsMyIP.</para>
<para><simplesect kind="return"><para>array Localisation brute depuis WhatIsMyIP </para>
</simplesect>
</para>
        </detaileddescription>
        <inbodydescription>
        </inbodydescription>
        <location file="C:/Users/cozma/Downloads/Weathersky-main (1)/Weathersky-main/Meteo6/WeatherSky/meteo.php" line="163" column="10" bodyfile="C:/Users/cozma/Downloads/Weathersky-main (1)/Weathersky-main/Meteo6/WeatherSky/meteo.php" bodystart="163" bodyend="176"/>
      </memberdef>
      <memberdef kind="function" id="meteo_8php_1a906e10a9d5815649a5e5b99d42ce4cc8" prot="public" static="no" const="no" explicit="no" inline="no" virt="non-virtual">
        <type></type>
        <definition>lireCSV</definition>
        <argsstring>($fichier, $separateur=&quot;,&quot;)</argsstring>
        <name>lireCSV</name>
        <param>
          <declname>$fichier</declname>
        </param>
        <param>
          <declname>$separateur</declname>
          <defval>&quot;,&quot;</defval>
        </param>
        <briefdescription>
        </briefdescription>
        <detaileddescription>
<para>Lit un fichier CSV et retourne un tableau associatif.</para>
<para><parameterlist kind="param"><parameteritem>
<parameternamelist>
<parametertype>string</parametertype>
<parametername>$fichier</parametername>
</parameternamelist>
<parameterdescription>
<para>Chemin du fichier CSV </para>
</parameterdescription>
</parameteritem>
<parameteritem>
<parameternamelist>
<parametertype>string</parametertype>
<parametername>$separateur</parametername>
</parameternamelist>
<parameterdescription>
<para>Caractère séparateur (par défaut &quot;,&quot;) </para>
</parameterdescription>
</parameteritem>
</parameterlist>
<simplesect kind="return"><para>array Données lues depuis le CSV </para>
</simplesect>
</para>
        </detaileddescription>
        <inbodydescription>
        </inbodydescription>
        <location file="C:/Users/cozma/Downloads/Weathersky-main (1)/Weathersky-main/Meteo6/WeatherSky/meteo.php" line="185" column="10" bodyfile="C:/Users/cozma/Downloads/Weathersky-main (1)/Weathersky-main/Meteo6/WeatherSky/meteo.php" bodystart="185" bodyend="203"/>
      </memberdef>
      <memberdef kind="function" id="meteo_8php_1a276df129422008459f12ef9bb3400c17" prot="public" static="no" const="no" explicit="no" inline="no" virt="non-virtual">
        <type></type>
        <definition>getRegionFromVille</definition>
        <argsstring>($codeINSEE, $villes, $departements, $regions)</argsstring>
        <name>getRegionFromVille</name>
        <param>
          <declname>$codeINSEE</declname>
        </param>
        <param>
          <declname>$villes</declname>
        </param>
        <param>
          <declname>$departements</declname>
        </param>
        <param>
          <declname>$regions</declname>
        </param>
        <briefdescription>
        </briefdescription>
        <detaileddescription>
<para>Trouve la région associée à une ville via son code INSEE.</para>
<para><parameterlist kind="param"><parameteritem>
<parameternamelist>
<parametertype>string</parametertype>
<parametername>$codeINSEE</parametername>
</parameternamelist>
<parameterdescription>
<para>Code INSEE de la ville </para>
</parameterdescription>
</parameteritem>
<parameteritem>
<parameternamelist>
<parametertype>array</parametertype>
<parametername>$villes</parametername>
</parameternamelist>
<parameterdescription>
<para>Données des villes </para>
</parameterdescription>
</parameteritem>
<parameteritem>
<parameternamelist>
<parametertype>array</parametertype>
<parametername>$departements</parametername>
</parameternamelist>
<parameterdescription>
<para>Données des départements </para>
</parameterdescription>
</parameteritem>
<parameteritem>
<parameternamelist>
<parametertype>array</parametertype>
<parametername>$regions</parametername>
</parameternamelist>
<parameterdescription>
<para>Données des régions </para>
</parameterdescription>
</parameteritem>
</parameterlist>
<simplesect kind="return"><para>string Nom de la région ou &quot;Région inconnue&quot; </para>
</simplesect>
</para>
        </detaileddescription>
        <inbodydescription>
        </inbodydescription>
        <location file="C:/Users/cozma/Downloads/Weathersky-main (1)/Weathersky-main/Meteo6/WeatherSky/meteo.php" line="214" column="10" bodyfile="C:/Users/cozma/Downloads/Weathersky-main (1)/Weathersky-main/Meteo6/WeatherSky/meteo.php" bodystart="214" bodyend="231"/>
      </memberdef>
    </sectiondef>
    <briefdescription>
    </briefdescription>
    <detaileddescription>
    </detaileddescription>
    <programlisting>
<codeline lineno="1"><highlight class="normal">&lt;?php</highlight></codeline>
<codeline lineno="16"><highlight class="normal"></highlight></codeline>
<codeline lineno="22"><highlight class="normal"></highlight><highlight class="keyword">function</highlight><highlight class="normal"><sp/><ref refid="meteo_8php_1abc768c7ebd877feafa39b54e7e4afea5" kindref="member">getTodayDate</ref>()<sp/>{</highlight></codeline>
<codeline lineno="23"><highlight class="normal"><sp/><sp/><sp/><sp/></highlight><highlight class="keywordflow">return</highlight><highlight class="normal"><sp/>date(</highlight><highlight class="stringliteral">&quot;Y-m-d&quot;</highlight><highlight class="normal">);</highlight></codeline>
<codeline lineno="24"><highlight class="normal">}</highlight></codeline>
<codeline lineno="25"><highlight class="normal"></highlight></codeline>
<codeline lineno="31"><highlight class="normal"></highlight><highlight class="keyword">function</highlight><highlight class="normal"><sp/><ref refid="meteo_8php_1ac600e0b8713b377b0c2fbda359fddef5" kindref="member">getAPODImage</ref>():<sp/>string<sp/>{</highlight></codeline>
<codeline lineno="32"><highlight class="normal"><sp/><sp/><sp/><sp/>$api_key<sp/>=<sp/></highlight><highlight class="stringliteral">&quot;DEMO_KEY&quot;</highlight><highlight class="normal">;<sp/></highlight><highlight class="comment">//<sp/>Remplace<sp/>par<sp/>ta<sp/>clé<sp/>API<sp/>personnelle</highlight><highlight class="normal"></highlight></codeline>
<codeline lineno="33"><highlight class="normal"><sp/><sp/><sp/><sp/>$date<sp/>=<sp/><ref refid="meteo_8php_1abc768c7ebd877feafa39b54e7e4afea5" kindref="member">getTodayDate</ref>();</highlight></codeline>
<codeline lineno="34"><highlight class="normal"></highlight></codeline>
<codeline lineno="35"><highlight class="normal"><sp/><sp/><sp/><sp/><ref refid="statistique_8php_1acf215f34a917d014776ce684a9ee8909" kindref="member">$url</ref><sp/>=<sp/></highlight><highlight class="stringliteral">&quot;https://api.nasa.gov/planetary/apod?api_key=$api_key&amp;date=$date&quot;</highlight><highlight class="normal">;</highlight></codeline>
<codeline lineno="36"><highlight class="normal"><sp/><sp/><sp/><sp/><ref refid="statistique_8php_1af4b6fb1bbc77ccc05f10da3b16935b99" kindref="member">$response</ref><sp/>=<sp/>@file_get_contents(<ref refid="statistique_8php_1acf215f34a917d014776ce684a9ee8909" kindref="member">$url</ref>);</highlight></codeline>
<codeline lineno="37"><highlight class="normal"></highlight></codeline>
<codeline lineno="38"><highlight class="normal"><sp/><sp/><sp/><sp/></highlight><highlight class="keywordflow">if</highlight><highlight class="normal"><sp/>(<ref refid="statistique_8php_1af4b6fb1bbc77ccc05f10da3b16935b99" kindref="member">$response</ref><sp/>===<sp/></highlight><highlight class="keyword">false</highlight><highlight class="normal">)<sp/>{</highlight></codeline>
<codeline lineno="39"><highlight class="normal"><sp/><sp/><sp/><sp/><sp/><sp/><sp/><sp/></highlight><highlight class="keywordflow">return</highlight><highlight class="normal"><sp/></highlight><highlight class="stringliteral">&apos;&lt;p&gt;Impossible<sp/>de<sp/>récupérer<sp/>l’image<sp/>du<sp/>jour.<sp/>Veuillez<sp/>réessayer<sp/>plus<sp/>tard.&lt;/p&gt;&apos;</highlight><highlight class="normal">;</highlight></codeline>
<codeline lineno="40"><highlight class="normal"><sp/><sp/><sp/><sp/>}</highlight></codeline>
<codeline lineno="41"><highlight class="normal"></highlight></codeline>
<codeline lineno="42"><highlight class="normal"><sp/><sp/><sp/><sp/><ref refid="index_8php_1a6efc15b5a2314dd4b5aaa556a375c6d6" kindref="member">$data</ref><sp/>=<sp/>json_decode(<ref refid="statistique_8php_1af4b6fb1bbc77ccc05f10da3b16935b99" kindref="member">$response</ref>,<sp/></highlight><highlight class="keyword">true</highlight><highlight class="normal">);</highlight></codeline>
<codeline lineno="43"><highlight class="normal"><sp/><sp/><sp/><sp/></highlight><highlight class="keywordflow">if</highlight><highlight class="normal"><sp/>(!<ref refid="index_8php_1a6efc15b5a2314dd4b5aaa556a375c6d6" kindref="member">$data</ref><sp/>||<sp/>!isset(<ref refid="index_8php_1a6efc15b5a2314dd4b5aaa556a375c6d6" kindref="member">$data</ref>[</highlight><highlight class="stringliteral">&apos;media_type&apos;</highlight><highlight class="normal">])<sp/>||<sp/>!isset(<ref refid="index_8php_1a6efc15b5a2314dd4b5aaa556a375c6d6" kindref="member">$data</ref>[</highlight><highlight class="stringliteral">&apos;url&apos;</highlight><highlight class="normal">]))<sp/>{</highlight></codeline>
<codeline lineno="44"><highlight class="normal"><sp/><sp/><sp/><sp/><sp/><sp/><sp/><sp/></highlight><highlight class="keywordflow">return</highlight><highlight class="normal"><sp/></highlight><highlight class="stringliteral">&apos;&lt;p&gt;Données<sp/>invalides<sp/>reçues<sp/>depuis<sp/>l’API<sp/>NASA.&lt;/p&gt;&apos;</highlight><highlight class="normal">;</highlight></codeline>
<codeline lineno="45"><highlight class="normal"><sp/><sp/><sp/><sp/>}</highlight></codeline>
<codeline lineno="46"><highlight class="normal"></highlight></codeline>
<codeline lineno="47"><highlight class="normal"><sp/><sp/><sp/><sp/></highlight><highlight class="keywordflow">if</highlight><highlight class="normal"><sp/>(<ref refid="index_8php_1a6efc15b5a2314dd4b5aaa556a375c6d6" kindref="member">$data</ref>[</highlight><highlight class="stringliteral">&apos;media_type&apos;</highlight><highlight class="normal">]<sp/>===<sp/></highlight><highlight class="stringliteral">&apos;video&apos;</highlight><highlight class="normal">)<sp/>{</highlight></codeline>
<codeline lineno="48"><highlight class="normal"><sp/><sp/><sp/><sp/><sp/><sp/><sp/><sp/></highlight><highlight class="keywordflow">return</highlight><highlight class="normal"><sp/></highlight><highlight class="stringliteral">&apos;&lt;div<sp/>class=&quot;apod-video&quot;&gt;</highlight></codeline>
<codeline lineno="49"><highlight class="stringliteral"><sp/><sp/><sp/><sp/><sp/><sp/><sp/><sp/><sp/><sp/><sp/><sp/>&lt;iframe<sp/>width=&quot;560&quot;<sp/>height=&quot;315&quot;<sp/>src=&quot;&apos;</highlight><highlight class="normal"><sp/>.<sp/><ref refid="index_8php_1a6efc15b5a2314dd4b5aaa556a375c6d6" kindref="member">$data</ref>[</highlight><highlight class="stringliteral">&apos;url&apos;</highlight><highlight class="normal">]<sp/>.<sp/></highlight><highlight class="stringliteral">&apos;&quot;<sp/>frameborder=&quot;0&quot;<sp/>allowfullscreen&gt;&lt;/iframe&gt;</highlight></codeline>
<codeline lineno="50"><highlight class="stringliteral"><sp/><sp/><sp/><sp/><sp/><sp/><sp/><sp/><sp/><sp/><sp/><sp/>&lt;p&gt;&apos;</highlight><highlight class="normal"><sp/>.<sp/>htmlspecialchars(<ref refid="index_8php_1a6efc15b5a2314dd4b5aaa556a375c6d6" kindref="member">$data</ref>[</highlight><highlight class="stringliteral">&apos;title&apos;</highlight><highlight class="normal">]<sp/>??<sp/></highlight><highlight class="stringliteral">&apos;&apos;</highlight><highlight class="normal">)<sp/>.<sp/></highlight><highlight class="stringliteral">&apos;&lt;/p&gt;</highlight></codeline>
<codeline lineno="51"><highlight class="stringliteral"><sp/><sp/><sp/><sp/><sp/><sp/><sp/><sp/><sp/><sp/><sp/><sp/>&lt;p&gt;&apos;</highlight><highlight class="normal"><sp/>.<sp/>htmlspecialchars(<ref refid="index_8php_1a6efc15b5a2314dd4b5aaa556a375c6d6" kindref="member">$data</ref>[</highlight><highlight class="stringliteral">&apos;explanation&apos;</highlight><highlight class="normal">]<sp/>??<sp/></highlight><highlight class="stringliteral">&apos;&apos;</highlight><highlight class="normal">)<sp/>.<sp/></highlight><highlight class="stringliteral">&apos;&lt;/p&gt;</highlight></codeline>
<codeline lineno="52"><highlight class="stringliteral"><sp/><sp/><sp/><sp/><sp/><sp/><sp/><sp/>&lt;/div&gt;&apos;</highlight><highlight class="normal">;</highlight></codeline>
<codeline lineno="53"><highlight class="normal"><sp/><sp/><sp/><sp/>}<sp/></highlight><highlight class="keywordflow">else</highlight><highlight class="normal"><sp/>{</highlight></codeline>
<codeline lineno="54"><highlight class="normal"><sp/><sp/><sp/><sp/><sp/><sp/><sp/><sp/></highlight><highlight class="keywordflow">return</highlight><highlight class="normal"><sp/></highlight><highlight class="stringliteral">&apos;&lt;figure&gt;</highlight></codeline>
<codeline lineno="55"><highlight class="stringliteral"><sp/><sp/><sp/><sp/><sp/><sp/><sp/><sp/><sp/><sp/><sp/><sp/>&lt;img<sp/>src=&quot;&apos;</highlight><highlight class="normal"><sp/>.<sp/>htmlspecialchars(<ref refid="index_8php_1a6efc15b5a2314dd4b5aaa556a375c6d6" kindref="member">$data</ref>[</highlight><highlight class="stringliteral">&apos;url&apos;</highlight><highlight class="normal">])<sp/>.<sp/></highlight><highlight class="stringliteral">&apos;&quot;<sp/>alt=&quot;APOD<sp/>Image&quot;<sp/>class=&quot;apodNasa&quot;&gt;</highlight></codeline>
<codeline lineno="56"><highlight class="stringliteral"><sp/><sp/><sp/><sp/><sp/><sp/><sp/><sp/><sp/><sp/><sp/><sp/>&lt;figcaption&gt;&apos;</highlight><highlight class="normal"><sp/>.<sp/>htmlspecialchars(<ref refid="index_8php_1a6efc15b5a2314dd4b5aaa556a375c6d6" kindref="member">$data</ref>[</highlight><highlight class="stringliteral">&apos;explanation&apos;</highlight><highlight class="normal">])<sp/>.<sp/></highlight><highlight class="stringliteral">&apos;&lt;/figcaption&gt;</highlight></codeline>
<codeline lineno="57"><highlight class="stringliteral"><sp/><sp/><sp/><sp/><sp/><sp/><sp/><sp/>&lt;/figure&gt;&apos;</highlight><highlight class="normal">;</highlight></codeline>
<codeline lineno="58"><highlight class="normal"><sp/><sp/><sp/><sp/>}</highlight></codeline>
<codeline lineno="59"><highlight class="normal">}</highlight></codeline>
<codeline lineno="60"><highlight class="normal"></highlight></codeline>
<codeline lineno="66"><highlight class="normal"></highlight><highlight class="keyword">function</highlight><highlight class="normal"><sp/><ref refid="meteo_8php_1ab42ade2acca49f23914f2fc5eb2be7af" kindref="member">getVisitorLocationXML</ref>()<sp/>{</highlight></codeline>
<codeline lineno="67"><highlight class="normal"><sp/><sp/><sp/><sp/>$api_url<sp/>=<sp/></highlight><highlight class="stringliteral">&apos;http://www.geoplugin.net/xml.gp?ip=&apos;</highlight><highlight class="normal"><sp/>.<sp/>$_SERVER[</highlight><highlight class="stringliteral">&apos;REMOTE_ADDR&apos;</highlight><highlight class="normal">];</highlight></codeline>
<codeline lineno="68"><highlight class="normal"><sp/><sp/><sp/><sp/><ref refid="statistique_8php_1af4b6fb1bbc77ccc05f10da3b16935b99" kindref="member">$response</ref><sp/>=<sp/>file_get_contents($api_url);</highlight></codeline>
<codeline lineno="69"><highlight class="normal"><sp/><sp/><sp/><sp/><ref refid="index_8php_1a6efc15b5a2314dd4b5aaa556a375c6d6" kindref="member">$data</ref><sp/>=<sp/>simplexml_load_string(<ref refid="statistique_8php_1af4b6fb1bbc77ccc05f10da3b16935b99" kindref="member">$response</ref>);</highlight></codeline>
<codeline lineno="70"><highlight class="normal"></highlight></codeline>
<codeline lineno="71"><highlight class="normal"><sp/><sp/><sp/><sp/></highlight><highlight class="keywordflow">return</highlight><highlight class="normal"><sp/>[</highlight></codeline>
<codeline lineno="72"><highlight class="normal"><sp/><sp/><sp/><sp/><sp/><sp/><sp/><sp/></highlight><highlight class="stringliteral">&apos;city&apos;</highlight><highlight class="normal"><sp/>=&gt;<sp/>(string)<ref refid="index_8php_1a6efc15b5a2314dd4b5aaa556a375c6d6" kindref="member">$data</ref>-&gt;geoplugin_city,</highlight></codeline>
<codeline lineno="73"><highlight class="normal"><sp/><sp/><sp/><sp/><sp/><sp/><sp/><sp/></highlight><highlight class="stringliteral">&apos;region&apos;</highlight><highlight class="normal"><sp/>=&gt;<sp/>(</highlight><highlight class="keywordtype">string</highlight><highlight class="normal">)<ref refid="index_8php_1a6efc15b5a2314dd4b5aaa556a375c6d6" kindref="member">$data</ref>-&gt;geoplugin_region,</highlight></codeline>
<codeline lineno="74"><highlight class="normal"><sp/><sp/><sp/><sp/><sp/><sp/><sp/><sp/></highlight><highlight class="stringliteral">&apos;country&apos;</highlight><highlight class="normal"><sp/>=&gt;<sp/>(string)<ref refid="index_8php_1a6efc15b5a2314dd4b5aaa556a375c6d6" kindref="member">$data</ref>-&gt;geoplugin_countryName,</highlight></codeline>
<codeline lineno="75"><highlight class="normal"><sp/><sp/><sp/><sp/><sp/><sp/><sp/><sp/></highlight><highlight class="stringliteral">&apos;latitude&apos;</highlight><highlight class="normal"><sp/>=&gt;<sp/>(</highlight><highlight class="keywordtype">float</highlight><highlight class="normal">)<ref refid="index_8php_1a6efc15b5a2314dd4b5aaa556a375c6d6" kindref="member">$data</ref>-&gt;geoplugin_latitude,</highlight></codeline>
<codeline lineno="76"><highlight class="normal"><sp/><sp/><sp/><sp/><sp/><sp/><sp/><sp/></highlight><highlight class="stringliteral">&apos;longitude&apos;</highlight><highlight class="normal"><sp/>=&gt;<sp/>(float)<ref refid="index_8php_1a6efc15b5a2314dd4b5aaa556a375c6d6" kindref="member">$data</ref>-&gt;geoplugin_longitude</highlight></codeline>
<codeline lineno="77"><highlight class="normal"><sp/><sp/><sp/><sp/>];</highlight></codeline>
<codeline lineno="78"><highlight class="normal">}</highlight></codeline>
<codeline lineno="79"><highlight class="normal"></highlight></codeline>
<codeline lineno="85"><highlight class="normal"></highlight><highlight class="keyword">function</highlight><highlight class="normal"><sp/><ref refid="meteo_8php_1a68f36a2f7bd8a155f1ebe8e7e1be3f9f" kindref="member">getUserIP</ref>()<sp/>{</highlight></codeline>
<codeline lineno="86"><highlight class="normal"><sp/><sp/><sp/><sp/></highlight><highlight class="keywordflow">if</highlight><highlight class="normal"><sp/>(!empty($_SERVER[</highlight><highlight class="stringliteral">&apos;HTTP_CLIENT_IP&apos;</highlight><highlight class="normal">]))<sp/>{</highlight></codeline>
<codeline lineno="87"><highlight class="normal"><sp/><sp/><sp/><sp/><sp/><sp/><sp/><sp/></highlight><highlight class="keywordflow">return</highlight><highlight class="normal"><sp/>$_SERVER[</highlight><highlight class="stringliteral">&apos;HTTP_CLIENT_IP&apos;</highlight><highlight class="normal">];</highlight></codeline>
<codeline lineno="88"><highlight class="normal"><sp/><sp/><sp/><sp/>}<sp/>elseif<sp/>(!empty($_SERVER[</highlight><highlight class="stringliteral">&apos;HTTP_X_FORWARDED_FOR&apos;</highlight><highlight class="normal">]))<sp/>{</highlight></codeline>
<codeline lineno="89"><highlight class="normal"><sp/><sp/><sp/><sp/><sp/><sp/><sp/><sp/></highlight><highlight class="keywordflow">return</highlight><highlight class="normal"><sp/>$_SERVER[</highlight><highlight class="stringliteral">&apos;HTTP_X_FORWARDED_FOR&apos;</highlight><highlight class="normal">];</highlight></codeline>
<codeline lineno="90"><highlight class="normal"><sp/><sp/><sp/><sp/>}<sp/></highlight><highlight class="keywordflow">else</highlight><highlight class="normal"><sp/>{</highlight></codeline>
<codeline lineno="91"><highlight class="normal"><sp/><sp/><sp/><sp/><sp/><sp/><sp/><sp/></highlight><highlight class="keywordflow">return</highlight><highlight class="normal"><sp/>$_SERVER[</highlight><highlight class="stringliteral">&apos;REMOTE_ADDR&apos;</highlight><highlight class="normal">];</highlight></codeline>
<codeline lineno="92"><highlight class="normal"><sp/><sp/><sp/><sp/>}</highlight></codeline>
<codeline lineno="93"><highlight class="normal">}</highlight></codeline>
<codeline lineno="94"><highlight class="normal"></highlight></codeline>
<codeline lineno="100"><highlight class="normal"></highlight><highlight class="keyword">function</highlight><highlight class="normal"><sp/><ref refid="meteo_8php_1ad9e09d58e7a54f5b7fe1bc103958a4db" kindref="member">getVisitorLocationJSON</ref>()<sp/>{</highlight></codeline>
<codeline lineno="101"><highlight class="normal"><sp/><sp/><sp/><sp/>$user_ip<sp/>=<sp/><ref refid="meteo_8php_1a68f36a2f7bd8a155f1ebe8e7e1be3f9f" kindref="member">getUserIP</ref>();</highlight></codeline>
<codeline lineno="102"><highlight class="normal"><sp/><sp/><sp/><sp/>$api_url<sp/>=<sp/></highlight><highlight class="stringliteral">&quot;https://ipinfo.io/$user_ip/json&quot;</highlight><highlight class="normal">;</highlight></codeline>
<codeline lineno="103"><highlight class="normal"></highlight></codeline>
<codeline lineno="104"><highlight class="normal"><sp/><sp/><sp/><sp/><ref refid="statistique_8php_1af4b6fb1bbc77ccc05f10da3b16935b99" kindref="member">$response</ref><sp/>=<sp/>file_get_contents($api_url);</highlight></codeline>
<codeline lineno="105"><highlight class="normal"><sp/><sp/><sp/><sp/><ref refid="index_8php_1a6efc15b5a2314dd4b5aaa556a375c6d6" kindref="member">$data</ref><sp/>=<sp/>json_decode(<ref refid="statistique_8php_1af4b6fb1bbc77ccc05f10da3b16935b99" kindref="member">$response</ref>,<sp/></highlight><highlight class="keyword">true</highlight><highlight class="normal">);</highlight></codeline>
<codeline lineno="106"><highlight class="normal"></highlight></codeline>
<codeline lineno="107"><highlight class="normal"><sp/><sp/><sp/><sp/></highlight><highlight class="keywordflow">return</highlight><highlight class="normal"><sp/>[</highlight></codeline>
<codeline lineno="108"><highlight class="normal"><sp/><sp/><sp/><sp/><sp/><sp/><sp/><sp/></highlight><highlight class="stringliteral">&apos;city&apos;</highlight><highlight class="normal"><sp/>=&gt;<sp/><ref refid="index_8php_1a6efc15b5a2314dd4b5aaa556a375c6d6" kindref="member">$data</ref>[</highlight><highlight class="stringliteral">&apos;city&apos;</highlight><highlight class="normal">],</highlight></codeline>
<codeline lineno="109"><highlight class="normal"><sp/><sp/><sp/><sp/><sp/><sp/><sp/><sp/></highlight><highlight class="stringliteral">&apos;region&apos;</highlight><highlight class="normal"><sp/>=&gt;<sp/><ref refid="index_8php_1a6efc15b5a2314dd4b5aaa556a375c6d6" kindref="member">$data</ref>[</highlight><highlight class="stringliteral">&apos;region&apos;</highlight><highlight class="normal">],</highlight></codeline>
<codeline lineno="110"><highlight class="normal"><sp/><sp/><sp/><sp/><sp/><sp/><sp/><sp/></highlight><highlight class="stringliteral">&apos;country&apos;</highlight><highlight class="normal"><sp/>=&gt;<sp/><ref refid="index_8php_1a6efc15b5a2314dd4b5aaa556a375c6d6" kindref="member">$data</ref>[</highlight><highlight class="stringliteral">&apos;country&apos;</highlight><highlight class="normal">],</highlight></codeline>
<codeline lineno="111"><highlight class="normal"><sp/><sp/><sp/><sp/><sp/><sp/><sp/><sp/></highlight><highlight class="stringliteral">&apos;latitude&apos;</highlight><highlight class="normal"><sp/>=&gt;<sp/>isset(<ref refid="index_8php_1a6efc15b5a2314dd4b5aaa556a375c6d6" kindref="member">$data</ref>[</highlight><highlight class="stringliteral">&apos;loc&apos;</highlight><highlight class="normal">])<sp/>?<sp/>explode(</highlight><highlight class="charliteral">&apos;,&apos;</highlight><highlight class="normal">,<sp/><ref refid="index_8php_1a6efc15b5a2314dd4b5aaa556a375c6d6" kindref="member">$data</ref>[</highlight><highlight class="stringliteral">&apos;loc&apos;</highlight><highlight class="normal">])[0]<sp/>:<sp/></highlight><highlight class="keyword">null</highlight><highlight class="normal">,</highlight></codeline>
<codeline lineno="112"><highlight class="normal"><sp/><sp/><sp/><sp/><sp/><sp/><sp/><sp/></highlight><highlight class="stringliteral">&apos;longitude&apos;</highlight><highlight class="normal"><sp/>=&gt;<sp/>isset(<ref refid="index_8php_1a6efc15b5a2314dd4b5aaa556a375c6d6" kindref="member">$data</ref>[</highlight><highlight class="stringliteral">&apos;loc&apos;</highlight><highlight class="normal">])<sp/>?<sp/>explode(</highlight><highlight class="charliteral">&apos;,&apos;</highlight><highlight class="normal">,<sp/><ref refid="index_8php_1a6efc15b5a2314dd4b5aaa556a375c6d6" kindref="member">$data</ref>[</highlight><highlight class="stringliteral">&apos;loc&apos;</highlight><highlight class="normal">])[1]<sp/>:<sp/>null</highlight></codeline>
<codeline lineno="113"><highlight class="normal"><sp/><sp/><sp/><sp/>];</highlight></codeline>
<codeline lineno="114"><highlight class="normal">}</highlight></codeline>
<codeline lineno="115"><highlight class="normal"></highlight></codeline>
<codeline lineno="121"><highlight class="normal"></highlight><highlight class="keyword">function</highlight><highlight class="normal"><sp/><ref refid="meteo_8php_1aa2618b0a149e599ca73ea51e3d9be82b" kindref="member">getVisitorLocationWIP</ref>()<sp/>{</highlight></codeline>
<codeline lineno="122"><highlight class="normal"><sp/><sp/><sp/><sp/>$user_ip<sp/>=<sp/><ref refid="meteo_8php_1a68f36a2f7bd8a155f1ebe8e7e1be3f9f" kindref="member">getUserIP</ref>();</highlight></codeline>
<codeline lineno="123"><highlight class="normal"><sp/><sp/><sp/><sp/>$api_key<sp/>=<sp/></highlight><highlight class="stringliteral">&quot;e964f74aadfe25702230dfcbac03a675&quot;</highlight><highlight class="normal">;</highlight></codeline>
<codeline lineno="124"><highlight class="normal"><sp/><sp/><sp/><sp/>$api_url<sp/>=<sp/></highlight><highlight class="stringliteral">&quot;https://api.whatismyip.com/ip-address-lookup.php?key=$api_key&amp;input=$user_ip&amp;output=xml&quot;</highlight><highlight class="normal">;</highlight></codeline>
<codeline lineno="125"><highlight class="normal"></highlight></codeline>
<codeline lineno="126"><highlight class="normal"><sp/><sp/><sp/><sp/><ref refid="statistique_8php_1af4b6fb1bbc77ccc05f10da3b16935b99" kindref="member">$response</ref><sp/>=<sp/>file_get_contents($api_url);</highlight></codeline>
<codeline lineno="127"><highlight class="normal"><sp/><sp/><sp/><sp/><ref refid="index_8php_1a6efc15b5a2314dd4b5aaa556a375c6d6" kindref="member">$data</ref><sp/>=<sp/>simplexml_load_string(<ref refid="statistique_8php_1af4b6fb1bbc77ccc05f10da3b16935b99" kindref="member">$response</ref>);</highlight></codeline>
<codeline lineno="128"><highlight class="normal"></highlight></codeline>
<codeline lineno="129"><highlight class="normal"><sp/><sp/><sp/><sp/></highlight><highlight class="keywordflow">if</highlight><highlight class="normal"><sp/>(isset(<ref refid="index_8php_1a6efc15b5a2314dd4b5aaa556a375c6d6" kindref="member">$data</ref>-&gt;query_status)<sp/>&amp;&amp;<sp/><ref refid="index_8php_1a6efc15b5a2314dd4b5aaa556a375c6d6" kindref="member">$data</ref>-&gt;query_status-&gt;query_status_code<sp/>==<sp/></highlight><highlight class="stringliteral">&quot;OK&quot;</highlight><highlight class="normal">)<sp/>{</highlight></codeline>
<codeline lineno="130"><highlight class="normal"><sp/><sp/><sp/><sp/><sp/><sp/><sp/><sp/></highlight><highlight class="keywordflow">return</highlight><highlight class="normal"><sp/>[</highlight></codeline>
<codeline lineno="131"><highlight class="normal"><sp/><sp/><sp/><sp/><sp/><sp/><sp/><sp/><sp/><sp/><sp/><sp/></highlight><highlight class="stringliteral">&apos;city&apos;</highlight><highlight class="normal"><sp/>=&gt;<sp/>(string)<ref refid="index_8php_1a6efc15b5a2314dd4b5aaa556a375c6d6" kindref="member">$data</ref>-&gt;server_data-&gt;city,</highlight></codeline>
<codeline lineno="132"><highlight class="normal"><sp/><sp/><sp/><sp/><sp/><sp/><sp/><sp/><sp/><sp/><sp/><sp/></highlight><highlight class="stringliteral">&apos;region&apos;</highlight><highlight class="normal"><sp/>=&gt;<sp/>(</highlight><highlight class="keywordtype">string</highlight><highlight class="normal">)<ref refid="index_8php_1a6efc15b5a2314dd4b5aaa556a375c6d6" kindref="member">$data</ref>-&gt;server_data-&gt;region,</highlight></codeline>
<codeline lineno="133"><highlight class="normal"><sp/><sp/><sp/><sp/><sp/><sp/><sp/><sp/><sp/><sp/><sp/><sp/></highlight><highlight class="stringliteral">&apos;country&apos;</highlight><highlight class="normal"><sp/>=&gt;<sp/>(string)<ref refid="index_8php_1a6efc15b5a2314dd4b5aaa556a375c6d6" kindref="member">$data</ref>-&gt;server_data-&gt;country</highlight></codeline>
<codeline lineno="134"><highlight class="normal"><sp/><sp/><sp/><sp/><sp/><sp/><sp/><sp/>];</highlight></codeline>
<codeline lineno="135"><highlight class="normal"><sp/><sp/><sp/><sp/>}</highlight></codeline>
<codeline lineno="136"><highlight class="normal"><sp/><sp/><sp/><sp/></highlight><highlight class="keywordflow">return</highlight><highlight class="normal"><sp/></highlight><highlight class="keyword">null</highlight><highlight class="normal">;</highlight></codeline>
<codeline lineno="137"><highlight class="normal">}</highlight></codeline>
<codeline lineno="138"><highlight class="normal"></highlight></codeline>
<codeline lineno="144"><highlight class="normal"></highlight><highlight class="keyword">function</highlight><highlight class="normal"><sp/><ref refid="meteo_8php_1aeac99c1fbeddea0408331fd576161c8d" kindref="member">getBestVisitorLocation</ref>()<sp/>{</highlight></codeline>
<codeline lineno="145"><highlight class="normal"><sp/><sp/><sp/><sp/>$location<sp/>=<sp/><ref refid="meteo_8php_1ab42ade2acca49f23914f2fc5eb2be7af" kindref="member">getVisitorLocationXML</ref>();</highlight></codeline>
<codeline lineno="146"><highlight class="normal"></highlight></codeline>
<codeline lineno="147"><highlight class="normal"><sp/><sp/><sp/><sp/></highlight><highlight class="keywordflow">if</highlight><highlight class="normal"><sp/>(empty($location[</highlight><highlight class="stringliteral">&apos;city&apos;</highlight><highlight class="normal">])<sp/>||<sp/>empty($location[</highlight><highlight class="stringliteral">&apos;latitude&apos;</highlight><highlight class="normal">]))<sp/>{</highlight></codeline>
<codeline lineno="148"><highlight class="normal"><sp/><sp/><sp/><sp/><sp/><sp/><sp/><sp/>$location<sp/>=<sp/><ref refid="meteo_8php_1ad9e09d58e7a54f5b7fe1bc103958a4db" kindref="member">getVisitorLocationJSON</ref>();</highlight></codeline>
<codeline lineno="149"><highlight class="normal"><sp/><sp/><sp/><sp/>}</highlight></codeline>
<codeline lineno="150"><highlight class="normal"></highlight></codeline>
<codeline lineno="151"><highlight class="normal"><sp/><sp/><sp/><sp/></highlight><highlight class="keywordflow">if</highlight><highlight class="normal"><sp/>(empty($location[</highlight><highlight class="stringliteral">&apos;city&apos;</highlight><highlight class="normal">]))<sp/>{</highlight></codeline>
<codeline lineno="152"><highlight class="normal"><sp/><sp/><sp/><sp/><sp/><sp/><sp/><sp/>$location<sp/>=<sp/><ref refid="meteo_8php_1aa2618b0a149e599ca73ea51e3d9be82b" kindref="member">getVisitorLocationWIP</ref>();</highlight></codeline>
<codeline lineno="153"><highlight class="normal"><sp/><sp/><sp/><sp/>}</highlight></codeline>
<codeline lineno="154"><highlight class="normal"></highlight></codeline>
<codeline lineno="155"><highlight class="normal"><sp/><sp/><sp/><sp/></highlight><highlight class="keywordflow">return</highlight><highlight class="normal"><sp/>$location;</highlight></codeline>
<codeline lineno="156"><highlight class="normal">}</highlight></codeline>
<codeline lineno="157"><highlight class="normal"></highlight></codeline>
<codeline lineno="163"><highlight class="normal"></highlight><highlight class="keyword">function</highlight><highlight class="normal"><sp/><ref refid="meteo_8php_1ac501bca6ffc440a6a47a335814825ffe" kindref="member">getVisitorLocationFromWhatIsMyIP</ref>()<sp/>{</highlight></codeline>
<codeline lineno="164"><highlight class="normal"><sp/><sp/><sp/><sp/>$user_ip<sp/>=<sp/><ref refid="meteo_8php_1a68f36a2f7bd8a155f1ebe8e7e1be3f9f" kindref="member">getUserIP</ref>();</highlight></codeline>
<codeline lineno="165"><highlight class="normal"><sp/><sp/><sp/><sp/>$api_key<sp/>=<sp/></highlight><highlight class="stringliteral">&quot;e964f74aadfe25702230dfcbac03a675&quot;</highlight><highlight class="normal">;</highlight></codeline>
<codeline lineno="166"><highlight class="normal"><sp/><sp/><sp/><sp/>$api_url<sp/>=<sp/></highlight><highlight class="stringliteral">&quot;https://api.whatismyip.com/ip-address-lookup.php?key=$api_key&amp;input=$user_ip&amp;output=xml&quot;</highlight><highlight class="normal">;</highlight></codeline>
<codeline lineno="167"><highlight class="normal"></highlight></codeline>
<codeline lineno="168"><highlight class="normal"><sp/><sp/><sp/><sp/><ref refid="statistique_8php_1af4b6fb1bbc77ccc05f10da3b16935b99" kindref="member">$response</ref><sp/>=<sp/>file_get_contents($api_url);</highlight></codeline>
<codeline lineno="169"><highlight class="normal"><sp/><sp/><sp/><sp/><ref refid="index_8php_1a6efc15b5a2314dd4b5aaa556a375c6d6" kindref="member">$data</ref><sp/>=<sp/>simplexml_load_string(<ref refid="statistique_8php_1af4b6fb1bbc77ccc05f10da3b16935b99" kindref="member">$response</ref>);</highlight></codeline>
<codeline lineno="170"><highlight class="normal"></highlight></codeline>
<codeline lineno="171"><highlight class="normal"><sp/><sp/><sp/><sp/></highlight><highlight class="keywordflow">return</highlight><highlight class="normal"><sp/>[</highlight></codeline>
<codeline lineno="172"><highlight class="normal"><sp/><sp/><sp/><sp/><sp/><sp/><sp/><sp/></highlight><highlight class="stringliteral">&apos;city&apos;</highlight><highlight class="normal"><sp/>=&gt;<sp/>(string)<ref refid="index_8php_1a6efc15b5a2314dd4b5aaa556a375c6d6" kindref="member">$data</ref>-&gt;city,</highlight></codeline>
<codeline lineno="173"><highlight class="normal"><sp/><sp/><sp/><sp/><sp/><sp/><sp/><sp/></highlight><highlight class="stringliteral">&apos;region&apos;</highlight><highlight class="normal"><sp/>=&gt;<sp/>(</highlight><highlight class="keywordtype">string</highlight><highlight class="normal">)<ref refid="index_8php_1a6efc15b5a2314dd4b5aaa556a375c6d6" kindref="member">$data</ref>-&gt;region,</highlight></codeline>
<codeline lineno="174"><highlight class="normal"><sp/><sp/><sp/><sp/><sp/><sp/><sp/><sp/></highlight><highlight class="stringliteral">&apos;country&apos;</highlight><highlight class="normal"><sp/>=&gt;<sp/>(string)<ref refid="index_8php_1a6efc15b5a2314dd4b5aaa556a375c6d6" kindref="member">$data</ref>-&gt;country</highlight></codeline>
<codeline lineno="175"><highlight class="normal"><sp/><sp/><sp/><sp/>];</highlight></codeline>
<codeline lineno="176"><highlight class="normal">}</highlight></codeline>
<codeline lineno="177"><highlight class="normal"></highlight></codeline>
<codeline lineno="185"><highlight class="normal"></highlight><highlight class="keyword">function</highlight><highlight class="normal"><sp/><ref refid="meteo_8php_1a906e10a9d5815649a5e5b99d42ce4cc8" kindref="member">lireCSV</ref>(<ref refid="stat_8php_1a1cab83481bc861b32af8f093a199c35e" kindref="member">$fichier</ref>,<sp/>$separateur<sp/>=<sp/></highlight><highlight class="stringliteral">&quot;,&quot;</highlight><highlight class="normal">)<sp/>{</highlight></codeline>
<codeline lineno="186"><highlight class="normal"><sp/><sp/><sp/><sp/>$resultat<sp/>=<sp/>[];</highlight></codeline>
<codeline lineno="187"><highlight class="normal"></highlight></codeline>
<codeline lineno="188"><highlight class="normal"><sp/><sp/><sp/><sp/></highlight><highlight class="keywordflow">if</highlight><highlight class="normal"><sp/>(!file_exists(<ref refid="stat_8php_1a1cab83481bc861b32af8f093a199c35e" kindref="member">$fichier</ref>))<sp/></highlight><highlight class="keywordflow">return</highlight><highlight class="normal"><sp/>[];</highlight></codeline>
<codeline lineno="189"><highlight class="normal"></highlight></codeline>
<codeline lineno="190"><highlight class="normal"><sp/><sp/><sp/><sp/></highlight><highlight class="keywordflow">if</highlight><highlight class="normal"><sp/>(($handle<sp/>=<sp/>fopen(<ref refid="stat_8php_1a1cab83481bc861b32af8f093a199c35e" kindref="member">$fichier</ref>,<sp/></highlight><highlight class="stringliteral">&quot;r&quot;</highlight><highlight class="normal">))<sp/>!==<sp/></highlight><highlight class="keyword">false</highlight><highlight class="normal">)<sp/>{</highlight></codeline>
<codeline lineno="191"><highlight class="normal"><sp/><sp/><sp/><sp/><sp/><sp/><sp/><sp/>$entetes<sp/>=<sp/>fgetcsv($handle,<sp/>1000,<sp/>$separateur);</highlight></codeline>
<codeline lineno="192"><highlight class="normal"><sp/><sp/><sp/><sp/><sp/><sp/><sp/><sp/></highlight><highlight class="keywordflow">if</highlight><highlight class="normal"><sp/>(!$entetes)<sp/></highlight><highlight class="keywordflow">return</highlight><highlight class="normal"><sp/>[];</highlight></codeline>
<codeline lineno="193"><highlight class="normal"></highlight></codeline>
<codeline lineno="194"><highlight class="normal"><sp/><sp/><sp/><sp/><sp/><sp/><sp/><sp/></highlight><highlight class="keywordflow">while</highlight><highlight class="normal"><sp/>(($ligne<sp/>=<sp/>fgetcsv($handle,<sp/>1000,<sp/>$separateur))<sp/>!==<sp/></highlight><highlight class="keyword">false</highlight><highlight class="normal">)<sp/>{</highlight></codeline>
<codeline lineno="195"><highlight class="normal"><sp/><sp/><sp/><sp/><sp/><sp/><sp/><sp/><sp/><sp/><sp/><sp/></highlight><highlight class="keywordflow">if</highlight><highlight class="normal"><sp/>(count($ligne)<sp/>===<sp/>count($entetes))<sp/>{</highlight></codeline>
<codeline lineno="196"><highlight class="normal"><sp/><sp/><sp/><sp/><sp/><sp/><sp/><sp/><sp/><sp/><sp/><sp/><sp/><sp/><sp/><sp/>$resultat[]<sp/>=<sp/>array_combine($entetes,<sp/>$ligne);</highlight></codeline>
<codeline lineno="197"><highlight class="normal"><sp/><sp/><sp/><sp/><sp/><sp/><sp/><sp/><sp/><sp/><sp/><sp/>}</highlight></codeline>
<codeline lineno="198"><highlight class="normal"><sp/><sp/><sp/><sp/><sp/><sp/><sp/><sp/>}</highlight></codeline>
<codeline lineno="199"><highlight class="normal"><sp/><sp/><sp/><sp/><sp/><sp/><sp/><sp/>fclose($handle);</highlight></codeline>
<codeline lineno="200"><highlight class="normal"><sp/><sp/><sp/><sp/>}</highlight></codeline>
<codeline lineno="201"><highlight class="normal"></highlight></codeline>
<codeline lineno="202"><highlight class="normal"><sp/><sp/><sp/><sp/></highlight><highlight class="keywordflow">return</highlight><highlight class="normal"><sp/>$resultat;</highlight></codeline>
<codeline lineno="203"><highlight class="normal">}</highlight></codeline>
<codeline lineno="204"><highlight class="normal"></highlight></codeline>
<codeline lineno="214"><highlight class="normal"></highlight><highlight class="keyword">function</highlight><highlight class="normal"><sp/><ref refid="meteo_8php_1a276df129422008459f12ef9bb3400c17" kindref="member">getRegionFromVille</ref>($codeINSEE,<sp/><ref refid="map_8php_1afdefc0303846ad7cedbfd9acb7184a7a" kindref="member">$villes</ref>,<sp/><ref refid="map_8php_1adad9b2799c69f4c9deb75ea73c6b12c8" kindref="member">$departements</ref>,<sp/><ref refid="map_8php_1a270fcd32e1040253108d7d58d43c6dcf" kindref="member">$regions</ref>)<sp/>{</highlight></codeline>
<codeline lineno="215"><highlight class="normal"><sp/><sp/><sp/><sp/></highlight><highlight class="keywordflow">foreach</highlight><highlight class="normal"><sp/>(<ref refid="map_8php_1afdefc0303846ad7cedbfd9acb7184a7a" kindref="member">$villes</ref><sp/>as<sp/><ref refid="index_8php_1acc3746cfaca53a8d6942c6252b17d14f" kindref="member">$ville</ref>)<sp/>{</highlight></codeline>
<codeline lineno="216"><highlight class="normal"><sp/><sp/><sp/><sp/><sp/><sp/><sp/><sp/></highlight><highlight class="keywordflow">if</highlight><highlight class="normal"><sp/>(<ref refid="index_8php_1acc3746cfaca53a8d6942c6252b17d14f" kindref="member">$ville</ref>[0]<sp/>==<sp/>$codeINSEE)<sp/>{</highlight></codeline>
<codeline lineno="217"><highlight class="normal"><sp/><sp/><sp/><sp/><sp/><sp/><sp/><sp/><sp/><sp/><sp/><sp/>$depCode<sp/>=<sp/><ref refid="index_8php_1acc3746cfaca53a8d6942c6252b17d14f" kindref="member">$ville</ref>[3];</highlight></codeline>
<codeline lineno="218"><highlight class="normal"><sp/><sp/><sp/><sp/><sp/><sp/><sp/><sp/><sp/><sp/><sp/><sp/></highlight><highlight class="keywordflow">foreach</highlight><highlight class="normal"><sp/>(<ref refid="map_8php_1adad9b2799c69f4c9deb75ea73c6b12c8" kindref="member">$departements</ref><sp/>as<sp/>$dep)<sp/>{</highlight></codeline>
<codeline lineno="219"><highlight class="normal"><sp/><sp/><sp/><sp/><sp/><sp/><sp/><sp/><sp/><sp/><sp/><sp/><sp/><sp/><sp/><sp/></highlight><highlight class="keywordflow">if</highlight><highlight class="normal"><sp/>($dep[</highlight><highlight class="stringliteral">&apos;DEP&apos;</highlight><highlight class="normal">]<sp/>==<sp/>$depCode)<sp/>{</highlight></codeline>
<codeline lineno="220"><highlight class="normal"><sp/><sp/><sp/><sp/><sp/><sp/><sp/><sp/><sp/><sp/><sp/><sp/><sp/><sp/><sp/><sp/><sp/><sp/><sp/><sp/>$regCode<sp/>=<sp/>$dep[</highlight><highlight class="stringliteral">&apos;REG&apos;</highlight><highlight class="normal">];</highlight></codeline>
<codeline lineno="221"><highlight class="normal"><sp/><sp/><sp/><sp/><sp/><sp/><sp/><sp/><sp/><sp/><sp/><sp/><sp/><sp/><sp/><sp/><sp/><sp/><sp/><sp/></highlight><highlight class="keywordflow">foreach</highlight><highlight class="normal"><sp/>(<ref refid="map_8php_1a270fcd32e1040253108d7d58d43c6dcf" kindref="member">$regions</ref><sp/>as<sp/><ref refid="map_8php_1a8e0b4669db3780ee9a03b34083febc7a" kindref="member">$region</ref>)<sp/>{</highlight></codeline>
<codeline lineno="222"><highlight class="normal"><sp/><sp/><sp/><sp/><sp/><sp/><sp/><sp/><sp/><sp/><sp/><sp/><sp/><sp/><sp/><sp/><sp/><sp/><sp/><sp/><sp/><sp/><sp/><sp/></highlight><highlight class="keywordflow">if</highlight><highlight class="normal"><sp/>(<ref refid="map_8php_1a8e0b4669db3780ee9a03b34083febc7a" kindref="member">$region</ref>[</highlight><highlight class="stringliteral">&apos;REG&apos;</highlight><highlight class="normal">]<sp/>==<sp/>$regCode)<sp/>{</highlight></codeline>
<codeline lineno="223"><highlight class="normal"><sp/><sp/><sp/><sp/><sp/><sp/><sp/><sp/><sp/><sp/><sp/><sp/><sp/><sp/><sp/><sp/><sp/><sp/><sp/><sp/><sp/><sp/><sp/><sp/><sp/><sp/><sp/><sp/></highlight><highlight class="keywordflow">return</highlight><highlight class="normal"><sp/><ref refid="map_8php_1a8e0b4669db3780ee9a03b34083febc7a" kindref="member">$region</ref>[</highlight><highlight class="stringliteral">&apos;LIBELLE&apos;</highlight><highlight class="normal">];</highlight></codeline>
<codeline lineno="224"><highlight class="normal"><sp/><sp/><sp/><sp/><sp/><sp/><sp/><sp/><sp/><sp/><sp/><sp/><sp/><sp/><sp/><sp/><sp/><sp/><sp/><sp/><sp/><sp/><sp/><sp/>}</highlight></codeline>
<codeline lineno="225"><highlight class="normal"><sp/><sp/><sp/><sp/><sp/><sp/><sp/><sp/><sp/><sp/><sp/><sp/><sp/><sp/><sp/><sp/><sp/><sp/><sp/><sp/>}</highlight></codeline>
<codeline lineno="226"><highlight class="normal"><sp/><sp/><sp/><sp/><sp/><sp/><sp/><sp/><sp/><sp/><sp/><sp/><sp/><sp/><sp/><sp/>}</highlight></codeline>
<codeline lineno="227"><highlight class="normal"><sp/><sp/><sp/><sp/><sp/><sp/><sp/><sp/><sp/><sp/><sp/><sp/>}</highlight></codeline>
<codeline lineno="228"><highlight class="normal"><sp/><sp/><sp/><sp/><sp/><sp/><sp/><sp/>}</highlight></codeline>
<codeline lineno="229"><highlight class="normal"><sp/><sp/><sp/><sp/>}</highlight></codeline>
<codeline lineno="230"><highlight class="normal"><sp/><sp/><sp/><sp/></highlight><highlight class="keywordflow">return</highlight><highlight class="normal"><sp/></highlight><highlight class="stringliteral">&quot;Région<sp/>inconnue&quot;</highlight><highlight class="normal">;</highlight></codeline>
<codeline lineno="231"><highlight class="normal">}</highlight></codeline>
    </programlisting>
    <location file="C:/Users/cozma/Downloads/Weathersky-main (1)/Weathersky-main/Meteo6/WeatherSky/meteo.php"/>
  </compounddef>
</doxygen>
