<?xml version='1.0' encoding='UTF-8' standalone='no'?>
<doxygen xmlns:xsi="http://www.w3.org/2001/XMLSchema-instance" xsi:noNamespaceSchemaLocation="compound.xsd" version="1.13.2" xml:lang="fr">
  <compounddef id="meteo2_8php" kind="file" language="PHP">
    <compoundname>meteo2.php</compoundname>
    <innernamespace refid="namespace_weather_sky">WeatherSky</innernamespace>
    <sectiondef kind="var">
      <memberdef kind="variable" id="meteo2_8php_1afdefc0303846ad7cedbfd9acb7184a7a" prot="public" static="no" mutable="no">
        <type></type>
        <definition>$villes</definition>
        <argsstring></argsstring>
        <name>$villes</name>
        <initializer>= <ref refid="functions_8inc_8php_1a906e10a9d5815649a5e5b99d42ce4cc8" kindref="member">lireCSV</ref>(&quot;villes.csv&quot;)</initializer>
        <briefdescription>
        </briefdescription>
        <detaileddescription>
        </detaileddescription>
        <inbodydescription>
        </inbodydescription>
        <location file="C:/Users/cozma/Downloads/Weathersky-main (1)/Weathersky-main/Meteo6/WeatherSky/meteo2.php" line="21" column="1" bodyfile="C:/Users/cozma/Downloads/Weathersky-main (1)/Weathersky-main/Meteo6/WeatherSky/meteo2.php" bodystart="21" bodyend="-1"/>
      </memberdef>
      <memberdef kind="variable" id="meteo2_8php_1adad9b2799c69f4c9deb75ea73c6b12c8" prot="public" static="no" mutable="no">
        <type></type>
        <definition>$departements</definition>
        <argsstring></argsstring>
        <name>$departements</name>
        <initializer>= <ref refid="functions_8inc_8php_1a906e10a9d5815649a5e5b99d42ce4cc8" kindref="member">lireCSV</ref>(&quot;departement.csv&quot;)</initializer>
        <briefdescription>
        </briefdescription>
        <detaileddescription>
        </detaileddescription>
        <inbodydescription>
        </inbodydescription>
        <location file="C:/Users/cozma/Downloads/Weathersky-main (1)/Weathersky-main/Meteo6/WeatherSky/meteo2.php" line="22" column="1" bodyfile="C:/Users/cozma/Downloads/Weathersky-main (1)/Weathersky-main/Meteo6/WeatherSky/meteo2.php" bodystart="22" bodyend="-1"/>
      </memberdef>
      <memberdef kind="variable" id="meteo2_8php_1a270fcd32e1040253108d7d58d43c6dcf" prot="public" static="no" mutable="no">
        <type></type>
        <definition>$regions</definition>
        <argsstring></argsstring>
        <name>$regions</name>
        <initializer>= <ref refid="functions_8inc_8php_1a906e10a9d5815649a5e5b99d42ce4cc8" kindref="member">lireCSV</ref>(&quot;regions.csv&quot;)</initializer>
        <briefdescription>
        </briefdescription>
        <detaileddescription>
        </detaileddescription>
        <inbodydescription>
        </inbodydescription>
        <location file="C:/Users/cozma/Downloads/Weathersky-main (1)/Weathersky-main/Meteo6/WeatherSky/meteo2.php" line="23" column="1" bodyfile="C:/Users/cozma/Downloads/Weathersky-main (1)/Weathersky-main/Meteo6/WeatherSky/meteo2.php" bodystart="23" bodyend="-1"/>
      </memberdef>
      <memberdef kind="variable" id="meteo2_8php_1acc3746cfaca53a8d6942c6252b17d14f" prot="public" static="no" mutable="no">
        <type></type>
        <definition>$ville</definition>
        <argsstring></argsstring>
        <name>$ville</name>
        <initializer>= $_GET[&apos;ville&apos;] ?? ($_COOKIE[&apos;derniere_ville&apos;] ?? null)</initializer>
        <briefdescription>
        </briefdescription>
        <detaileddescription>
        </detaileddescription>
        <inbodydescription>
        </inbodydescription>
        <location file="C:/Users/cozma/Downloads/Weathersky-main (1)/Weathersky-main/Meteo6/WeatherSky/meteo2.php" line="37" column="1" bodyfile="C:/Users/cozma/Downloads/Weathersky-main (1)/Weathersky-main/Meteo6/WeatherSky/meteo2.php" bodystart="37" bodyend="-1"/>
      </memberdef>
      <memberdef kind="variable" id="meteo2_8php_1af498b42b83afed4dfe0af05fd802776c" prot="public" static="no" mutable="no">
        <type></type>
        <definition>$lat</definition>
        <argsstring></argsstring>
        <name>$lat</name>
        <initializer>= $_GET[&apos;lat&apos;] ?? ($_COOKIE[&apos;derniere_lat&apos;] ?? null)</initializer>
        <briefdescription>
        </briefdescription>
        <detaileddescription>
        </detaileddescription>
        <inbodydescription>
        </inbodydescription>
        <location file="C:/Users/cozma/Downloads/Weathersky-main (1)/Weathersky-main/Meteo6/WeatherSky/meteo2.php" line="38" column="1" bodyfile="C:/Users/cozma/Downloads/Weathersky-main (1)/Weathersky-main/Meteo6/WeatherSky/meteo2.php" bodystart="38" bodyend="-1"/>
      </memberdef>
      <memberdef kind="variable" id="meteo2_8php_1a03836509761c0935d0c55370b184ccd6" prot="public" static="no" mutable="no">
        <type></type>
        <definition>$lon</definition>
        <argsstring></argsstring>
        <name>$lon</name>
        <initializer>= $_GET[&apos;lon&apos;] ?? ($_COOKIE[&apos;derniere_lon&apos;] ?? null)</initializer>
        <briefdescription>
        </briefdescription>
        <detaileddescription>
        </detaileddescription>
        <inbodydescription>
        </inbodydescription>
        <location file="C:/Users/cozma/Downloads/Weathersky-main (1)/Weathersky-main/Meteo6/WeatherSky/meteo2.php" line="39" column="1" bodyfile="C:/Users/cozma/Downloads/Weathersky-main (1)/Weathersky-main/Meteo6/WeatherSky/meteo2.php" bodystart="39" bodyend="-1"/>
      </memberdef>
      <memberdef kind="variable" id="meteo2_8php_1a8e0b4669db3780ee9a03b34083febc7a" prot="public" static="no" mutable="no">
        <type></type>
        <definition>$region</definition>
        <argsstring></argsstring>
        <name>$region</name>
        <initializer>= $ville ? <ref refid="functions_8inc_8php_1a80b64f17684c840db6c59f880149994e" kindref="member">getRegionFromVille</ref>($ville, $villes, $departements, $regions) : &quot;Région inconnue&quot;</initializer>
        <briefdescription>
        </briefdescription>
        <detaileddescription>
        </detaileddescription>
        <inbodydescription>
        </inbodydescription>
        <location file="C:/Users/cozma/Downloads/Weathersky-main (1)/Weathersky-main/Meteo6/WeatherSky/meteo2.php" line="42" column="1" bodyfile="C:/Users/cozma/Downloads/Weathersky-main (1)/Weathersky-main/Meteo6/WeatherSky/meteo2.php" bodystart="42" bodyend="-1"/>
      </memberdef>
      <memberdef kind="variable" id="meteo2_8php_1aaa54254dfaa7723b609ce4ea91656c35" prot="public" static="no" mutable="no">
        <type></type>
        <definition>$style_css</definition>
        <argsstring></argsstring>
        <name>$style_css</name>
        <initializer>= <ref refid="header_8inc_8php_1a1a9c641ae8a39113009425cbccaee5d5" kindref="member">getStyle</ref>()</initializer>
        <briefdescription>
        </briefdescription>
        <detaileddescription>
        </detaileddescription>
        <inbodydescription>
        </inbodydescription>
        <location file="C:/Users/cozma/Downloads/Weathersky-main (1)/Weathersky-main/Meteo6/WeatherSky/meteo2.php" line="45" column="1" bodyfile="C:/Users/cozma/Downloads/Weathersky-main (1)/Weathersky-main/Meteo6/WeatherSky/meteo2.php" bodystart="45" bodyend="-1"/>
      </memberdef>
      <memberdef kind="variable" id="meteo2_8php_1ae7e61ebdd41a462b560817bf2f2520da" prot="public" static="no" mutable="no">
        <type><ref refid="index_8php_1a0a4a9ea17f3dea7d32f111630540eb0e" kindref="member">if</ref>( $ville)( $ville) ?&gt;&lt;/span &gt;&lt; span class</type>
        <definition>if ($ville) ($ville) ?&gt;&lt;/span&gt; &lt;span class endif</definition>
        <argsstring></argsstring>
        <name>endif</name>
        <initializer>=&quot;region&quot;&gt;(&lt;?= htmlspecialchars($region) ?&gt;)&lt;/span&gt;
            &lt;?php else:</initializer>
        <briefdescription>
        </briefdescription>
        <detaileddescription>
        </detaileddescription>
        <inbodydescription>
        </inbodydescription>
        <location file="C:/Users/cozma/Downloads/Weathersky-main (1)/Weathersky-main/Meteo6/WeatherSky/meteo2.php" line="63" column="2" bodyfile="C:/Users/cozma/Downloads/Weathersky-main (1)/Weathersky-main/Meteo6/WeatherSky/meteo2.php" bodystart="58" bodyend="-1"/>
      </memberdef>
      <memberdef kind="variable" id="meteo2_8php_1a05abc005f5307a3e17a8dd9ede5adec9" prot="public" static="no" mutable="no">
        <type></type>
        <definition>$jours</definition>
        <argsstring></argsstring>
        <name>$jours</name>
        <initializer>= $data[&apos;daily&apos;][&apos;time&apos;]</initializer>
        <briefdescription>
        </briefdescription>
        <detaileddescription>
        </detaileddescription>
        <inbodydescription>
        </inbodydescription>
        <location file="C:/Users/cozma/Downloads/Weathersky-main (1)/Weathersky-main/Meteo6/WeatherSky/meteo2.php" line="76" column="13" bodyfile="C:/Users/cozma/Downloads/Weathersky-main (1)/Weathersky-main/Meteo6/WeatherSky/meteo2.php" bodystart="76" bodyend="-1"/>
      </memberdef>
      <memberdef kind="variable" id="meteo2_8php_1a51f4f647011ea0ee9d3833e6d4140d0b" prot="public" static="no" mutable="no">
        <type></type>
        <definition>$tmin</definition>
        <argsstring></argsstring>
        <name>$tmin</name>
        <initializer>= $data[&apos;daily&apos;][&apos;temperature_2m_min&apos;]</initializer>
        <briefdescription>
        </briefdescription>
        <detaileddescription>
        </detaileddescription>
        <inbodydescription>
        </inbodydescription>
        <location file="C:/Users/cozma/Downloads/Weathersky-main (1)/Weathersky-main/Meteo6/WeatherSky/meteo2.php" line="77" column="13" bodyfile="C:/Users/cozma/Downloads/Weathersky-main (1)/Weathersky-main/Meteo6/WeatherSky/meteo2.php" bodystart="77" bodyend="-1"/>
      </memberdef>
      <memberdef kind="variable" id="meteo2_8php_1af24f5a79cb9e0460d0274fe53d992356" prot="public" static="no" mutable="no">
        <type></type>
        <definition>$tmax</definition>
        <argsstring></argsstring>
        <name>$tmax</name>
        <initializer>= $data[&apos;daily&apos;][&apos;temperature_2m_max&apos;]</initializer>
        <briefdescription>
        </briefdescription>
        <detaileddescription>
        </detaileddescription>
        <inbodydescription>
        </inbodydescription>
        <location file="C:/Users/cozma/Downloads/Weathersky-main (1)/Weathersky-main/Meteo6/WeatherSky/meteo2.php" line="78" column="13" bodyfile="C:/Users/cozma/Downloads/Weathersky-main (1)/Weathersky-main/Meteo6/WeatherSky/meteo2.php" bodystart="78" bodyend="-1"/>
      </memberdef>
      <memberdef kind="variable" id="meteo2_8php_1aff5fb03d3def00e15b03f491ee9d2399" prot="public" static="no" mutable="no">
        <type></type>
        <definition>$ressMin</definition>
        <argsstring></argsstring>
        <name>$ressMin</name>
        <initializer>= $data[&apos;daily&apos;][&apos;apparent_temperature_min&apos;]</initializer>
        <briefdescription>
        </briefdescription>
        <detaileddescription>
        </detaileddescription>
        <inbodydescription>
        </inbodydescription>
        <location file="C:/Users/cozma/Downloads/Weathersky-main (1)/Weathersky-main/Meteo6/WeatherSky/meteo2.php" line="79" column="13" bodyfile="C:/Users/cozma/Downloads/Weathersky-main (1)/Weathersky-main/Meteo6/WeatherSky/meteo2.php" bodystart="79" bodyend="-1"/>
      </memberdef>
      <memberdef kind="variable" id="meteo2_8php_1ac43c0e250fe6dcd96ed69c2cd9167660" prot="public" static="no" mutable="no">
        <type></type>
        <definition>$ressMax</definition>
        <argsstring></argsstring>
        <name>$ressMax</name>
        <initializer>= $data[&apos;daily&apos;][&apos;apparent_temperature_max&apos;]</initializer>
        <briefdescription>
        </briefdescription>
        <detaileddescription>
        </detaileddescription>
        <inbodydescription>
        </inbodydescription>
        <location file="C:/Users/cozma/Downloads/Weathersky-main (1)/Weathersky-main/Meteo6/WeatherSky/meteo2.php" line="80" column="13" bodyfile="C:/Users/cozma/Downloads/Weathersky-main (1)/Weathersky-main/Meteo6/WeatherSky/meteo2.php" bodystart="80" bodyend="-1"/>
      </memberdef>
      <memberdef kind="variable" id="meteo2_8php_1a21c8ceaf522c6452f2ff4d34cb5b0c48" prot="public" static="no" mutable="no">
        <type></type>
        <definition>$pluie</definition>
        <argsstring></argsstring>
        <name>$pluie</name>
        <initializer>= $data[&apos;daily&apos;][&apos;precipitation_sum&apos;]</initializer>
        <briefdescription>
        </briefdescription>
        <detaileddescription>
        </detaileddescription>
        <inbodydescription>
        </inbodydescription>
        <location file="C:/Users/cozma/Downloads/Weathersky-main (1)/Weathersky-main/Meteo6/WeatherSky/meteo2.php" line="81" column="13" bodyfile="C:/Users/cozma/Downloads/Weathersky-main (1)/Weathersky-main/Meteo6/WeatherSky/meteo2.php" bodystart="81" bodyend="-1"/>
      </memberdef>
      <memberdef kind="variable" id="meteo2_8php_1a090870efc7a3474eb636a0bcdf2fbead" prot="public" static="no" mutable="no">
        <type></type>
        <definition>$neige</definition>
        <argsstring></argsstring>
        <name>$neige</name>
        <initializer>= $data[&apos;daily&apos;][&apos;snowfall_sum&apos;]</initializer>
        <briefdescription>
        </briefdescription>
        <detaileddescription>
        </detaileddescription>
        <inbodydescription>
        </inbodydescription>
        <location file="C:/Users/cozma/Downloads/Weathersky-main (1)/Weathersky-main/Meteo6/WeatherSky/meteo2.php" line="82" column="13" bodyfile="C:/Users/cozma/Downloads/Weathersky-main (1)/Weathersky-main/Meteo6/WeatherSky/meteo2.php" bodystart="82" bodyend="-1"/>
      </memberdef>
      <memberdef kind="variable" id="meteo2_8php_1afe1576bff51783ecf7f91a7f03647c34" prot="public" static="no" mutable="no">
        <type></type>
        <definition>$pluieH</definition>
        <argsstring></argsstring>
        <name>$pluieH</name>
        <initializer>= $data[&apos;daily&apos;][&apos;precipitation_hours&apos;]</initializer>
        <briefdescription>
        </briefdescription>
        <detaileddescription>
        </detaileddescription>
        <inbodydescription>
        </inbodydescription>
        <location file="C:/Users/cozma/Downloads/Weathersky-main (1)/Weathersky-main/Meteo6/WeatherSky/meteo2.php" line="83" column="13" bodyfile="C:/Users/cozma/Downloads/Weathersky-main (1)/Weathersky-main/Meteo6/WeatherSky/meteo2.php" bodystart="83" bodyend="-1"/>
      </memberdef>
      <memberdef kind="variable" id="meteo2_8php_1ad6b6a0540d5441fc64332c79f43069c1" prot="public" static="no" mutable="no">
        <type></type>
        <definition>$vent</definition>
        <argsstring></argsstring>
        <name>$vent</name>
        <initializer>= $data[&apos;daily&apos;][&apos;windspeed_10m_max&apos;]</initializer>
        <briefdescription>
        </briefdescription>
        <detaileddescription>
        </detaileddescription>
        <inbodydescription>
        </inbodydescription>
        <location file="C:/Users/cozma/Downloads/Weathersky-main (1)/Weathersky-main/Meteo6/WeatherSky/meteo2.php" line="84" column="13" bodyfile="C:/Users/cozma/Downloads/Weathersky-main (1)/Weathersky-main/Meteo6/WeatherSky/meteo2.php" bodystart="84" bodyend="-1"/>
      </memberdef>
      <memberdef kind="variable" id="meteo2_8php_1a28069b3f40c8a295960662376dbe668c" prot="public" static="no" mutable="no">
        <type></type>
        <definition>$dirVent</definition>
        <argsstring></argsstring>
        <name>$dirVent</name>
        <initializer>= $data[&apos;daily&apos;][&apos;winddirection_10m_dominant&apos;]</initializer>
        <briefdescription>
        </briefdescription>
        <detaileddescription>
        </detaileddescription>
        <inbodydescription>
        </inbodydescription>
        <location file="C:/Users/cozma/Downloads/Weathersky-main (1)/Weathersky-main/Meteo6/WeatherSky/meteo2.php" line="85" column="13" bodyfile="C:/Users/cozma/Downloads/Weathersky-main (1)/Weathersky-main/Meteo6/WeatherSky/meteo2.php" bodystart="85" bodyend="-1"/>
      </memberdef>
      <memberdef kind="variable" id="meteo2_8php_1aa14277438c2c2290064e04d3d6dfd8c2" prot="public" static="no" mutable="no">
        <type></type>
        <definition>$sunrise</definition>
        <argsstring></argsstring>
        <name>$sunrise</name>
        <initializer>= $data[&apos;daily&apos;][&apos;sunrise&apos;]</initializer>
        <briefdescription>
        </briefdescription>
        <detaileddescription>
        </detaileddescription>
        <inbodydescription>
        </inbodydescription>
        <location file="C:/Users/cozma/Downloads/Weathersky-main (1)/Weathersky-main/Meteo6/WeatherSky/meteo2.php" line="86" column="13" bodyfile="C:/Users/cozma/Downloads/Weathersky-main (1)/Weathersky-main/Meteo6/WeatherSky/meteo2.php" bodystart="86" bodyend="-1"/>
      </memberdef>
      <memberdef kind="variable" id="meteo2_8php_1ac3e15e8bd53a470b59cc400b317bf4df" prot="public" static="no" mutable="no">
        <type></type>
        <definition>$sunset</definition>
        <argsstring></argsstring>
        <name>$sunset</name>
        <initializer>= $data[&apos;daily&apos;][&apos;sunset&apos;]</initializer>
        <briefdescription>
        </briefdescription>
        <detaileddescription>
        </detaileddescription>
        <inbodydescription>
        </inbodydescription>
        <location file="C:/Users/cozma/Downloads/Weathersky-main (1)/Weathersky-main/Meteo6/WeatherSky/meteo2.php" line="87" column="13" bodyfile="C:/Users/cozma/Downloads/Weathersky-main (1)/Weathersky-main/Meteo6/WeatherSky/meteo2.php" bodystart="87" bodyend="-1"/>
      </memberdef>
      <memberdef kind="variable" id="meteo2_8php_1a6002e8c8e44c609c5087ce9b1c5867de" prot="public" static="no" mutable="no">
        <type></type>
        <definition>$uv</definition>
        <argsstring></argsstring>
        <name>$uv</name>
        <initializer>= $data[&apos;daily&apos;][&apos;uv_index_max&apos;]</initializer>
        <briefdescription>
        </briefdescription>
        <detaileddescription>
        </detaileddescription>
        <inbodydescription>
        </inbodydescription>
        <location file="C:/Users/cozma/Downloads/Weathersky-main (1)/Weathersky-main/Meteo6/WeatherSky/meteo2.php" line="88" column="13" bodyfile="C:/Users/cozma/Downloads/Weathersky-main (1)/Weathersky-main/Meteo6/WeatherSky/meteo2.php" bodystart="88" bodyend="-1"/>
      </memberdef>
      <memberdef kind="variable" id="meteo2_8php_1a9c00775819d0afa88b08835054ef9eb4" prot="public" static="no" mutable="no">
        <type></type>
        <definition>$codes</definition>
        <argsstring></argsstring>
        <name>$codes</name>
        <initializer>= $data[&apos;daily&apos;][&apos;weathercode&apos;]</initializer>
        <briefdescription>
        </briefdescription>
        <detaileddescription>
        </detaileddescription>
        <inbodydescription>
        </inbodydescription>
        <location file="C:/Users/cozma/Downloads/Weathersky-main (1)/Weathersky-main/Meteo6/WeatherSky/meteo2.php" line="89" column="13" bodyfile="C:/Users/cozma/Downloads/Weathersky-main (1)/Weathersky-main/Meteo6/WeatherSky/meteo2.php" bodystart="89" bodyend="-1"/>
      </memberdef>
      <memberdef kind="variable" id="meteo2_8php_1ae316b0935e2be607945825b6b8a2a263" prot="public" static="no" mutable="no">
        <type></type>
        <definition>$icons</definition>
        <argsstring></argsstring>
        <name>$icons</name>
        <initializer>= [
                0 =&gt; &quot;☀️&quot;, 1 =&gt; &quot;🌤️&quot;, 2 =&gt; &quot;⛅&quot;, 3 =&gt; &quot;☁️&quot;, 45 =&gt; &quot;🌫️&quot;,
                51 =&gt; &quot;🌦️&quot;, 61 =&gt; &quot;🌧️&quot;, 71 =&gt; &quot;❄️&quot;, 95 =&gt; &quot;⛈️&quot;
            ]</initializer>
        <briefdescription>
        </briefdescription>
        <detaileddescription>
<para>Icônes correspondantes aux codes météo </para>
        </detaileddescription>
        <inbodydescription>
        </inbodydescription>
        <location file="C:/Users/cozma/Downloads/Weathersky-main (1)/Weathersky-main/Meteo6/WeatherSky/meteo2.php" line="95" column="13" bodyfile="C:/Users/cozma/Downloads/Weathersky-main (1)/Weathersky-main/Meteo6/WeatherSky/meteo2.php" bodystart="95" bodyend="-1"/>
      </memberdef>
      <memberdef kind="variable" id="meteo2_8php_1a5cf342132ee58549e81c7a2caea708c0" prot="public" static="no" mutable="no">
        <type>for( $i=0;$i&lt; 5;$i++)(&quot;D d M&quot;, strtotime( $jours[ $i])) ?&gt;&lt;/h2 &gt;&lt; div class</type>
        <definition>for ($i = 0; $i &lt; 5; $i++) (&quot;D d M&quot;, strtotime($jours[$i])) ?&gt;&lt;/h2&gt; &lt;div class endfor</definition>
        <argsstring></argsstring>
        <name>endfor</name>
        <initializer>= $uv[$i]</initializer>
        <briefdescription>
        </briefdescription>
        <detaileddescription>
        </detaileddescription>
        <inbodydescription>
        </inbodydescription>
        <location file="C:/Users/cozma/Downloads/Weathersky-main (1)/Weathersky-main/Meteo6/WeatherSky/meteo2.php" line="132" column="2" bodyfile="C:/Users/cozma/Downloads/Weathersky-main (1)/Weathersky-main/Meteo6/WeatherSky/meteo2.php" bodystart="129" bodyend="-1"/>
      </memberdef>
      <memberdef kind="variable" id="meteo2_8php_1a8e01dcc96c43199448ee66f7c2ae8ea6" prot="public" static="no" mutable="no">
        <type><ref refid="map_8php_1a460a5a14b74dba77bd113685316a915c" kindref="member">else</ref></type>
        <definition>else __pad0__</definition>
        <argsstring></argsstring>
        <name>__pad0__</name>
        <briefdescription>
        </briefdescription>
        <detaileddescription>
        </detaileddescription>
        <inbodydescription>
        </inbodydescription>
        <location file="C:/Users/cozma/Downloads/Weathersky-main (1)/Weathersky-main/Meteo6/WeatherSky/meteo2.php" line="135" column="2" bodyfile="C:/Users/cozma/Downloads/Weathersky-main (1)/Weathersky-main/Meteo6/WeatherSky/meteo2.php" bodystart="140" bodyend="-1"/>
      </memberdef>
    </sectiondef>
    <briefdescription>
    </briefdescription>
    <detaileddescription>
    </detaileddescription>
    <programlisting>
<codeline lineno="1"><highlight class="normal">&lt;?php</highlight></codeline>
<codeline lineno="14"><highlight class="normal"></highlight></codeline>
<codeline lineno="15"><highlight class="normal"></highlight><highlight class="comment">//<sp/>Inclusions<sp/>nécessaires</highlight><highlight class="normal"></highlight></codeline>
<codeline lineno="16"><highlight class="normal">require<sp/></highlight><highlight class="stringliteral">&quot;./include/header.inc.php&quot;</highlight><highlight class="normal">;</highlight></codeline>
<codeline lineno="17"><highlight class="normal">require<sp/></highlight><highlight class="stringliteral">&quot;./include/functions.inc.php&quot;</highlight><highlight class="normal">;</highlight></codeline>
<codeline lineno="18"><highlight class="normal">require_once(</highlight><highlight class="stringliteral">&quot;./include/meteo.php&quot;</highlight><highlight class="normal">);</highlight></codeline>
<codeline lineno="19"><highlight class="normal"></highlight></codeline>
<codeline lineno="20"><highlight class="normal"></highlight><highlight class="comment">//<sp/>Chargement<sp/>des<sp/>données<sp/>CSV</highlight><highlight class="normal"></highlight></codeline>
<codeline lineno="21"><highlight class="normal"><ref refid="map_8php_1afdefc0303846ad7cedbfd9acb7184a7a" kindref="member">$villes</ref><sp/>=<sp/><ref refid="functions_8inc_8php_1a906e10a9d5815649a5e5b99d42ce4cc8" kindref="member">lireCSV</ref>(</highlight><highlight class="stringliteral">&quot;villes.csv&quot;</highlight><highlight class="normal">);</highlight></codeline>
<codeline lineno="22"><highlight class="normal"><ref refid="map_8php_1adad9b2799c69f4c9deb75ea73c6b12c8" kindref="member">$departements</ref><sp/>=<sp/><ref refid="functions_8inc_8php_1a906e10a9d5815649a5e5b99d42ce4cc8" kindref="member">lireCSV</ref>(</highlight><highlight class="stringliteral">&quot;departement.csv&quot;</highlight><highlight class="normal">);</highlight></codeline>
<codeline lineno="23"><highlight class="normal"><ref refid="map_8php_1a270fcd32e1040253108d7d58d43c6dcf" kindref="member">$regions</ref><sp/>=<sp/><ref refid="functions_8inc_8php_1a906e10a9d5815649a5e5b99d42ce4cc8" kindref="member">lireCSV</ref>(</highlight><highlight class="stringliteral">&quot;regions.csv&quot;</highlight><highlight class="normal">);</highlight></codeline>
<codeline lineno="24"><highlight class="normal"></highlight></codeline>
<codeline lineno="25"><highlight class="normal"></highlight><highlight class="comment">//<sp/>Fusion<sp/>des<sp/>fichiers<sp/>CSV<sp/>pour<sp/>associer<sp/>les<sp/>villes<sp/>à<sp/>leur<sp/>département<sp/>et<sp/>région</highlight><highlight class="normal"></highlight></codeline>
<codeline lineno="26"><highlight class="normal"><ref refid="map_8php_1afdefc0303846ad7cedbfd9acb7184a7a" kindref="member">$villes</ref><sp/>=<sp/><ref refid="functions_8inc_8php_1a626b8b322d807d72924fb108e61c13f1" kindref="member">relierCSV</ref>(<ref refid="map_8php_1afdefc0303846ad7cedbfd9acb7184a7a" kindref="member">$villes</ref>,<sp/><ref refid="map_8php_1adad9b2799c69f4c9deb75ea73c6b12c8" kindref="member">$departements</ref>,<sp/><ref refid="map_8php_1a270fcd32e1040253108d7d58d43c6dcf" kindref="member">$regions</ref>);</highlight></codeline>
<codeline lineno="27"><highlight class="normal"></highlight></codeline>
<codeline lineno="28"><highlight class="normal"></highlight><highlight class="comment">//<sp/>========================</highlight><highlight class="normal"></highlight></codeline>
<codeline lineno="29"><highlight class="normal"></highlight><highlight class="comment">//<sp/>Récupération<sp/>des<sp/>données</highlight><highlight class="normal"></highlight></codeline>
<codeline lineno="30"><highlight class="normal"></highlight><highlight class="comment">//<sp/>========================</highlight><highlight class="normal"></highlight></codeline>
<codeline lineno="31"><highlight class="normal"></highlight></codeline>
<codeline lineno="37"><highlight class="normal"><ref refid="index_8php_1acc3746cfaca53a8d6942c6252b17d14f" kindref="member">$ville</ref><sp/>=<sp/>$_GET[</highlight><highlight class="stringliteral">&apos;ville&apos;</highlight><highlight class="normal">]<sp/>??<sp/>($_COOKIE[</highlight><highlight class="stringliteral">&apos;derniere_ville&apos;</highlight><highlight class="normal">]<sp/>??<sp/></highlight><highlight class="keyword">null</highlight><highlight class="normal">);</highlight></codeline>
<codeline lineno="38"><highlight class="normal"><ref refid="map_8php_1af498b42b83afed4dfe0af05fd802776c" kindref="member">$lat</ref><sp/><sp/><sp/>=<sp/>$_GET[</highlight><highlight class="stringliteral">&apos;lat&apos;</highlight><highlight class="normal">]<sp/>??<sp/>($_COOKIE[</highlight><highlight class="stringliteral">&apos;derniere_lat&apos;</highlight><highlight class="normal">]<sp/>??<sp/></highlight><highlight class="keyword">null</highlight><highlight class="normal">);</highlight></codeline>
<codeline lineno="39"><highlight class="normal"><ref refid="map_8php_1a03836509761c0935d0c55370b184ccd6" kindref="member">$lon</ref><sp/><sp/><sp/>=<sp/>$_GET[</highlight><highlight class="stringliteral">&apos;lon&apos;</highlight><highlight class="normal">]<sp/>??<sp/>($_COOKIE[</highlight><highlight class="stringliteral">&apos;derniere_lon&apos;</highlight><highlight class="normal">]<sp/>??<sp/></highlight><highlight class="keyword">null</highlight><highlight class="normal">);</highlight></codeline>
<codeline lineno="40"><highlight class="normal"></highlight></codeline>
<codeline lineno="41"><highlight class="normal"></highlight><highlight class="comment">//<sp/>Récupération<sp/>de<sp/>la<sp/>région<sp/>de<sp/>la<sp/>ville</highlight><highlight class="normal"></highlight></codeline>
<codeline lineno="42"><highlight class="normal"><ref refid="map_8php_1a8e0b4669db3780ee9a03b34083febc7a" kindref="member">$region</ref><sp/>=<sp/><ref refid="index_8php_1acc3746cfaca53a8d6942c6252b17d14f" kindref="member">$ville</ref><sp/>?<sp/><ref refid="functions_8inc_8php_1a80b64f17684c840db6c59f880149994e" kindref="member">getRegionFromVille</ref>(<ref refid="index_8php_1acc3746cfaca53a8d6942c6252b17d14f" kindref="member">$ville</ref>,<sp/><ref refid="map_8php_1afdefc0303846ad7cedbfd9acb7184a7a" kindref="member">$villes</ref>,<sp/><ref refid="map_8php_1adad9b2799c69f4c9deb75ea73c6b12c8" kindref="member">$departements</ref>,<sp/><ref refid="map_8php_1a270fcd32e1040253108d7d58d43c6dcf" kindref="member">$regions</ref>)<sp/>:<sp/></highlight><highlight class="stringliteral">&quot;Région<sp/>inconnue&quot;</highlight><highlight class="normal">;</highlight></codeline>
<codeline lineno="43"><highlight class="normal"></highlight></codeline>
<codeline lineno="44"><highlight class="normal"></highlight><highlight class="comment">//<sp/>Détection<sp/>du<sp/>thème<sp/>à<sp/>appliquer</highlight><highlight class="normal"></highlight></codeline>
<codeline lineno="45"><highlight class="normal"><ref refid="map_8php_1aaa54254dfaa7723b609ce4ea91656c35" kindref="member">$style_css</ref><sp/>=<sp/><ref refid="header_8inc_8php_1a1a9c641ae8a39113009425cbccaee5d5" kindref="member">getStyle</ref>();<sp/></highlight></codeline>
<codeline lineno="46"><highlight class="normal"></highlight></codeline>
<codeline lineno="47"><highlight class="normal"></highlight><highlight class="comment">//<sp/>Affichage<sp/>de<sp/>l’en-tête<sp/>HTML</highlight><highlight class="normal"></highlight></codeline>
<codeline lineno="48"><highlight class="normal">echo<sp/><ref refid="header_8inc_8php_1a2b4b26a72f19e4593eddfb63e3689c46" kindref="member">en_tete</ref>(</highlight><highlight class="stringliteral">&quot;Prévisions<sp/>complètes<sp/>-<sp/>Météo&quot;</highlight><highlight class="normal">,<sp/></highlight><highlight class="keyword">false</highlight><highlight class="normal">);</highlight></codeline>
<codeline lineno="49"><highlight class="normal">?&gt;</highlight></codeline>
<codeline lineno="50"><highlight class="normal"></highlight></codeline>
<codeline lineno="51"><highlight class="normal">&lt;title&gt;Prévisions<sp/>-<sp/>Météo&lt;/title&gt;</highlight></codeline>
<codeline lineno="52"><highlight class="normal">&lt;link<sp/>rel=</highlight><highlight class="stringliteral">&quot;stylesheet&quot;</highlight><highlight class="normal"><sp/>href=</highlight><highlight class="stringliteral">&quot;dark-styles.css&quot;</highlight><highlight class="normal">&gt;</highlight></codeline>
<codeline lineno="53"><highlight class="normal"></highlight></codeline>
<codeline lineno="54"><highlight class="normal">&lt;main<sp/></highlight><highlight class="keyword">class</highlight><highlight class="normal">=</highlight><highlight class="stringliteral">&quot;main-part&quot;</highlight><highlight class="normal">&gt;</highlight></codeline>
<codeline lineno="55"><highlight class="normal"><sp/><sp/><sp/><sp/>&lt;section<sp/></highlight><highlight class="keyword">class</highlight><highlight class="normal">=</highlight><highlight class="stringliteral">&quot;weather-section&quot;</highlight><highlight class="normal">&gt;</highlight></codeline>
<codeline lineno="56"><highlight class="normal"><sp/><sp/><sp/><sp/><sp/><sp/><sp/><sp/>&lt;h1<sp/></highlight><highlight class="keyword">class</highlight><highlight class="normal">=</highlight><highlight class="stringliteral">&quot;site-title&quot;</highlight><highlight class="normal">&gt;</highlight></codeline>
<codeline lineno="57"><highlight class="normal"><sp/><sp/><sp/><sp/><sp/><sp/><sp/><sp/><sp/><sp/><sp/><sp/>&lt;span<sp/></highlight><highlight class="keyword">class</highlight><highlight class="normal">=</highlight><highlight class="stringliteral">&quot;icon&quot;</highlight><highlight class="normal">&gt;📅&lt;/span&gt;<sp/>Prévisions<sp/>complètes<sp/></highlight></codeline>
<codeline lineno="58"><highlight class="normal"><sp/><sp/><sp/><sp/><sp/><sp/><sp/><sp/><sp/><sp/><sp/><sp/>&lt;?php<sp/></highlight><highlight class="keywordflow">if</highlight><highlight class="normal"><sp/>(<ref refid="index_8php_1acc3746cfaca53a8d6942c6252b17d14f" kindref="member">$ville</ref>):<sp/>?&gt;</highlight></codeline>
<codeline lineno="59"><highlight class="normal"><sp/><sp/><sp/><sp/><sp/><sp/><sp/><sp/><sp/><sp/><sp/><sp/><sp/><sp/><sp/><sp/>pour<sp/>&lt;span<sp/></highlight><highlight class="keyword">class</highlight><highlight class="normal">=</highlight><highlight class="stringliteral">&quot;city&quot;</highlight><highlight class="normal">&gt;&lt;?=<sp/>htmlspecialchars(<ref refid="index_8php_1acc3746cfaca53a8d6942c6252b17d14f" kindref="member">$ville</ref>)<sp/>?&gt;&lt;/span&gt;<sp/></highlight></codeline>
<codeline lineno="60"><highlight class="normal"><sp/><sp/><sp/><sp/><sp/><sp/><sp/><sp/><sp/><sp/><sp/><sp/><sp/><sp/><sp/><sp/>&lt;span<sp/></highlight><highlight class="keyword">class</highlight><highlight class="normal">=</highlight><highlight class="stringliteral">&quot;region&quot;</highlight><highlight class="normal">&gt;(&lt;?=<sp/>htmlspecialchars(<ref refid="map_8php_1a8e0b4669db3780ee9a03b34083febc7a" kindref="member">$region</ref>)<sp/>?&gt;)&lt;/span&gt;</highlight></codeline>
<codeline lineno="61"><highlight class="normal"><sp/><sp/><sp/><sp/><sp/><sp/><sp/><sp/><sp/><sp/><sp/><sp/>&lt;?php<sp/></highlight><highlight class="keywordflow">else</highlight><highlight class="normal">:<sp/>?&gt;</highlight></codeline>
<codeline lineno="62"><highlight class="normal"><sp/><sp/><sp/><sp/><sp/><sp/><sp/><sp/><sp/><sp/><sp/><sp/><sp/><sp/><sp/><sp/>-<sp/>Ville<sp/>inconnue</highlight></codeline>
<codeline lineno="63"><highlight class="normal"><sp/><sp/><sp/><sp/><sp/><sp/><sp/><sp/><sp/><sp/><sp/><sp/>&lt;?php<sp/><ref refid="index_8php_1a8c03dc982b20dd551a4b6ea48c78b1be" kindref="member">endif</ref>;<sp/>?&gt;</highlight></codeline>
<codeline lineno="64"><highlight class="normal"><sp/><sp/><sp/><sp/><sp/><sp/><sp/><sp/>&lt;/h1&gt;</highlight></codeline>
<codeline lineno="65"><highlight class="normal"></highlight></codeline>
<codeline lineno="66"><highlight class="normal"><sp/><sp/><sp/><sp/><sp/><sp/><sp/><sp/>&lt;?php<sp/></highlight><highlight class="keywordflow">if</highlight><highlight class="normal"><sp/>(<ref refid="map_8php_1af498b42b83afed4dfe0af05fd802776c" kindref="member">$lat</ref><sp/>&amp;&amp;<sp/><ref refid="map_8php_1a03836509761c0935d0c55370b184ccd6" kindref="member">$lon</ref>):<sp/>?&gt;</highlight></codeline>
<codeline lineno="67"><highlight class="normal"><sp/><sp/><sp/><sp/><sp/><sp/><sp/><sp/><sp/><sp/><sp/><sp/>&lt;?php</highlight></codeline>
<codeline lineno="73"><highlight class="normal"><sp/><sp/><sp/><sp/><sp/><sp/><sp/><sp/><sp/><sp/><sp/><sp/><ref refid="index_8php_1a6efc15b5a2314dd4b5aaa556a375c6d6" kindref="member">$data</ref><sp/>=<sp/><ref refid="include_2meteo_8php_1ad669fbddb3fc84c0d6a581eac7aa2786" kindref="member">getMeteoData</ref>((</highlight><highlight class="keywordtype">float</highlight><highlight class="normal">)<ref refid="map_8php_1af498b42b83afed4dfe0af05fd802776c" kindref="member">$lat</ref>,<sp/>(</highlight><highlight class="keywordtype">float</highlight><highlight class="normal">)<ref refid="map_8php_1a03836509761c0935d0c55370b184ccd6" kindref="member">$lon</ref>);</highlight></codeline>
<codeline lineno="74"><highlight class="normal"></highlight></codeline>
<codeline lineno="75"><highlight class="normal"><sp/><sp/><sp/><sp/><sp/><sp/><sp/><sp/><sp/><sp/><sp/><sp/></highlight><highlight class="comment">//<sp/>Extraction<sp/>des<sp/>champs<sp/>de<sp/>prévision</highlight><highlight class="normal"></highlight></codeline>
<codeline lineno="76"><highlight class="normal"><sp/><sp/><sp/><sp/><sp/><sp/><sp/><sp/><sp/><sp/><sp/><sp/><ref refid="meteo2_8php_1a05abc005f5307a3e17a8dd9ede5adec9" kindref="member">$jours</ref><sp/><sp/><sp/><sp/><sp/>=<sp/><ref refid="index_8php_1a6efc15b5a2314dd4b5aaa556a375c6d6" kindref="member">$data</ref>[</highlight><highlight class="stringliteral">&apos;daily&apos;</highlight><highlight class="normal">][</highlight><highlight class="stringliteral">&apos;time&apos;</highlight><highlight class="normal">];</highlight></codeline>
<codeline lineno="77"><highlight class="normal"><sp/><sp/><sp/><sp/><sp/><sp/><sp/><sp/><sp/><sp/><sp/><sp/><ref refid="meteo2_8php_1a51f4f647011ea0ee9d3833e6d4140d0b" kindref="member">$tmin</ref><sp/><sp/><sp/><sp/><sp/><sp/>=<sp/><ref refid="index_8php_1a6efc15b5a2314dd4b5aaa556a375c6d6" kindref="member">$data</ref>[</highlight><highlight class="stringliteral">&apos;daily&apos;</highlight><highlight class="normal">][</highlight><highlight class="stringliteral">&apos;temperature_2m_min&apos;</highlight><highlight class="normal">];</highlight></codeline>
<codeline lineno="78"><highlight class="normal"><sp/><sp/><sp/><sp/><sp/><sp/><sp/><sp/><sp/><sp/><sp/><sp/><ref refid="meteo2_8php_1af24f5a79cb9e0460d0274fe53d992356" kindref="member">$tmax</ref><sp/><sp/><sp/><sp/><sp/><sp/>=<sp/><ref refid="index_8php_1a6efc15b5a2314dd4b5aaa556a375c6d6" kindref="member">$data</ref>[</highlight><highlight class="stringliteral">&apos;daily&apos;</highlight><highlight class="normal">][</highlight><highlight class="stringliteral">&apos;temperature_2m_max&apos;</highlight><highlight class="normal">];</highlight></codeline>
<codeline lineno="79"><highlight class="normal"><sp/><sp/><sp/><sp/><sp/><sp/><sp/><sp/><sp/><sp/><sp/><sp/><ref refid="meteo2_8php_1aff5fb03d3def00e15b03f491ee9d2399" kindref="member">$ressMin</ref><sp/><sp/><sp/>=<sp/><ref refid="index_8php_1a6efc15b5a2314dd4b5aaa556a375c6d6" kindref="member">$data</ref>[</highlight><highlight class="stringliteral">&apos;daily&apos;</highlight><highlight class="normal">][</highlight><highlight class="stringliteral">&apos;apparent_temperature_min&apos;</highlight><highlight class="normal">];</highlight></codeline>
<codeline lineno="80"><highlight class="normal"><sp/><sp/><sp/><sp/><sp/><sp/><sp/><sp/><sp/><sp/><sp/><sp/><ref refid="meteo2_8php_1ac43c0e250fe6dcd96ed69c2cd9167660" kindref="member">$ressMax</ref><sp/><sp/><sp/>=<sp/><ref refid="index_8php_1a6efc15b5a2314dd4b5aaa556a375c6d6" kindref="member">$data</ref>[</highlight><highlight class="stringliteral">&apos;daily&apos;</highlight><highlight class="normal">][</highlight><highlight class="stringliteral">&apos;apparent_temperature_max&apos;</highlight><highlight class="normal">];</highlight></codeline>
<codeline lineno="81"><highlight class="normal"><sp/><sp/><sp/><sp/><sp/><sp/><sp/><sp/><sp/><sp/><sp/><sp/><ref refid="meteo2_8php_1a21c8ceaf522c6452f2ff4d34cb5b0c48" kindref="member">$pluie</ref><sp/><sp/><sp/><sp/><sp/>=<sp/><ref refid="index_8php_1a6efc15b5a2314dd4b5aaa556a375c6d6" kindref="member">$data</ref>[</highlight><highlight class="stringliteral">&apos;daily&apos;</highlight><highlight class="normal">][</highlight><highlight class="stringliteral">&apos;precipitation_sum&apos;</highlight><highlight class="normal">];</highlight></codeline>
<codeline lineno="82"><highlight class="normal"><sp/><sp/><sp/><sp/><sp/><sp/><sp/><sp/><sp/><sp/><sp/><sp/><ref refid="meteo2_8php_1a090870efc7a3474eb636a0bcdf2fbead" kindref="member">$neige</ref><sp/><sp/><sp/><sp/><sp/>=<sp/><ref refid="index_8php_1a6efc15b5a2314dd4b5aaa556a375c6d6" kindref="member">$data</ref>[</highlight><highlight class="stringliteral">&apos;daily&apos;</highlight><highlight class="normal">][</highlight><highlight class="stringliteral">&apos;snowfall_sum&apos;</highlight><highlight class="normal">];</highlight></codeline>
<codeline lineno="83"><highlight class="normal"><sp/><sp/><sp/><sp/><sp/><sp/><sp/><sp/><sp/><sp/><sp/><sp/><ref refid="meteo2_8php_1afe1576bff51783ecf7f91a7f03647c34" kindref="member">$pluieH</ref><sp/><sp/><sp/><sp/>=<sp/><ref refid="index_8php_1a6efc15b5a2314dd4b5aaa556a375c6d6" kindref="member">$data</ref>[</highlight><highlight class="stringliteral">&apos;daily&apos;</highlight><highlight class="normal">][</highlight><highlight class="stringliteral">&apos;precipitation_hours&apos;</highlight><highlight class="normal">];</highlight></codeline>
<codeline lineno="84"><highlight class="normal"><sp/><sp/><sp/><sp/><sp/><sp/><sp/><sp/><sp/><sp/><sp/><sp/><ref refid="meteo2_8php_1ad6b6a0540d5441fc64332c79f43069c1" kindref="member">$vent</ref><sp/><sp/><sp/><sp/><sp/><sp/>=<sp/><ref refid="index_8php_1a6efc15b5a2314dd4b5aaa556a375c6d6" kindref="member">$data</ref>[</highlight><highlight class="stringliteral">&apos;daily&apos;</highlight><highlight class="normal">][</highlight><highlight class="stringliteral">&apos;windspeed_10m_max&apos;</highlight><highlight class="normal">];</highlight></codeline>
<codeline lineno="85"><highlight class="normal"><sp/><sp/><sp/><sp/><sp/><sp/><sp/><sp/><sp/><sp/><sp/><sp/><ref refid="meteo2_8php_1a28069b3f40c8a295960662376dbe668c" kindref="member">$dirVent</ref><sp/><sp/><sp/>=<sp/><ref refid="index_8php_1a6efc15b5a2314dd4b5aaa556a375c6d6" kindref="member">$data</ref>[</highlight><highlight class="stringliteral">&apos;daily&apos;</highlight><highlight class="normal">][</highlight><highlight class="stringliteral">&apos;winddirection_10m_dominant&apos;</highlight><highlight class="normal">];</highlight></codeline>
<codeline lineno="86"><highlight class="normal"><sp/><sp/><sp/><sp/><sp/><sp/><sp/><sp/><sp/><sp/><sp/><sp/><ref refid="meteo2_8php_1aa14277438c2c2290064e04d3d6dfd8c2" kindref="member">$sunrise</ref><sp/><sp/><sp/>=<sp/><ref refid="index_8php_1a6efc15b5a2314dd4b5aaa556a375c6d6" kindref="member">$data</ref>[</highlight><highlight class="stringliteral">&apos;daily&apos;</highlight><highlight class="normal">][</highlight><highlight class="stringliteral">&apos;sunrise&apos;</highlight><highlight class="normal">];</highlight></codeline>
<codeline lineno="87"><highlight class="normal"><sp/><sp/><sp/><sp/><sp/><sp/><sp/><sp/><sp/><sp/><sp/><sp/><ref refid="meteo2_8php_1ac3e15e8bd53a470b59cc400b317bf4df" kindref="member">$sunset</ref><sp/><sp/><sp/><sp/>=<sp/><ref refid="index_8php_1a6efc15b5a2314dd4b5aaa556a375c6d6" kindref="member">$data</ref>[</highlight><highlight class="stringliteral">&apos;daily&apos;</highlight><highlight class="normal">][</highlight><highlight class="stringliteral">&apos;sunset&apos;</highlight><highlight class="normal">];</highlight></codeline>
<codeline lineno="88"><highlight class="normal"><sp/><sp/><sp/><sp/><sp/><sp/><sp/><sp/><sp/><sp/><sp/><sp/><ref refid="meteo2_8php_1a6002e8c8e44c609c5087ce9b1c5867de" kindref="member">$uv</ref><sp/><sp/><sp/><sp/><sp/><sp/><sp/><sp/>=<sp/><ref refid="index_8php_1a6efc15b5a2314dd4b5aaa556a375c6d6" kindref="member">$data</ref>[</highlight><highlight class="stringliteral">&apos;daily&apos;</highlight><highlight class="normal">][</highlight><highlight class="stringliteral">&apos;uv_index_max&apos;</highlight><highlight class="normal">];</highlight></codeline>
<codeline lineno="89"><highlight class="normal"><sp/><sp/><sp/><sp/><sp/><sp/><sp/><sp/><sp/><sp/><sp/><sp/><ref refid="meteo2_8php_1a9c00775819d0afa88b08835054ef9eb4" kindref="member">$codes</ref><sp/><sp/><sp/><sp/><sp/>=<sp/><ref refid="index_8php_1a6efc15b5a2314dd4b5aaa556a375c6d6" kindref="member">$data</ref>[</highlight><highlight class="stringliteral">&apos;daily&apos;</highlight><highlight class="normal">][</highlight><highlight class="stringliteral">&apos;weathercode&apos;</highlight><highlight class="normal">];</highlight></codeline>
<codeline lineno="90"><highlight class="normal"></highlight></codeline>
<codeline lineno="95"><highlight class="normal"><sp/><sp/><sp/><sp/><sp/><sp/><sp/><sp/><sp/><sp/><sp/><sp/><ref refid="meteo2_8php_1ae316b0935e2be607945825b6b8a2a263" kindref="member">$icons</ref><sp/>=<sp/>[</highlight></codeline>
<codeline lineno="96"><highlight class="normal"><sp/><sp/><sp/><sp/><sp/><sp/><sp/><sp/><sp/><sp/><sp/><sp/><sp/><sp/><sp/><sp/>0<sp/>=&gt;<sp/></highlight><highlight class="stringliteral">&quot;☀️&quot;</highlight><highlight class="normal">,<sp/>1<sp/>=&gt;<sp/></highlight><highlight class="stringliteral">&quot;🌤️&quot;</highlight><highlight class="normal">,<sp/>2<sp/>=&gt;<sp/></highlight><highlight class="stringliteral">&quot;⛅&quot;</highlight><highlight class="normal">,<sp/>3<sp/>=&gt;<sp/></highlight><highlight class="stringliteral">&quot;☁️&quot;</highlight><highlight class="normal">,<sp/>45<sp/>=&gt;<sp/></highlight><highlight class="stringliteral">&quot;🌫️&quot;</highlight><highlight class="normal">,</highlight></codeline>
<codeline lineno="97"><highlight class="normal"><sp/><sp/><sp/><sp/><sp/><sp/><sp/><sp/><sp/><sp/><sp/><sp/><sp/><sp/><sp/><sp/>51<sp/>=&gt;<sp/></highlight><highlight class="stringliteral">&quot;🌦️&quot;</highlight><highlight class="normal">,<sp/>61<sp/>=&gt;<sp/></highlight><highlight class="stringliteral">&quot;🌧️&quot;</highlight><highlight class="normal">,<sp/>71<sp/>=&gt;<sp/></highlight><highlight class="stringliteral">&quot;❄️&quot;</highlight><highlight class="normal">,<sp/>95<sp/>=&gt;<sp/></highlight><highlight class="stringliteral">&quot;⛈️&quot;</highlight><highlight class="normal"></highlight></codeline>
<codeline lineno="98"><highlight class="normal"><sp/><sp/><sp/><sp/><sp/><sp/><sp/><sp/><sp/><sp/><sp/><sp/>];</highlight></codeline>
<codeline lineno="99"><highlight class="normal"><sp/><sp/><sp/><sp/><sp/><sp/><sp/><sp/><sp/><sp/><sp/><sp/>?&gt;</highlight></codeline>
<codeline lineno="100"><highlight class="normal"></highlight></codeline>
<codeline lineno="101"><highlight class="normal"><sp/><sp/><sp/><sp/><sp/><sp/><sp/><sp/><sp/><sp/><sp/><sp/>&lt;!--<sp/>Boucle<sp/>d</highlight><highlight class="stringliteral">&apos;affichage<sp/>des<sp/>prévisions<sp/>météo<sp/>--&gt;</highlight></codeline>
<codeline lineno="102"><highlight class="stringliteral"><sp/><sp/><sp/><sp/><sp/><sp/><sp/><sp/><sp/><sp/><sp/><sp/>&lt;div<sp/>class=&quot;weather-grid&quot;&gt;</highlight></codeline>
<codeline lineno="103"><highlight class="stringliteral"><sp/><sp/><sp/><sp/><sp/><sp/><sp/><sp/><sp/><sp/><sp/><sp/><sp/><sp/><sp/><sp/>&lt;?php<sp/>for<sp/>($i<sp/>=<sp/>0;<sp/>$i<sp/>&lt;<sp/>5;<sp/>$i++):<sp/>?&gt;</highlight></codeline>
<codeline lineno="104"><highlight class="stringliteral"><sp/><sp/><sp/><sp/><sp/><sp/><sp/><sp/><sp/><sp/><sp/><sp/><sp/><sp/><sp/><sp/><sp/><sp/><sp/><sp/>&lt;div<sp/>class=&quot;weather-card&quot;&gt;</highlight></codeline>
<codeline lineno="105"><highlight class="stringliteral"><sp/><sp/><sp/><sp/><sp/><sp/><sp/><sp/><sp/><sp/><sp/><sp/><sp/><sp/><sp/><sp/><sp/><sp/><sp/><sp/><sp/><sp/><sp/><sp/>&lt;h2<sp/>class=&quot;card-title&quot;&gt;&lt;?=<sp/>date(&quot;D<sp/>d<sp/>M&quot;,<sp/>strtotime($jours[$i]))<sp/>?&gt;&lt;/h2&gt;</highlight></codeline>
<codeline lineno="106"><highlight class="stringliteral"><sp/><sp/><sp/><sp/><sp/><sp/><sp/><sp/><sp/><sp/><sp/><sp/><sp/><sp/><sp/><sp/><sp/><sp/><sp/><sp/><sp/><sp/><sp/><sp/>&lt;div<sp/>class=&quot;weather-icon&quot;&gt;&lt;?=<sp/>$icons[$codes[$i]]<sp/>??<sp/>&quot;❓&quot;<sp/>?&gt;&lt;/div&gt;</highlight></codeline>
<codeline lineno="107"><highlight class="stringliteral"><sp/><sp/><sp/><sp/><sp/><sp/><sp/><sp/><sp/><sp/><sp/><sp/><sp/><sp/><sp/><sp/><sp/><sp/><sp/><sp/><sp/><sp/><sp/><sp/>&lt;p<sp/>class=&quot;temp&quot;&gt;</highlight></codeline>
<codeline lineno="108"><highlight class="stringliteral"><sp/><sp/><sp/><sp/><sp/><sp/><sp/><sp/><sp/><sp/><sp/><sp/><sp/><sp/><sp/><sp/><sp/><sp/><sp/><sp/><sp/><sp/><sp/><sp/><sp/><sp/><sp/><sp/>&lt;span<sp/>class=&quot;icon&quot;&gt;🌡️&lt;/span&gt;<sp/>&lt;?=<sp/>$tmin[$i]<sp/>?&gt;°<sp/>/<sp/>&lt;?=<sp/>$tmax[$i]<sp/>?&gt;°</highlight></codeline>
<codeline lineno="109"><highlight class="stringliteral"><sp/><sp/><sp/><sp/><sp/><sp/><sp/><sp/><sp/><sp/><sp/><sp/><sp/><sp/><sp/><sp/><sp/><sp/><sp/><sp/><sp/><sp/><sp/><sp/>&lt;/p&gt;</highlight></codeline>
<codeline lineno="110"><highlight class="stringliteral"><sp/><sp/><sp/><sp/><sp/><sp/><sp/><sp/><sp/><sp/><sp/><sp/><sp/><sp/><sp/><sp/><sp/><sp/><sp/><sp/><sp/><sp/><sp/><sp/>&lt;p<sp/>class=&quot;feels-like&quot;&gt;</highlight></codeline>
<codeline lineno="111"><highlight class="stringliteral"><sp/><sp/><sp/><sp/><sp/><sp/><sp/><sp/><sp/><sp/><sp/><sp/><sp/><sp/><sp/><sp/><sp/><sp/><sp/><sp/><sp/><sp/><sp/><sp/><sp/><sp/><sp/><sp/>&lt;span<sp/>class=&quot;icon&quot;&gt;🤒&lt;/span&gt;<sp/>Ressenti<sp/>:<sp/>&lt;?=<sp/>$ressMin[$i]<sp/>?&gt;°<sp/>/<sp/>&lt;?=<sp/>$ressMax[$i]<sp/>?&gt;°</highlight></codeline>
<codeline lineno="112"><highlight class="stringliteral"><sp/><sp/><sp/><sp/><sp/><sp/><sp/><sp/><sp/><sp/><sp/><sp/><sp/><sp/><sp/><sp/><sp/><sp/><sp/><sp/><sp/><sp/><sp/><sp/>&lt;/p&gt;</highlight></codeline>
<codeline lineno="113"><highlight class="stringliteral"><sp/><sp/><sp/><sp/><sp/><sp/><sp/><sp/><sp/><sp/><sp/><sp/><sp/><sp/><sp/><sp/><sp/><sp/><sp/><sp/><sp/><sp/><sp/><sp/>&lt;p<sp/>class=&quot;precipitation&quot;&gt;</highlight></codeline>
<codeline lineno="114"><highlight class="stringliteral"><sp/><sp/><sp/><sp/><sp/><sp/><sp/><sp/><sp/><sp/><sp/><sp/><sp/><sp/><sp/><sp/><sp/><sp/><sp/><sp/><sp/><sp/><sp/><sp/><sp/><sp/><sp/><sp/>&lt;span<sp/>class=&quot;icon&quot;&gt;🌧️&lt;/span&gt;<sp/>Pluie<sp/>:<sp/>&lt;?=<sp/>$pluie[$i]<sp/>?&gt;<sp/>mm<sp/>(&lt;?=<sp/>$pluieH[$i]<sp/>?&gt;h)</highlight></codeline>
<codeline lineno="115"><highlight class="stringliteral"><sp/><sp/><sp/><sp/><sp/><sp/><sp/><sp/><sp/><sp/><sp/><sp/><sp/><sp/><sp/><sp/><sp/><sp/><sp/><sp/><sp/><sp/><sp/><sp/>&lt;/p&gt;</highlight></codeline>
<codeline lineno="116"><highlight class="stringliteral"><sp/><sp/><sp/><sp/><sp/><sp/><sp/><sp/><sp/><sp/><sp/><sp/><sp/><sp/><sp/><sp/><sp/><sp/><sp/><sp/><sp/><sp/><sp/><sp/>&lt;p<sp/>class=&quot;snow&quot;&gt;</highlight></codeline>
<codeline lineno="117"><highlight class="stringliteral"><sp/><sp/><sp/><sp/><sp/><sp/><sp/><sp/><sp/><sp/><sp/><sp/><sp/><sp/><sp/><sp/><sp/><sp/><sp/><sp/><sp/><sp/><sp/><sp/><sp/><sp/><sp/><sp/>&lt;span<sp/>class=&quot;icon&quot;&gt;❄️&lt;/span&gt;<sp/>Neige<sp/>:<sp/>&lt;?=<sp/>$neige[$i]<sp/>?&gt;<sp/>mm</highlight></codeline>
<codeline lineno="118"><highlight class="stringliteral"><sp/><sp/><sp/><sp/><sp/><sp/><sp/><sp/><sp/><sp/><sp/><sp/><sp/><sp/><sp/><sp/><sp/><sp/><sp/><sp/><sp/><sp/><sp/><sp/>&lt;/p&gt;</highlight></codeline>
<codeline lineno="119"><highlight class="stringliteral"><sp/><sp/><sp/><sp/><sp/><sp/><sp/><sp/><sp/><sp/><sp/><sp/><sp/><sp/><sp/><sp/><sp/><sp/><sp/><sp/><sp/><sp/><sp/><sp/>&lt;p<sp/>class=&quot;wind&quot;&gt;</highlight></codeline>
<codeline lineno="120"><highlight class="stringliteral"><sp/><sp/><sp/><sp/><sp/><sp/><sp/><sp/><sp/><sp/><sp/><sp/><sp/><sp/><sp/><sp/><sp/><sp/><sp/><sp/><sp/><sp/><sp/><sp/><sp/><sp/><sp/><sp/>&lt;span<sp/>class=&quot;icon&quot;&gt;💨&lt;/span&gt;<sp/>Vent<sp/>:<sp/>&lt;?=<sp/>$vent[$i]<sp/>?&gt;<sp/>km/h</highlight></codeline>
<codeline lineno="121"><highlight class="stringliteral"><sp/><sp/><sp/><sp/><sp/><sp/><sp/><sp/><sp/><sp/><sp/><sp/><sp/><sp/><sp/><sp/><sp/><sp/><sp/><sp/><sp/><sp/><sp/><sp/>&lt;/p&gt;</highlight></codeline>
<codeline lineno="122"><highlight class="stringliteral"><sp/><sp/><sp/><sp/><sp/><sp/><sp/><sp/><sp/><sp/><sp/><sp/><sp/><sp/><sp/><sp/><sp/><sp/><sp/><sp/><sp/><sp/><sp/><sp/>&lt;p<sp/>class=&quot;wind-direction&quot;&gt;</highlight></codeline>
<codeline lineno="123"><highlight class="stringliteral"><sp/><sp/><sp/><sp/><sp/><sp/><sp/><sp/><sp/><sp/><sp/><sp/><sp/><sp/><sp/><sp/><sp/><sp/><sp/><sp/><sp/><sp/><sp/><sp/><sp/><sp/><sp/><sp/>&lt;span<sp/>class=&quot;icon&quot;&gt;🧭&lt;/span&gt;<sp/>Direction<sp/>:<sp/>&lt;?=<sp/>$dirVent[$i]<sp/>?&gt;°</highlight></codeline>
<codeline lineno="124"><highlight class="stringliteral"><sp/><sp/><sp/><sp/><sp/><sp/><sp/><sp/><sp/><sp/><sp/><sp/><sp/><sp/><sp/><sp/><sp/><sp/><sp/><sp/><sp/><sp/><sp/><sp/>&lt;/p&gt;</highlight></codeline>
<codeline lineno="125"><highlight class="stringliteral"><sp/><sp/><sp/><sp/><sp/><sp/><sp/><sp/><sp/><sp/><sp/><sp/><sp/><sp/><sp/><sp/><sp/><sp/><sp/><sp/><sp/><sp/><sp/><sp/>&lt;p<sp/>class=&quot;sun-times&quot;&gt;</highlight></codeline>
<codeline lineno="126"><highlight class="stringliteral"><sp/><sp/><sp/><sp/><sp/><sp/><sp/><sp/><sp/><sp/><sp/><sp/><sp/><sp/><sp/><sp/><sp/><sp/><sp/><sp/><sp/><sp/><sp/><sp/><sp/><sp/><sp/><sp/>&lt;span<sp/>class=&quot;icon&quot;&gt;☀️&lt;/span&gt;<sp/>&lt;?=<sp/>date(&quot;H:i&quot;,<sp/>strtotime($sunrise[$i]))<sp/>?&gt;<sp/>-<sp/>&lt;?=<sp/>date(&quot;H:i&quot;,<sp/>strtotime($sunset[$i]))<sp/>?&gt;</highlight></codeline>
<codeline lineno="127"><highlight class="stringliteral"><sp/><sp/><sp/><sp/><sp/><sp/><sp/><sp/><sp/><sp/><sp/><sp/><sp/><sp/><sp/><sp/><sp/><sp/><sp/><sp/><sp/><sp/><sp/><sp/>&lt;/p&gt;</highlight></codeline>
<codeline lineno="128"><highlight class="stringliteral"><sp/><sp/><sp/><sp/><sp/><sp/><sp/><sp/><sp/><sp/><sp/><sp/><sp/><sp/><sp/><sp/><sp/><sp/><sp/><sp/><sp/><sp/><sp/><sp/>&lt;p<sp/>class=&quot;uv-index&quot;&gt;</highlight></codeline>
<codeline lineno="129"><highlight class="stringliteral"><sp/><sp/><sp/><sp/><sp/><sp/><sp/><sp/><sp/><sp/><sp/><sp/><sp/><sp/><sp/><sp/><sp/><sp/><sp/><sp/><sp/><sp/><sp/><sp/><sp/><sp/><sp/><sp/>&lt;span<sp/>class=&quot;icon&quot;&gt;🔆&lt;/span&gt;<sp/>UV<sp/>:<sp/>&lt;?=<sp/>$uv[$i]<sp/>?&gt;</highlight></codeline>
<codeline lineno="130"><highlight class="stringliteral"><sp/><sp/><sp/><sp/><sp/><sp/><sp/><sp/><sp/><sp/><sp/><sp/><sp/><sp/><sp/><sp/><sp/><sp/><sp/><sp/><sp/><sp/><sp/><sp/>&lt;/p&gt;</highlight></codeline>
<codeline lineno="131"><highlight class="stringliteral"><sp/><sp/><sp/><sp/><sp/><sp/><sp/><sp/><sp/><sp/><sp/><sp/><sp/><sp/><sp/><sp/><sp/><sp/><sp/><sp/>&lt;/div&gt;</highlight></codeline>
<codeline lineno="132"><highlight class="stringliteral"><sp/><sp/><sp/><sp/><sp/><sp/><sp/><sp/><sp/><sp/><sp/><sp/><sp/><sp/><sp/><sp/>&lt;?php<sp/>endfor;<sp/>?&gt;</highlight></codeline>
<codeline lineno="133"><highlight class="stringliteral"><sp/><sp/><sp/><sp/><sp/><sp/><sp/><sp/><sp/><sp/><sp/><sp/>&lt;/div&gt;</highlight></codeline>
<codeline lineno="134"><highlight class="stringliteral"></highlight></codeline>
<codeline lineno="135"><highlight class="stringliteral"><sp/><sp/><sp/><sp/><sp/><sp/><sp/><sp/>&lt;?php<sp/>else:<sp/>?&gt;</highlight></codeline>
<codeline lineno="136"><highlight class="stringliteral"><sp/><sp/><sp/><sp/><sp/><sp/><sp/><sp/><sp/><sp/><sp/><sp/>&lt;!--<sp/>Aucune<sp/>donnée<sp/>:<sp/>message<sp/>d&apos;</highlight><highlight class="normal">erreur<sp/>--&gt;</highlight></codeline>
<codeline lineno="137"><highlight class="normal"><sp/><sp/><sp/><sp/><sp/><sp/><sp/><sp/><sp/><sp/><sp/><sp/>&lt;p<sp/></highlight><highlight class="keyword">class</highlight><highlight class="normal">=</highlight><highlight class="stringliteral">&quot;error-message&quot;</highlight><highlight class="normal">&gt;</highlight></codeline>
<codeline lineno="138"><highlight class="normal"><sp/><sp/><sp/><sp/><sp/><sp/><sp/><sp/><sp/><sp/><sp/><sp/><sp/><sp/><sp/><sp/>&lt;span<sp/></highlight><highlight class="keyword">class</highlight><highlight class="normal">=</highlight><highlight class="stringliteral">&quot;icon&quot;</highlight><highlight class="normal">&gt;⚠️&lt;/span&gt;<sp/>Aucune<sp/>ville<sp/>sélectionnée.<sp/>Merci<sp/>de<sp/>revenir<sp/>à<sp/>l’accueil<sp/>pour<sp/>choisir<sp/>une<sp/>ville.</highlight></codeline>
<codeline lineno="139"><highlight class="normal"><sp/><sp/><sp/><sp/><sp/><sp/><sp/><sp/><sp/><sp/><sp/><sp/>&lt;/p&gt;</highlight></codeline>
<codeline lineno="140"><highlight class="normal"><sp/><sp/><sp/><sp/><sp/><sp/><sp/><sp/>&lt;?php<sp/><ref refid="index_8php_1a8c03dc982b20dd551a4b6ea48c78b1be" kindref="member">endif</ref>;<sp/>?&gt;</highlight></codeline>
<codeline lineno="141"><highlight class="normal"></highlight></codeline>
<codeline lineno="142"><highlight class="normal"><sp/><sp/><sp/><sp/><sp/><sp/><sp/><sp/>&lt;a<sp/>href=</highlight><highlight class="stringliteral">&quot;index.php&quot;</highlight><highlight class="normal"><sp/></highlight><highlight class="keyword">class</highlight><highlight class="normal">=</highlight><highlight class="stringliteral">&quot;btn&quot;</highlight><highlight class="normal">&gt;⬅<sp/>Retour<sp/>à<sp/>l</highlight><highlight class="stringliteral">&apos;accueil&lt;/a&gt;</highlight></codeline>
<codeline lineno="143"><highlight class="stringliteral"><sp/><sp/><sp/><sp/>&lt;/section&gt;</highlight></codeline>
<codeline lineno="144"><highlight class="stringliteral">&lt;/main&gt;</highlight></codeline>
<codeline lineno="145"><highlight class="stringliteral"></highlight></codeline>
<codeline lineno="146"><highlight class="stringliteral">&lt;?php<sp/>require<sp/>&quot;./include/footer.inc.php&quot;;<sp/>?&gt;</highlight></codeline>
    </programlisting>
    <location file="C:/Users/cozma/Downloads/Weathersky-main (1)/Weathersky-main/Meteo6/WeatherSky/meteo2.php"/>
  </compounddef>
</doxygen>
