<?xml version='1.0' encoding='UTF-8' standalone='no'?>
<doxygen xmlns:xsi="http://www.w3.org/2001/XMLSchema-instance" xsi:noNamespaceSchemaLocation="compound.xsd" version="1.13.2" xml:lang="fr">
  <compounddef id="namespace_weather_sky" kind="namespace" language="PHP">
    <compoundname>WeatherSky</compoundname>
    <briefdescription>
    </briefdescription>
    <detaileddescription>
<para>📦 Fonctions principales du projet <ref refid="namespace_weather_sky" kindref="compound">WeatherSky</ref></para>
<para>Ce fichier regroupe les fonctions permettant :<itemizedlist>
<listitem><para>La récupération de la localisation du visiteur</para>
</listitem><listitem><para>L&apos;appel à l&apos;API APOD de la NASA</para>
</listitem><listitem><para>La lecture et liaison des fichiers CSV</para>
</listitem><listitem><para>La déduction de la région depuis un code INSEE</para>
</listitem></itemizedlist>
</para>
<para><simplesect kind="author"><para>Votre Nom </para>
</simplesect>
<simplesect kind="version"><para>1.0 </para>
</simplesect>
<simplesect kind="since"><para>2025-04</para>
</simplesect>
Page des prévisions météo détaillées</para>
<para>Cette page affiche les prévisions météo sur plusieurs jours en fonction des coordonnées géographiques passées en GET ou stockées en cookie.</para>
<para>Elle utilise l&apos;API Open-Meteo via la fonction <computeroutput><ref refid="include_2meteo_8php_1ad669fbddb3fc84c0d6a581eac7aa2786" kindref="member">getMeteoData()</ref></computeroutput> (dans meteo.php).</para>
<para><simplesect kind="author"><para>Votre Nom </para>
</simplesect>
<simplesect kind="version"><para>1.0</para>
</simplesect>
Page Statistiques - <ref refid="namespace_weather_sky" kindref="compound">WeatherSky</ref></para>
<para>Cette page affiche :<itemizedlist>
<listitem><para>Le nombre total de visiteurs</para>
</listitem><listitem><para>Le top 5 des villes les plus recherchées</para>
</listitem><listitem><para>Des graphiques Chart.js</para>
</listitem><listitem><para>Des infos trafic (via Geoapify)</para>
</listitem><listitem><para>Des infos boursières (via AlphaVantage)</para>
</listitem></itemizedlist>
</para>
<para><simplesect kind="author"><para>Votre Nom </para>
</simplesect>
<simplesect kind="version"><para>1.0</para>
</simplesect>
Page technique : Affiche des données de l’API NASA et des infos sur l’utilisateur</para>
<para><itemizedlist>
<listitem><para>Récupère l’image du jour via l’API APOD de la NASA</para>
</listitem><listitem><para>Affiche des données de géolocalisation avec GeoPlugin (XML)</para>
</listitem><listitem><para>Affiche des informations sur l’adresse IP avec ipinfo.io</para>
</listitem></itemizedlist>
</para>
<para><simplesect kind="author"><para>Votre Nom </para>
</simplesect>
<simplesect kind="version"><para>1.0 </para>
</simplesect>
</para>
    </detaileddescription>
    <location file="C:/Users/cozma/Downloads/Weathersky-main (1)/Weathersky-main/Meteo6/WeatherSky/meteo.php" line="11" column="1"/>
  </compounddef>
</doxygen>
