<?xml version='1.0' encoding='UTF-8' standalone='no'?>
<doxygen xmlns:xsi="http://www.w3.org/2001/XMLSchema-instance" xsi:noNamespaceSchemaLocation="compound.xsd" version="1.13.2" xml:lang="fr">
  <compounddef id="stat_8php" kind="file" language="PHP">
    <compoundname>stat.php</compoundname>
    <sectiondef kind="var">
      <memberdef kind="variable" id="stat_8php_1a1cab83481bc861b32af8f093a199c35e" prot="public" static="no" mutable="no">
        <type></type>
        <definition>$fichier</definition>
        <argsstring></argsstring>
        <name>$fichier</name>
        <initializer>= &apos;villes_consultées.csv&apos;</initializer>
        <briefdescription>
        </briefdescription>
        <detaileddescription>
        </detaileddescription>
        <inbodydescription>
        </inbodydescription>
        <location file="C:/Users/cozma/Downloads/Weathersky-main (1)/Weathersky-main/Meteo6/WeatherSky/stat.php" line="3" column="1" bodyfile="C:/Users/cozma/Downloads/Weathersky-main (1)/Weathersky-main/Meteo6/WeatherSky/stat.php" bodystart="3" bodyend="-1"/>
      </memberdef>
      <memberdef kind="variable" id="stat_8php_1afdefc0303846ad7cedbfd9acb7184a7a" prot="public" static="no" mutable="no">
        <type></type>
        <definition>$villes</definition>
        <argsstring></argsstring>
        <name>$villes</name>
        <initializer>= []</initializer>
        <briefdescription>
        </briefdescription>
        <detaileddescription>
        </detaileddescription>
        <inbodydescription>
        </inbodydescription>
        <location file="C:/Users/cozma/Downloads/Weathersky-main (1)/Weathersky-main/Meteo6/WeatherSky/stat.php" line="4" column="1" bodyfile="C:/Users/cozma/Downloads/Weathersky-main (1)/Weathersky-main/Meteo6/WeatherSky/stat.php" bodystart="4" bodyend="-1"/>
      </memberdef>
      <memberdef kind="variable" id="stat_8php_1a153675be5939c7b634c9ed1396137d05" prot="public" static="no" mutable="no">
        <type><ref refid="index_8php_1a0a4a9ea17f3dea7d32f111630540eb0e" kindref="member">if</ref>(($handle=fopen($fichier, &apos;r&apos;)) !==false)</type>
        <definition>if (( $handle=fopen( $fichier, &apos;r&apos;)) !==false) $labels</definition>
        <argsstring></argsstring>
        <name>$labels</name>
        <initializer>= array_keys($villes)</initializer>
        <briefdescription>
        </briefdescription>
        <detaileddescription>
        </detaileddescription>
        <inbodydescription>
        </inbodydescription>
        <location file="C:/Users/cozma/Downloads/Weathersky-main (1)/Weathersky-main/Meteo6/WeatherSky/stat.php" line="17" column="1" bodyfile="C:/Users/cozma/Downloads/Weathersky-main (1)/Weathersky-main/Meteo6/WeatherSky/stat.php" bodystart="17" bodyend="-1"/>
      </memberdef>
      <memberdef kind="variable" id="stat_8php_1a6981142b9d6529b79b559b4d3b057835" prot="public" static="no" mutable="no">
        <type></type>
        <definition>$valeurs</definition>
        <argsstring></argsstring>
        <name>$valeurs</name>
        <initializer>= array_values($villes)</initializer>
        <briefdescription>
        </briefdescription>
        <detaileddescription>
        </detaileddescription>
        <inbodydescription>
        </inbodydescription>
        <location file="C:/Users/cozma/Downloads/Weathersky-main (1)/Weathersky-main/Meteo6/WeatherSky/stat.php" line="18" column="1" bodyfile="C:/Users/cozma/Downloads/Weathersky-main (1)/Weathersky-main/Meteo6/WeatherSky/stat.php" bodystart="18" bodyend="-1"/>
      </memberdef>
      <memberdef kind="variable" id="stat_8php_1a672d9707ef91db026c210f98cc601123" prot="public" static="no" mutable="no">
        <type></type>
        <definition>endforeach</definition>
        <argsstring></argsstring>
        <name>endforeach</name>
        <initializer>= $count</initializer>
        <briefdescription>
        </briefdescription>
        <detaileddescription>
        </detaileddescription>
        <inbodydescription>
        </inbodydescription>
        <location file="C:/Users/cozma/Downloads/Weathersky-main (1)/Weathersky-main/Meteo6/WeatherSky/stat.php" line="38" column="2" bodyfile="C:/Users/cozma/Downloads/Weathersky-main (1)/Weathersky-main/Meteo6/WeatherSky/stat.php" bodystart="36" bodyend="-1"/>
      </memberdef>
      <memberdef kind="variable" id="stat_8php_1a8e01dcc96c43199448ee66f7c2ae8ea6" prot="public" static="no" mutable="no">
        <type><ref refid="map_8php_1a460a5a14b74dba77bd113685316a915c" kindref="member">else</ref></type>
        <definition>else __pad0__</definition>
        <argsstring></argsstring>
        <name>__pad0__</name>
        <briefdescription>
        </briefdescription>
        <detaileddescription>
        </detaileddescription>
        <inbodydescription>
        </inbodydescription>
        <location file="C:/Users/cozma/Downloads/Weathersky-main (1)/Weathersky-main/Meteo6/WeatherSky/stat.php" line="40" column="2" bodyfile="C:/Users/cozma/Downloads/Weathersky-main (1)/Weathersky-main/Meteo6/WeatherSky/stat.php" bodystart="42" bodyend="-1"/>
      </memberdef>
    </sectiondef>
    <briefdescription>
    </briefdescription>
    <detaileddescription>
    </detaileddescription>
    <programlisting>
<codeline lineno="1"><highlight class="normal">&lt;?php</highlight></codeline>
<codeline lineno="2"><highlight class="normal"></highlight><highlight class="comment">//<sp/>Lire<sp/>le<sp/>fichier<sp/>CSV<sp/>et<sp/>compter<sp/>les<sp/>villes</highlight><highlight class="normal"></highlight></codeline>
<codeline lineno="3"><highlight class="normal"><ref refid="stat_8php_1a1cab83481bc861b32af8f093a199c35e" kindref="member">$fichier</ref><sp/>=<sp/></highlight><highlight class="stringliteral">&apos;villes_consultées.csv&apos;</highlight><highlight class="normal">;</highlight></codeline>
<codeline lineno="4"><highlight class="normal"><ref refid="map_8php_1afdefc0303846ad7cedbfd9acb7184a7a" kindref="member">$villes</ref><sp/>=<sp/>[];</highlight></codeline>
<codeline lineno="5"><highlight class="normal"></highlight></codeline>
<codeline lineno="6"><highlight class="normal"></highlight><highlight class="keywordflow">if</highlight><highlight class="normal"><sp/>(($handle<sp/>=<sp/>fopen(<ref refid="stat_8php_1a1cab83481bc861b32af8f093a199c35e" kindref="member">$fichier</ref>,<sp/></highlight><highlight class="charliteral">&apos;r&apos;</highlight><highlight class="normal">))<sp/>!==<sp/></highlight><highlight class="keyword">false</highlight><highlight class="normal">)<sp/>{</highlight></codeline>
<codeline lineno="7"><highlight class="normal"><sp/><sp/><sp/><sp/></highlight><highlight class="comment">//<sp/>Ignorer<sp/>l&apos;en-tête</highlight><highlight class="normal"></highlight></codeline>
<codeline lineno="8"><highlight class="normal"><sp/><sp/><sp/><sp/>fgetcsv($handle);</highlight></codeline>
<codeline lineno="9"><highlight class="normal"><sp/><sp/><sp/><sp/></highlight><highlight class="keywordflow">while</highlight><highlight class="normal"><sp/>((<ref refid="index_8php_1a6efc15b5a2314dd4b5aaa556a375c6d6" kindref="member">$data</ref><sp/>=<sp/>fgetcsv($handle))<sp/>!==<sp/></highlight><highlight class="keyword">false</highlight><highlight class="normal">)<sp/>{</highlight></codeline>
<codeline lineno="10"><highlight class="normal"><sp/><sp/><sp/><sp/><sp/><sp/><sp/><sp/><ref refid="index_8php_1acc3746cfaca53a8d6942c6252b17d14f" kindref="member">$ville</ref><sp/>=<sp/>htmlspecialchars(<ref refid="index_8php_1a6efc15b5a2314dd4b5aaa556a375c6d6" kindref="member">$data</ref>[0]);<sp/></highlight><highlight class="comment">//<sp/>Protection<sp/>contre<sp/>injection<sp/>HTML</highlight><highlight class="normal"></highlight></codeline>
<codeline lineno="11"><highlight class="normal"><sp/><sp/><sp/><sp/><sp/><sp/><sp/><sp/><ref refid="map_8php_1afdefc0303846ad7cedbfd9acb7184a7a" kindref="member">$villes</ref>[<ref refid="index_8php_1acc3746cfaca53a8d6942c6252b17d14f" kindref="member">$ville</ref>]<sp/>=<sp/>(<ref refid="map_8php_1afdefc0303846ad7cedbfd9acb7184a7a" kindref="member">$villes</ref>[<ref refid="index_8php_1acc3746cfaca53a8d6942c6252b17d14f" kindref="member">$ville</ref>]<sp/>??<sp/>0)<sp/>+<sp/>1;</highlight></codeline>
<codeline lineno="12"><highlight class="normal"><sp/><sp/><sp/><sp/>}</highlight></codeline>
<codeline lineno="13"><highlight class="normal"><sp/><sp/><sp/><sp/>fclose($handle);</highlight></codeline>
<codeline lineno="14"><highlight class="normal">}</highlight></codeline>
<codeline lineno="15"><highlight class="normal"></highlight></codeline>
<codeline lineno="16"><highlight class="normal"></highlight><highlight class="comment">//<sp/>Préparer<sp/>les<sp/>données<sp/>pour<sp/>l&apos;histogramme</highlight><highlight class="normal"></highlight></codeline>
<codeline lineno="17"><highlight class="normal"><ref refid="stat_8php_1a153675be5939c7b634c9ed1396137d05" kindref="member">$labels</ref><sp/>=<sp/>array_keys(<ref refid="map_8php_1afdefc0303846ad7cedbfd9acb7184a7a" kindref="member">$villes</ref>);</highlight></codeline>
<codeline lineno="18"><highlight class="normal"><ref refid="stat_8php_1a6981142b9d6529b79b559b4d3b057835" kindref="member">$valeurs</ref><sp/>=<sp/>array_values(<ref refid="map_8php_1afdefc0303846ad7cedbfd9acb7184a7a" kindref="member">$villes</ref>);</highlight></codeline>
<codeline lineno="19"><highlight class="normal">?&gt;</highlight></codeline>
<codeline lineno="20"><highlight class="normal"></highlight></codeline>
<codeline lineno="21"><highlight class="normal">&lt;!--<sp/>Pas<sp/>de<sp/>&lt;html&gt;<sp/>ou<sp/>&lt;head&gt;<sp/>ici,<sp/>car<sp/>ce<sp/>fichier<sp/>est<sp/>intégré<sp/>dans<sp/>une<sp/>structure<sp/>globale<sp/>--&gt;</highlight></codeline>
<codeline lineno="22"><highlight class="normal">&lt;!--<sp/>On<sp/>suppose<sp/>que<sp/>le<sp/>header,<sp/>doctype,<sp/>etc.<sp/>sont<sp/>déjà<sp/>inclus<sp/>avant<sp/>--&gt;</highlight></codeline>
<codeline lineno="23"><highlight class="normal"></highlight></codeline>
<codeline lineno="24"><highlight class="normal">&lt;!--<sp/>Contenu<sp/>principal<sp/>--&gt;</highlight></codeline>
<codeline lineno="25"><highlight class="normal">&lt;section&gt;</highlight></codeline>
<codeline lineno="26"><highlight class="normal"><sp/><sp/><sp/><sp/>&lt;h1&gt;Statistiques<sp/>des<sp/>villes<sp/>consultées&lt;/h1&gt;</highlight></codeline>
<codeline lineno="27"><highlight class="normal"></highlight></codeline>
<codeline lineno="28"><highlight class="normal"><sp/><sp/><sp/><sp/>&lt;?php<sp/></highlight><highlight class="keywordflow">if</highlight><highlight class="normal"><sp/>(!empty(<ref refid="map_8php_1afdefc0303846ad7cedbfd9acb7184a7a" kindref="member">$villes</ref>))<sp/>:<sp/>?&gt;</highlight></codeline>
<codeline lineno="29"><highlight class="normal"><sp/><sp/><sp/><sp/><sp/><sp/><sp/><sp/>&lt;?php<sp/>$max<sp/>=<sp/>max(<ref refid="stat_8php_1a6981142b9d6529b79b559b4d3b057835" kindref="member">$valeurs</ref>);<sp/>?&gt;</highlight></codeline>
<codeline lineno="30"><highlight class="normal"><sp/><sp/><sp/><sp/><sp/><sp/><sp/><sp/>&lt;div<sp/></highlight><highlight class="keyword">class</highlight><highlight class="normal">=</highlight><highlight class="stringliteral">&quot;bars&quot;</highlight><highlight class="normal">&gt;</highlight></codeline>
<codeline lineno="31"><highlight class="normal"><sp/><sp/><sp/><sp/><sp/><sp/><sp/><sp/><sp/><sp/><sp/><sp/>&lt;?php<sp/></highlight><highlight class="keywordflow">foreach</highlight><highlight class="normal"><sp/>(<ref refid="map_8php_1afdefc0303846ad7cedbfd9acb7184a7a" kindref="member">$villes</ref><sp/>as<sp/><ref refid="index_8php_1acc3746cfaca53a8d6942c6252b17d14f" kindref="member">$ville</ref><sp/>=&gt;<sp/>$count)<sp/>:<sp/>?&gt;</highlight></codeline>
<codeline lineno="32"><highlight class="normal"><sp/><sp/><sp/><sp/><sp/><sp/><sp/><sp/><sp/><sp/><sp/><sp/><sp/><sp/><sp/><sp/>&lt;?php</highlight></codeline>
<codeline lineno="33"><highlight class="normal"><sp/><sp/><sp/><sp/><sp/><sp/><sp/><sp/><sp/><sp/><sp/><sp/><sp/><sp/><sp/><sp/>$width<sp/>=<sp/>($count<sp/>/<sp/>$max)<sp/>*<sp/>300;<sp/></highlight><highlight class="comment">//<sp/>Largeur<sp/>max<sp/>en<sp/>px</highlight><highlight class="normal"></highlight></codeline>
<codeline lineno="34"><highlight class="normal"><sp/><sp/><sp/><sp/><sp/><sp/><sp/><sp/><sp/><sp/><sp/><sp/><sp/><sp/><sp/><sp/>?&gt;</highlight></codeline>
<codeline lineno="35"><highlight class="normal"><sp/><sp/><sp/><sp/><sp/><sp/><sp/><sp/><sp/><sp/><sp/><sp/><sp/><sp/><sp/><sp/>&lt;div<sp/></highlight><highlight class="keyword">class</highlight><highlight class="normal">=</highlight><highlight class="stringliteral">&quot;bar&quot;</highlight><highlight class="normal"><sp/>style=</highlight><highlight class="stringliteral">&quot;width:<sp/>&lt;?=<sp/>(int)$width<sp/>?&gt;px;&quot;</highlight><highlight class="normal">&gt;</highlight></codeline>
<codeline lineno="36"><highlight class="normal"><sp/><sp/><sp/><sp/><sp/><sp/><sp/><sp/><sp/><sp/><sp/><sp/><sp/><sp/><sp/><sp/><sp/><sp/><sp/><sp/>&lt;span&gt;&lt;?=<sp/><ref refid="index_8php_1acc3746cfaca53a8d6942c6252b17d14f" kindref="member">$ville</ref><sp/>?&gt;&lt;/span&gt;<sp/>(&lt;?=<sp/>$count<sp/>?&gt;)</highlight></codeline>
<codeline lineno="37"><highlight class="normal"><sp/><sp/><sp/><sp/><sp/><sp/><sp/><sp/><sp/><sp/><sp/><sp/><sp/><sp/><sp/><sp/>&lt;/div&gt;</highlight></codeline>
<codeline lineno="38"><highlight class="normal"><sp/><sp/><sp/><sp/><sp/><sp/><sp/><sp/><sp/><sp/><sp/><sp/>&lt;?php<sp/><ref refid="stat_8php_1a672d9707ef91db026c210f98cc601123" kindref="member">endforeach</ref>;<sp/>?&gt;</highlight></codeline>
<codeline lineno="39"><highlight class="normal"><sp/><sp/><sp/><sp/><sp/><sp/><sp/><sp/>&lt;/div&gt;</highlight></codeline>
<codeline lineno="40"><highlight class="normal"><sp/><sp/><sp/><sp/>&lt;?php<sp/><ref refid="map_8php_1a460a5a14b74dba77bd113685316a915c" kindref="member">else</ref><sp/>:<sp/>?&gt;</highlight></codeline>
<codeline lineno="41"><highlight class="normal"><sp/><sp/><sp/><sp/><sp/><sp/><sp/><sp/>&lt;p&gt;Aucune<sp/>donnée<sp/>disponible.&lt;/p&gt;</highlight></codeline>
<codeline lineno="42"><highlight class="normal"><sp/><sp/><sp/><sp/>&lt;?php<sp/><ref refid="index_8php_1a8c03dc982b20dd551a4b6ea48c78b1be" kindref="member">endif</ref>;<sp/>?&gt;</highlight></codeline>
<codeline lineno="43"><highlight class="normal"></highlight></codeline>
<codeline lineno="44"><highlight class="normal"><sp/><sp/><sp/><sp/>&lt;p&gt;&lt;a<sp/>href=</highlight><highlight class="stringliteral">&quot;index.php&quot;</highlight><highlight class="normal">&gt;⬅<sp/>Retour&lt;/a&gt;&lt;/p&gt;</highlight></codeline>
<codeline lineno="45"><highlight class="normal">&lt;/section&gt;</highlight></codeline>
<codeline lineno="46"><highlight class="normal"><sp/></highlight></codeline>
    </programlisting>
    <location file="C:/Users/cozma/Downloads/Weathersky-main (1)/Weathersky-main/Meteo6/WeatherSky/stat.php"/>
  </compounddef>
</doxygen>
