<?xml version='1.0' encoding='UTF-8' standalone='no'?>
<doxygen xmlns:xsi="http://www.w3.org/2001/XMLSchema-instance" xsi:noNamespaceSchemaLocation="compound.xsd" version="1.13.2" xml:lang="fr">
  <compounddef id="statistique_8php" kind="file" language="PHP">
    <compoundname>statistique.php</compoundname>
    <innernamespace refid="namespace_weather_sky">WeatherSky</innernamespace>
    <sectiondef kind="var">
      <memberdef kind="variable" id="statistique_8php_1aa1bfbd27060176201b271918dff57e8f" prot="public" static="no" mutable="no">
        <type></type>
        <definition>$file</definition>
        <argsstring></argsstring>
        <name>$file</name>
        <initializer>= &apos;visites.json&apos;</initializer>
        <briefdescription>
        </briefdescription>
        <detaileddescription>
        </detaileddescription>
        <inbodydescription>
        </inbodydescription>
        <location file="C:/Users/cozma/Downloads/Weathersky-main (1)/Weathersky-main/Meteo6/WeatherSky/statistique.php" line="18" column="1" bodyfile="C:/Users/cozma/Downloads/Weathersky-main (1)/Weathersky-main/Meteo6/WeatherSky/statistique.php" bodystart="18" bodyend="-1"/>
      </memberdef>
      <memberdef kind="variable" id="statistique_8php_1a105a33adbe4d32a77787049d18c72870" prot="public" static="no" mutable="no">
        <type></type>
        <definition>$visites</definition>
        <argsstring></argsstring>
        <name>$visites</name>
        <initializer>= file_exists($file) ? json_decode(file_get_contents($file), true) : []</initializer>
        <briefdescription>
        </briefdescription>
        <detaileddescription>
        </detaileddescription>
        <inbodydescription>
        </inbodydescription>
        <location file="C:/Users/cozma/Downloads/Weathersky-main (1)/Weathersky-main/Meteo6/WeatherSky/statistique.php" line="19" column="1" bodyfile="C:/Users/cozma/Downloads/Weathersky-main (1)/Weathersky-main/Meteo6/WeatherSky/statistique.php" bodystart="19" bodyend="-1"/>
      </memberdef>
      <memberdef kind="variable" id="statistique_8php_1a241b818f48030b628685b2e5119c5624" prot="public" static="no" mutable="no">
        <type></type>
        <definition>$total</definition>
        <argsstring></argsstring>
        <name>$total</name>
        <initializer>= count($visites)</initializer>
        <briefdescription>
        </briefdescription>
        <detaileddescription>
        </detaileddescription>
        <inbodydescription>
        </inbodydescription>
        <location file="C:/Users/cozma/Downloads/Weathersky-main (1)/Weathersky-main/Meteo6/WeatherSky/statistique.php" line="24" column="1" bodyfile="C:/Users/cozma/Downloads/Weathersky-main (1)/Weathersky-main/Meteo6/WeatherSky/statistique.php" bodystart="24" bodyend="-1"/>
      </memberdef>
      <memberdef kind="variable" id="statistique_8php_1afdefc0303846ad7cedbfd9acb7184a7a" prot="public" static="no" mutable="no">
        <type></type>
        <definition>$villes</definition>
        <argsstring></argsstring>
        <name>$villes</name>
        <initializer>= []</initializer>
        <briefdescription>
        </briefdescription>
        <detaileddescription>
        </detaileddescription>
        <inbodydescription>
        </inbodydescription>
        <location file="C:/Users/cozma/Downloads/Weathersky-main (1)/Weathersky-main/Meteo6/WeatherSky/statistique.php" line="27" column="1" bodyfile="C:/Users/cozma/Downloads/Weathersky-main (1)/Weathersky-main/Meteo6/WeatherSky/statistique.php" bodystart="27" bodyend="-1"/>
      </memberdef>
      <memberdef kind="variable" id="statistique_8php_1aafde84ea72f2096e8d6edb82d17af029" prot="public" static="no" mutable="no">
        <type></type>
        <definition>$villesTop</definition>
        <argsstring></argsstring>
        <name>$villesTop</name>
        <initializer>= array_slice($villes, 0, 5)</initializer>
        <briefdescription>
        </briefdescription>
        <detaileddescription>
        </detaileddescription>
        <inbodydescription>
        </inbodydescription>
        <location file="C:/Users/cozma/Downloads/Weathersky-main (1)/Weathersky-main/Meteo6/WeatherSky/statistique.php" line="37" column="1" bodyfile="C:/Users/cozma/Downloads/Weathersky-main (1)/Weathersky-main/Meteo6/WeatherSky/statistique.php" bodystart="37" bodyend="-1"/>
      </memberdef>
      <memberdef kind="variable" id="statistique_8php_1a9c27b635d325681e03ba00b289a6b5da" prot="public" static="no" mutable="no">
        <type></type>
        <definition>$villesStats</definition>
        <argsstring></argsstring>
        <name>$villesStats</name>
        <initializer>= $villesTop</initializer>
        <briefdescription>
        </briefdescription>
        <detaileddescription>
        </detaileddescription>
        <inbodydescription>
        </inbodydescription>
        <location file="C:/Users/cozma/Downloads/Weathersky-main (1)/Weathersky-main/Meteo6/WeatherSky/statistique.php" line="41" column="1" bodyfile="C:/Users/cozma/Downloads/Weathersky-main (1)/Weathersky-main/Meteo6/WeatherSky/statistique.php" bodystart="41" bodyend="-1"/>
      </memberdef>
      <memberdef kind="variable" id="statistique_8php_1af498b42b83afed4dfe0af05fd802776c" prot="public" static="no" mutable="no">
        <type></type>
        <definition>$lat</definition>
        <argsstring></argsstring>
        <name>$lat</name>
        <initializer>= $_GET[&apos;lat&apos;] ?? $_COOKIE[&apos;derniere_lat&apos;] ?? null</initializer>
        <briefdescription>
        </briefdescription>
        <detaileddescription>
        </detaileddescription>
        <inbodydescription>
        </inbodydescription>
        <location file="C:/Users/cozma/Downloads/Weathersky-main (1)/Weathersky-main/Meteo6/WeatherSky/statistique.php" line="44" column="1" bodyfile="C:/Users/cozma/Downloads/Weathersky-main (1)/Weathersky-main/Meteo6/WeatherSky/statistique.php" bodystart="44" bodyend="-1"/>
      </memberdef>
      <memberdef kind="variable" id="statistique_8php_1a03836509761c0935d0c55370b184ccd6" prot="public" static="no" mutable="no">
        <type></type>
        <definition>$lon</definition>
        <argsstring></argsstring>
        <name>$lon</name>
        <initializer>= $_GET[&apos;lon&apos;] ?? $_COOKIE[&apos;derniere_lon&apos;] ?? null</initializer>
        <briefdescription>
        </briefdescription>
        <detaileddescription>
        </detaileddescription>
        <inbodydescription>
        </inbodydescription>
        <location file="C:/Users/cozma/Downloads/Weathersky-main (1)/Weathersky-main/Meteo6/WeatherSky/statistique.php" line="45" column="1" bodyfile="C:/Users/cozma/Downloads/Weathersky-main (1)/Weathersky-main/Meteo6/WeatherSky/statistique.php" bodystart="45" bodyend="-1"/>
      </memberdef>
      <memberdef kind="variable" id="statistique_8php_1aaa54254dfaa7723b609ce4ea91656c35" prot="public" static="no" mutable="no">
        <type></type>
        <definition>$style_css</definition>
        <argsstring></argsstring>
        <name>$style_css</name>
        <initializer>= <ref refid="header_8inc_8php_1a1a9c641ae8a39113009425cbccaee5d5" kindref="member">getStyle</ref>()</initializer>
        <briefdescription>
        </briefdescription>
        <detaileddescription>
        </detaileddescription>
        <inbodydescription>
        </inbodydescription>
        <location file="C:/Users/cozma/Downloads/Weathersky-main (1)/Weathersky-main/Meteo6/WeatherSky/statistique.php" line="52" column="1" bodyfile="C:/Users/cozma/Downloads/Weathersky-main (1)/Weathersky-main/Meteo6/WeatherSky/statistique.php" bodystart="52" bodyend="-1"/>
      </memberdef>
      <memberdef kind="variable" id="statistique_8php_1a539c755bcf5d8d01ef3099f0837afdb0" prot="public" static="no" mutable="no">
        <type><ref refid="index_8php_1a0a4a9ea17f3dea7d32f111630540eb0e" kindref="member">if</ref>($lat &amp;&amp; $lon</type>
        <definition>if ( $lat &amp;&amp;$lon $destLon) </definition>
        <argsstring>)</argsstring>
        <name>$destLon</name>
        <initializer>= $lon + 0.3</initializer>
        <briefdescription>
        </briefdescription>
        <detaileddescription>
        </detaileddescription>
        <inbodydescription>
        </inbodydescription>
        <location file="C:/Users/cozma/Downloads/Weathersky-main (1)/Weathersky-main/Meteo6/WeatherSky/statistique.php" line="86" column="17" bodyfile="C:/Users/cozma/Downloads/Weathersky-main (1)/Weathersky-main/Meteo6/WeatherSky/statistique.php" bodystart="86" bodyend="-1"/>
      </memberdef>
      <memberdef kind="variable" id="statistique_8php_1a084e3db37d1b117a3cc7212cf2eed533" prot="public" static="no" mutable="no">
        <type></type>
        <definition>$apiKey</definition>
        <argsstring></argsstring>
        <name>$apiKey</name>
        <initializer>= &quot;2806193fb62e4354b35df62f6399de95&quot;</initializer>
        <briefdescription>
        </briefdescription>
        <detaileddescription>
        </detaileddescription>
        <inbodydescription>
        </inbodydescription>
        <location file="C:/Users/cozma/Downloads/Weathersky-main (1)/Weathersky-main/Meteo6/WeatherSky/statistique.php" line="87" column="17" bodyfile="C:/Users/cozma/Downloads/Weathersky-main (1)/Weathersky-main/Meteo6/WeatherSky/statistique.php" bodystart="87" bodyend="-1"/>
      </memberdef>
      <memberdef kind="variable" id="statistique_8php_1acf215f34a917d014776ce684a9ee8909" prot="public" static="no" mutable="no">
        <type></type>
        <definition>$url</definition>
        <argsstring></argsstring>
        <name>$url</name>
        <initializer>= &quot;https://api.geoapify.com/v1/routing?waypoints=$lat,$lon|$destLat,$destLon&amp;mode=drive&amp;apiKey=$apiKey&quot;</initializer>
        <briefdescription>
        </briefdescription>
        <detaileddescription>
        </detaileddescription>
        <inbodydescription>
        </inbodydescription>
        <location file="C:/Users/cozma/Downloads/Weathersky-main (1)/Weathersky-main/Meteo6/WeatherSky/statistique.php" line="88" column="17" bodyfile="C:/Users/cozma/Downloads/Weathersky-main (1)/Weathersky-main/Meteo6/WeatherSky/statistique.php" bodystart="88" bodyend="-1"/>
      </memberdef>
      <memberdef kind="variable" id="statistique_8php_1af4b6fb1bbc77ccc05f10da3b16935b99" prot="public" static="no" mutable="no">
        <type></type>
        <definition>$response</definition>
        <argsstring></argsstring>
        <name>$response</name>
        <initializer>= @file_get_contents($url)</initializer>
        <briefdescription>
        </briefdescription>
        <detaileddescription>
        </detaileddescription>
        <inbodydescription>
        </inbodydescription>
        <location file="C:/Users/cozma/Downloads/Weathersky-main (1)/Weathersky-main/Meteo6/WeatherSky/statistique.php" line="89" column="17" bodyfile="C:/Users/cozma/Downloads/Weathersky-main (1)/Weathersky-main/Meteo6/WeatherSky/statistique.php" bodystart="89" bodyend="-1"/>
      </memberdef>
      <memberdef kind="variable" id="statistique_8php_1a13f2e14f0fedd2187d910e34387b1db3" prot="public" static="no" mutable="no">
        <type><ref refid="index_8php_1a0a4a9ea17f3dea7d32f111630540eb0e" kindref="member">if</ref>($response !==false)</type>
        <definition>if ( $response !==false) else</definition>
        <argsstring></argsstring>
        <name>else</name>
        <initializer>{
                    echo &quot;&lt;p&gt;Erreur de connexion à Geoapify.&lt;/p&gt;&quot;</initializer>
        <briefdescription>
        </briefdescription>
        <detaileddescription>
        </detaileddescription>
        <inbodydescription>
        </inbodydescription>
        <location file="C:/Users/cozma/Downloads/Weathersky-main (1)/Weathersky-main/Meteo6/WeatherSky/statistique.php" line="102" column="18" bodyfile="C:/Users/cozma/Downloads/Weathersky-main (1)/Weathersky-main/Meteo6/WeatherSky/statistique.php" bodystart="102" bodyend="-1"/>
      </memberdef>
      <memberdef kind="variable" id="statistique_8php_1a8e01dcc96c43199448ee66f7c2ae8ea6" prot="public" static="no" mutable="no">
        <type><ref refid="map_8php_1a460a5a14b74dba77bd113685316a915c" kindref="member">else</ref></type>
        <definition>else __pad0__</definition>
        <argsstring></argsstring>
        <name>__pad0__</name>
        <briefdescription>
        </briefdescription>
        <detaileddescription>
        </detaileddescription>
        <inbodydescription>
        </inbodydescription>
        <location file="C:/Users/cozma/Downloads/Weathersky-main (1)/Weathersky-main/Meteo6/WeatherSky/statistique.php" line="106" column="2" bodyfile="C:/Users/cozma/Downloads/Weathersky-main (1)/Weathersky-main/Meteo6/WeatherSky/statistique.php" bodystart="108" bodyend="-1"/>
      </memberdef>
    </sectiondef>
    <briefdescription>
    </briefdescription>
    <detaileddescription>
    </detaileddescription>
    <programlisting>
<codeline lineno="1"><highlight class="normal">&lt;?php</highlight></codeline>
<codeline lineno="16"><highlight class="normal"></highlight></codeline>
<codeline lineno="17"><highlight class="normal"></highlight><highlight class="comment">//<sp/>===<sp/>Lecture<sp/>des<sp/>données<sp/>de<sp/>visites<sp/>===</highlight><highlight class="normal"></highlight></codeline>
<codeline lineno="18"><highlight class="normal"><ref refid="index_8php_1aa1bfbd27060176201b271918dff57e8f" kindref="member">$file</ref><sp/>=<sp/></highlight><highlight class="stringliteral">&apos;visites.json&apos;</highlight><highlight class="normal">;</highlight></codeline>
<codeline lineno="19"><highlight class="normal"><ref refid="index_8php_1a105a33adbe4d32a77787049d18c72870" kindref="member">$visites</ref><sp/>=<sp/>file_exists(<ref refid="index_8php_1aa1bfbd27060176201b271918dff57e8f" kindref="member">$file</ref>)<sp/>?<sp/>json_decode(file_get_contents(<ref refid="index_8php_1aa1bfbd27060176201b271918dff57e8f" kindref="member">$file</ref>),<sp/></highlight><highlight class="keyword">true</highlight><highlight class="normal">)<sp/>:<sp/>[];</highlight></codeline>
<codeline lineno="20"><highlight class="normal"></highlight></codeline>
<codeline lineno="24"><highlight class="normal"><ref refid="statistique_8php_1a241b818f48030b628685b2e5119c5624" kindref="member">$total</ref><sp/>=<sp/>count(<ref refid="index_8php_1a105a33adbe4d32a77787049d18c72870" kindref="member">$visites</ref>);</highlight></codeline>
<codeline lineno="25"><highlight class="normal"></highlight></codeline>
<codeline lineno="26"><highlight class="normal"></highlight><highlight class="comment">//<sp/>===<sp/>Statistiques<sp/>par<sp/>ville<sp/>===</highlight><highlight class="normal"></highlight></codeline>
<codeline lineno="27"><highlight class="normal"><ref refid="map_8php_1afdefc0303846ad7cedbfd9acb7184a7a" kindref="member">$villes</ref><sp/>=<sp/>[];</highlight></codeline>
<codeline lineno="28"><highlight class="normal"></highlight><highlight class="keywordflow">foreach</highlight><highlight class="normal"><sp/>(<ref refid="index_8php_1a105a33adbe4d32a77787049d18c72870" kindref="member">$visites</ref><sp/>as<sp/>$v)<sp/>{</highlight></codeline>
<codeline lineno="29"><highlight class="normal"><sp/><sp/><sp/><sp/><ref refid="index_8php_1acc3746cfaca53a8d6942c6252b17d14f" kindref="member">$ville</ref><sp/>=<sp/>$v[</highlight><highlight class="stringliteral">&apos;ville&apos;</highlight><highlight class="normal">]<sp/>??<sp/></highlight><highlight class="stringliteral">&apos;Inconnue&apos;</highlight><highlight class="normal">;</highlight></codeline>
<codeline lineno="30"><highlight class="normal"><sp/><sp/><sp/><sp/><ref refid="map_8php_1afdefc0303846ad7cedbfd9acb7184a7a" kindref="member">$villes</ref>[<ref refid="index_8php_1acc3746cfaca53a8d6942c6252b17d14f" kindref="member">$ville</ref>]<sp/>=<sp/>(<ref refid="map_8php_1afdefc0303846ad7cedbfd9acb7184a7a" kindref="member">$villes</ref>[<ref refid="index_8php_1acc3746cfaca53a8d6942c6252b17d14f" kindref="member">$ville</ref>]<sp/>??<sp/>0)<sp/>+<sp/>1;</highlight></codeline>
<codeline lineno="31"><highlight class="normal">}</highlight></codeline>
<codeline lineno="32"><highlight class="normal">arsort(<ref refid="map_8php_1afdefc0303846ad7cedbfd9acb7184a7a" kindref="member">$villes</ref>);</highlight></codeline>
<codeline lineno="33"><highlight class="normal"></highlight></codeline>
<codeline lineno="37"><highlight class="normal"><ref refid="statistique_8php_1aafde84ea72f2096e8d6edb82d17af029" kindref="member">$villesTop</ref><sp/>=<sp/>array_slice(<ref refid="map_8php_1afdefc0303846ad7cedbfd9acb7184a7a" kindref="member">$villes</ref>,<sp/>0,<sp/>5);</highlight></codeline>
<codeline lineno="38"><highlight class="normal"></highlight></codeline>
<codeline lineno="39"><highlight class="normal"></highlight><highlight class="comment">//<sp/>Sauvegarde<sp/>des<sp/>stats<sp/>dans<sp/>un<sp/>fichier<sp/>JSON<sp/>utilisé<sp/>côté<sp/>JS</highlight><highlight class="normal"></highlight></codeline>
<codeline lineno="40"><highlight class="normal">file_put_contents(</highlight><highlight class="stringliteral">&quot;stats_villes.json&quot;</highlight><highlight class="normal">,<sp/>json_encode(<ref refid="statistique_8php_1aafde84ea72f2096e8d6edb82d17af029" kindref="member">$villesTop</ref>));</highlight></codeline>
<codeline lineno="41"><highlight class="normal"><ref refid="statistique_8php_1a9c27b635d325681e03ba00b289a6b5da" kindref="member">$villesStats</ref><sp/>=<sp/><ref refid="statistique_8php_1aafde84ea72f2096e8d6edb82d17af029" kindref="member">$villesTop</ref>;</highlight></codeline>
<codeline lineno="42"><highlight class="normal"></highlight></codeline>
<codeline lineno="43"><highlight class="normal"></highlight><highlight class="comment">//<sp/>===<sp/>Coordonnées<sp/>utilisateur<sp/>(GET<sp/>ou<sp/>cookie)<sp/>===</highlight><highlight class="normal"></highlight></codeline>
<codeline lineno="44"><highlight class="normal"><ref refid="map_8php_1af498b42b83afed4dfe0af05fd802776c" kindref="member">$lat</ref><sp/>=<sp/>$_GET[</highlight><highlight class="stringliteral">&apos;lat&apos;</highlight><highlight class="normal">]<sp/>??<sp/>$_COOKIE[</highlight><highlight class="stringliteral">&apos;derniere_lat&apos;</highlight><highlight class="normal">]<sp/>??<sp/></highlight><highlight class="keyword">null</highlight><highlight class="normal">;</highlight></codeline>
<codeline lineno="45"><highlight class="normal"><ref refid="map_8php_1a03836509761c0935d0c55370b184ccd6" kindref="member">$lon</ref><sp/>=<sp/>$_GET[</highlight><highlight class="stringliteral">&apos;lon&apos;</highlight><highlight class="normal">]<sp/>??<sp/>$_COOKIE[</highlight><highlight class="stringliteral">&apos;derniere_lon&apos;</highlight><highlight class="normal">]<sp/>??<sp/></highlight><highlight class="keyword">null</highlight><highlight class="normal">;</highlight></codeline>
<codeline lineno="46"><highlight class="normal"></highlight></codeline>
<codeline lineno="47"><highlight class="normal"></highlight><highlight class="comment">//<sp/>===<sp/>Inclusions<sp/>principales<sp/>===</highlight><highlight class="normal"></highlight></codeline>
<codeline lineno="48"><highlight class="normal">require<sp/></highlight><highlight class="stringliteral">&quot;./include/header.inc.php&quot;</highlight><highlight class="normal">;</highlight></codeline>
<codeline lineno="49"><highlight class="normal">require<sp/></highlight><highlight class="stringliteral">&quot;./include/functions.inc.php&quot;</highlight><highlight class="normal">;</highlight></codeline>
<codeline lineno="50"><highlight class="normal"></highlight></codeline>
<codeline lineno="51"><highlight class="normal"></highlight><highlight class="comment">//<sp/>Détection<sp/>du<sp/>thème</highlight><highlight class="normal"></highlight></codeline>
<codeline lineno="52"><highlight class="normal"><ref refid="map_8php_1aaa54254dfaa7723b609ce4ea91656c35" kindref="member">$style_css</ref><sp/>=<sp/><ref refid="header_8inc_8php_1a1a9c641ae8a39113009425cbccaee5d5" kindref="member">getStyle</ref>();</highlight></codeline>
<codeline lineno="53"><highlight class="normal"></highlight></codeline>
<codeline lineno="54"><highlight class="normal"></highlight><highlight class="comment">//<sp/>Affiche<sp/>l’en-tête<sp/>HTML<sp/>sans<sp/>fermer<sp/>le<sp/>&lt;head&gt;</highlight><highlight class="normal"></highlight></codeline>
<codeline lineno="55"><highlight class="normal">echo<sp/><ref refid="header_8inc_8php_1a2b4b26a72f19e4593eddfb63e3689c46" kindref="member">en_tete</ref>(</highlight><highlight class="stringliteral">&quot;Statistiques<sp/>Météo&quot;</highlight><highlight class="normal">,<sp/></highlight><highlight class="keyword">false</highlight><highlight class="normal">);</highlight></codeline>
<codeline lineno="56"><highlight class="normal">?&gt;</highlight></codeline>
<codeline lineno="57"><highlight class="normal"></highlight></codeline>
<codeline lineno="58"><highlight class="normal">&lt;!--<sp/>HTML<sp/>de<sp/>la<sp/>page<sp/>statistiques<sp/>--&gt;</highlight></codeline>
<codeline lineno="59"><highlight class="normal">&lt;link<sp/>rel=</highlight><highlight class="stringliteral">&quot;stylesheet&quot;</highlight><highlight class="normal"><sp/>href=</highlight><highlight class="stringliteral">&quot;style.css&quot;</highlight><highlight class="normal">&gt;</highlight></codeline>
<codeline lineno="60"><highlight class="normal">&lt;script<sp/>src=</highlight><highlight class="stringliteral">&quot;https://cdn.jsdelivr.net/npm/chart.js&quot;</highlight><highlight class="normal">&gt;&lt;/script&gt;</highlight></codeline>
<codeline lineno="61"><highlight class="normal">&lt;/head&gt;</highlight></codeline>
<codeline lineno="62"><highlight class="normal"></highlight></codeline>
<codeline lineno="63"><highlight class="normal">&lt;main<sp/></highlight><highlight class="keyword">class</highlight><highlight class="normal">=</highlight><highlight class="stringliteral">&quot;main-part&quot;</highlight><highlight class="normal">&gt;</highlight></codeline>
<codeline lineno="64"><highlight class="normal"><sp/><sp/><sp/><sp/>&lt;h1&gt;📊<sp/>Statistiques<sp/>du<sp/>site<sp/>météo&lt;/h1&gt;</highlight></codeline>
<codeline lineno="65"><highlight class="normal"><sp/><sp/><sp/><sp/>&lt;p&gt;&lt;strong&gt;Total<sp/>de<sp/>visiteurs<sp/>:&lt;/strong&gt;<sp/>&lt;?=<sp/><ref refid="statistique_8php_1a241b818f48030b628685b2e5119c5624" kindref="member">$total</ref><sp/>?&gt;&lt;/p&gt;</highlight></codeline>
<codeline lineno="66"><highlight class="normal"></highlight></codeline>
<codeline lineno="67"><highlight class="normal"><sp/><sp/><sp/><sp/>&lt;!--<sp/>Graphique<sp/>des<sp/>5<sp/>villes<sp/>les<sp/>plus<sp/>recherchées<sp/>--&gt;</highlight></codeline>
<codeline lineno="68"><highlight class="normal"><sp/><sp/><sp/><sp/>&lt;section&gt;</highlight></codeline>
<codeline lineno="69"><highlight class="normal"><sp/><sp/><sp/><sp/><sp/><sp/><sp/><sp/>&lt;h2&gt;🏆<sp/>Top<sp/>5<sp/>des<sp/>villes<sp/>les<sp/>plus<sp/>visitées&lt;/h2&gt;</highlight></codeline>
<codeline lineno="70"><highlight class="normal"><sp/><sp/><sp/><sp/><sp/><sp/><sp/><sp/>&lt;canvas<sp/></highlight><highlight class="keywordtype">id</highlight><highlight class="normal">=</highlight><highlight class="stringliteral">&quot;sitogramme&quot;</highlight><highlight class="normal"><sp/>width=</highlight><highlight class="stringliteral">&quot;600&quot;</highlight><highlight class="normal"><sp/>height=</highlight><highlight class="stringliteral">&quot;300&quot;</highlight><highlight class="normal">&gt;&lt;/canvas&gt;</highlight></codeline>
<codeline lineno="71"><highlight class="normal"><sp/><sp/><sp/><sp/>&lt;/section&gt;</highlight></codeline>
<codeline lineno="72"><highlight class="normal"></highlight></codeline>
<codeline lineno="73"><highlight class="normal"><sp/><sp/><sp/><sp/>&lt;!--<sp/>Graphique<sp/>global<sp/>de<sp/>toutes<sp/>les<sp/>villes<sp/>--&gt;</highlight></codeline>
<codeline lineno="74"><highlight class="normal"><sp/><sp/><sp/><sp/>&lt;section&gt;</highlight></codeline>
<codeline lineno="75"><highlight class="normal"><sp/><sp/><sp/><sp/><sp/><sp/><sp/><sp/>&lt;h2&gt;🔎<sp/>Recherches<sp/>par<sp/>villes&lt;/h2&gt;</highlight></codeline>
<codeline lineno="76"><highlight class="normal"><sp/><sp/><sp/><sp/><sp/><sp/><sp/><sp/>&lt;canvas<sp/></highlight><highlight class="keywordtype">id</highlight><highlight class="normal">=</highlight><highlight class="stringliteral">&quot;chartVilles&quot;</highlight><highlight class="normal"><sp/>width=</highlight><highlight class="stringliteral">&quot;600&quot;</highlight><highlight class="normal"><sp/>height=</highlight><highlight class="stringliteral">&quot;300&quot;</highlight><highlight class="normal">&gt;&lt;/canvas&gt;</highlight></codeline>
<codeline lineno="77"><highlight class="normal"><sp/><sp/><sp/><sp/>&lt;/section&gt;</highlight></codeline>
<codeline lineno="78"><highlight class="normal"></highlight></codeline>
<codeline lineno="79"><highlight class="normal"><sp/><sp/><sp/><sp/>&lt;!--<sp/>Infos<sp/>Trafic<sp/>avec<sp/>Geoapify<sp/>--&gt;</highlight></codeline>
<codeline lineno="80"><highlight class="normal"><sp/><sp/><sp/><sp/>&lt;section&gt;</highlight></codeline>
<codeline lineno="81"><highlight class="normal"><sp/><sp/><sp/><sp/><sp/><sp/><sp/><sp/>&lt;h2&gt;🚗<sp/>Infos<sp/>Trafic&lt;/h2&gt;</highlight></codeline>
<codeline lineno="82"><highlight class="normal"><sp/><sp/><sp/><sp/><sp/><sp/><sp/><sp/>&lt;div<sp/></highlight><highlight class="keywordtype">id</highlight><highlight class="normal">=</highlight><highlight class="stringliteral">&quot;trafic&quot;</highlight><highlight class="normal">&gt;</highlight></codeline>
<codeline lineno="83"><highlight class="normal"><sp/><sp/><sp/><sp/><sp/><sp/><sp/><sp/><sp/><sp/><sp/><sp/>&lt;?php<sp/></highlight><highlight class="keywordflow">if</highlight><highlight class="normal"><sp/>(<ref refid="map_8php_1af498b42b83afed4dfe0af05fd802776c" kindref="member">$lat</ref><sp/>&amp;&amp;<sp/><ref refid="map_8php_1a03836509761c0935d0c55370b184ccd6" kindref="member">$lon</ref>):<sp/>?&gt;</highlight></codeline>
<codeline lineno="84"><highlight class="normal"><sp/><sp/><sp/><sp/><sp/><sp/><sp/><sp/><sp/><sp/><sp/><sp/><sp/><sp/><sp/><sp/>&lt;?php</highlight></codeline>
<codeline lineno="85"><highlight class="normal"><sp/><sp/><sp/><sp/><sp/><sp/><sp/><sp/><sp/><sp/><sp/><sp/><sp/><sp/><sp/><sp/>$destLat<sp/>=<sp/><ref refid="map_8php_1af498b42b83afed4dfe0af05fd802776c" kindref="member">$lat</ref><sp/>+<sp/>0.3;</highlight></codeline>
<codeline lineno="86"><highlight class="normal"><sp/><sp/><sp/><sp/><sp/><sp/><sp/><sp/><sp/><sp/><sp/><sp/><sp/><sp/><sp/><sp/><ref refid="statistique_8php_1a539c755bcf5d8d01ef3099f0837afdb0" kindref="member">$destLon</ref><sp/>=<sp/><ref refid="map_8php_1a03836509761c0935d0c55370b184ccd6" kindref="member">$lon</ref><sp/>+<sp/>0.3;</highlight></codeline>
<codeline lineno="87"><highlight class="normal"><sp/><sp/><sp/><sp/><sp/><sp/><sp/><sp/><sp/><sp/><sp/><sp/><sp/><sp/><sp/><sp/><ref refid="statistique_8php_1a084e3db37d1b117a3cc7212cf2eed533" kindref="member">$apiKey</ref><sp/>=<sp/></highlight><highlight class="stringliteral">&quot;2806193fb62e4354b35df62f6399de95&quot;</highlight><highlight class="normal">;</highlight></codeline>
<codeline lineno="88"><highlight class="normal"><sp/><sp/><sp/><sp/><sp/><sp/><sp/><sp/><sp/><sp/><sp/><sp/><sp/><sp/><sp/><sp/><ref refid="statistique_8php_1acf215f34a917d014776ce684a9ee8909" kindref="member">$url</ref><sp/>=<sp/></highlight><highlight class="stringliteral">&quot;https://api.geoapify.com/v1/routing?waypoints=$lat,$lon|$destLat,$destLon&amp;mode=drive&amp;apiKey=$apiKey&quot;</highlight><highlight class="normal">;</highlight></codeline>
<codeline lineno="89"><highlight class="normal"><sp/><sp/><sp/><sp/><sp/><sp/><sp/><sp/><sp/><sp/><sp/><sp/><sp/><sp/><sp/><sp/><ref refid="statistique_8php_1af4b6fb1bbc77ccc05f10da3b16935b99" kindref="member">$response</ref><sp/>=<sp/>@file_get_contents(<ref refid="statistique_8php_1acf215f34a917d014776ce684a9ee8909" kindref="member">$url</ref>);</highlight></codeline>
<codeline lineno="90"><highlight class="normal"></highlight></codeline>
<codeline lineno="91"><highlight class="normal"><sp/><sp/><sp/><sp/><sp/><sp/><sp/><sp/><sp/><sp/><sp/><sp/><sp/><sp/><sp/><sp/></highlight><highlight class="keywordflow">if</highlight><highlight class="normal"><sp/>(<ref refid="statistique_8php_1af4b6fb1bbc77ccc05f10da3b16935b99" kindref="member">$response</ref><sp/>!==<sp/></highlight><highlight class="keyword">false</highlight><highlight class="normal">)<sp/>{</highlight></codeline>
<codeline lineno="92"><highlight class="normal"><sp/><sp/><sp/><sp/><sp/><sp/><sp/><sp/><sp/><sp/><sp/><sp/><sp/><sp/><sp/><sp/><sp/><sp/><sp/><sp/><ref refid="index_8php_1a6efc15b5a2314dd4b5aaa556a375c6d6" kindref="member">$data</ref><sp/>=<sp/>json_decode(<ref refid="statistique_8php_1af4b6fb1bbc77ccc05f10da3b16935b99" kindref="member">$response</ref>,<sp/></highlight><highlight class="keyword">true</highlight><highlight class="normal">);</highlight></codeline>
<codeline lineno="93"><highlight class="normal"><sp/><sp/><sp/><sp/><sp/><sp/><sp/><sp/><sp/><sp/><sp/><sp/><sp/><sp/><sp/><sp/><sp/><sp/><sp/><sp/>$props<sp/>=<sp/><ref refid="index_8php_1a6efc15b5a2314dd4b5aaa556a375c6d6" kindref="member">$data</ref>[</highlight><highlight class="stringliteral">&apos;features&apos;</highlight><highlight class="normal">][0][</highlight><highlight class="stringliteral">&apos;properties&apos;</highlight><highlight class="normal">]<sp/>??<sp/></highlight><highlight class="keyword">null</highlight><highlight class="normal">;</highlight></codeline>
<codeline lineno="94"><highlight class="normal"></highlight></codeline>
<codeline lineno="95"><highlight class="normal"><sp/><sp/><sp/><sp/><sp/><sp/><sp/><sp/><sp/><sp/><sp/><sp/><sp/><sp/><sp/><sp/><sp/><sp/><sp/><sp/></highlight><highlight class="keywordflow">if</highlight><highlight class="normal"><sp/>($props)<sp/>{</highlight></codeline>
<codeline lineno="96"><highlight class="normal"><sp/><sp/><sp/><sp/><sp/><sp/><sp/><sp/><sp/><sp/><sp/><sp/><sp/><sp/><sp/><sp/><sp/><sp/><sp/><sp/><sp/><sp/><sp/><sp/>echo<sp/></highlight><highlight class="stringliteral">&quot;&lt;p&gt;📍<sp/>Position<sp/>:<sp/>&quot;</highlight><highlight class="normal"><sp/>.<sp/>round(<ref refid="map_8php_1af498b42b83afed4dfe0af05fd802776c" kindref="member">$lat</ref>,<sp/>3)<sp/>.<sp/></highlight><highlight class="stringliteral">&quot;,<sp/>&quot;</highlight><highlight class="normal"><sp/>.<sp/>round(<ref refid="map_8php_1a03836509761c0935d0c55370b184ccd6" kindref="member">$lon</ref>,<sp/>3)<sp/>.<sp/></highlight><highlight class="stringliteral">&quot;&lt;/p&gt;&quot;</highlight><highlight class="normal">;</highlight></codeline>
<codeline lineno="97"><highlight class="normal"><sp/><sp/><sp/><sp/><sp/><sp/><sp/><sp/><sp/><sp/><sp/><sp/><sp/><sp/><sp/><sp/><sp/><sp/><sp/><sp/><sp/><sp/><sp/><sp/>echo<sp/></highlight><highlight class="stringliteral">&quot;&lt;p&gt;📏<sp/>Distance<sp/>:<sp/>&quot;</highlight><highlight class="normal"><sp/>.<sp/>round($props[</highlight><highlight class="stringliteral">&apos;distance&apos;</highlight><highlight class="normal">]<sp/>/<sp/>1000,<sp/>2)<sp/>.<sp/></highlight><highlight class="stringliteral">&quot;<sp/>km&lt;/p&gt;&quot;</highlight><highlight class="normal">;</highlight></codeline>
<codeline lineno="98"><highlight class="normal"><sp/><sp/><sp/><sp/><sp/><sp/><sp/><sp/><sp/><sp/><sp/><sp/><sp/><sp/><sp/><sp/><sp/><sp/><sp/><sp/><sp/><sp/><sp/><sp/>echo<sp/></highlight><highlight class="stringliteral">&quot;&lt;p&gt;🕒<sp/>Durée<sp/>estimée<sp/>:<sp/>&quot;</highlight><highlight class="normal"><sp/>.<sp/>round($props[</highlight><highlight class="stringliteral">&apos;time&apos;</highlight><highlight class="normal">]<sp/>/<sp/>60)<sp/>.<sp/></highlight><highlight class="stringliteral">&quot;<sp/>min&lt;/p&gt;&quot;</highlight><highlight class="normal">;</highlight></codeline>
<codeline lineno="99"><highlight class="normal"><sp/><sp/><sp/><sp/><sp/><sp/><sp/><sp/><sp/><sp/><sp/><sp/><sp/><sp/><sp/><sp/><sp/><sp/><sp/><sp/>}<sp/></highlight><highlight class="keywordflow">else</highlight><highlight class="normal"><sp/>{</highlight></codeline>
<codeline lineno="100"><highlight class="normal"><sp/><sp/><sp/><sp/><sp/><sp/><sp/><sp/><sp/><sp/><sp/><sp/><sp/><sp/><sp/><sp/><sp/><sp/><sp/><sp/><sp/><sp/><sp/><sp/>echo<sp/></highlight><highlight class="stringliteral">&quot;&lt;p&gt;Erreur<sp/>dans<sp/>les<sp/>données<sp/>de<sp/>Geoapify.&lt;/p&gt;&quot;</highlight><highlight class="normal">;</highlight></codeline>
<codeline lineno="101"><highlight class="normal"><sp/><sp/><sp/><sp/><sp/><sp/><sp/><sp/><sp/><sp/><sp/><sp/><sp/><sp/><sp/><sp/><sp/><sp/><sp/><sp/>}</highlight></codeline>
<codeline lineno="102"><highlight class="normal"><sp/><sp/><sp/><sp/><sp/><sp/><sp/><sp/><sp/><sp/><sp/><sp/><sp/><sp/><sp/><sp/>}<sp/></highlight><highlight class="keywordflow">else</highlight><highlight class="normal"><sp/>{</highlight></codeline>
<codeline lineno="103"><highlight class="normal"><sp/><sp/><sp/><sp/><sp/><sp/><sp/><sp/><sp/><sp/><sp/><sp/><sp/><sp/><sp/><sp/><sp/><sp/><sp/><sp/>echo<sp/></highlight><highlight class="stringliteral">&quot;&lt;p&gt;Erreur<sp/>de<sp/>connexion<sp/>à<sp/>Geoapify.&lt;/p&gt;&quot;</highlight><highlight class="normal">;</highlight></codeline>
<codeline lineno="104"><highlight class="normal"><sp/><sp/><sp/><sp/><sp/><sp/><sp/><sp/><sp/><sp/><sp/><sp/><sp/><sp/><sp/><sp/>}</highlight></codeline>
<codeline lineno="105"><highlight class="normal"><sp/><sp/><sp/><sp/><sp/><sp/><sp/><sp/><sp/><sp/><sp/><sp/><sp/><sp/><sp/><sp/>?&gt;</highlight></codeline>
<codeline lineno="106"><highlight class="normal"><sp/><sp/><sp/><sp/><sp/><sp/><sp/><sp/><sp/><sp/><sp/><sp/>&lt;?php<sp/></highlight><highlight class="keywordflow">else</highlight><highlight class="normal">:<sp/>?&gt;</highlight></codeline>
<codeline lineno="107"><highlight class="normal"><sp/><sp/><sp/><sp/><sp/><sp/><sp/><sp/><sp/><sp/><sp/><sp/><sp/><sp/><sp/><sp/>&lt;p&gt;Aucune<sp/>position<sp/>détectée<sp/>(coordonnées<sp/>non<sp/>fournies).&lt;/p&gt;</highlight></codeline>
<codeline lineno="108"><highlight class="normal"><sp/><sp/><sp/><sp/><sp/><sp/><sp/><sp/><sp/><sp/><sp/><sp/>&lt;?php<sp/><ref refid="index_8php_1a8c03dc982b20dd551a4b6ea48c78b1be" kindref="member">endif</ref>;<sp/>?&gt;</highlight></codeline>
<codeline lineno="109"><highlight class="normal"><sp/><sp/><sp/><sp/><sp/><sp/><sp/><sp/>&lt;/div&gt;</highlight></codeline>
<codeline lineno="110"><highlight class="normal"><sp/><sp/><sp/><sp/>&lt;/section&gt;</highlight></codeline>
<codeline lineno="111"><highlight class="normal"></highlight></codeline>
<codeline lineno="112"><highlight class="normal"><sp/><sp/><sp/><sp/>&lt;!--<sp/>Infos<sp/>Bourse<sp/>--&gt;</highlight></codeline>
<codeline lineno="113"><highlight class="normal"><sp/><sp/><sp/><sp/>&lt;section&gt;</highlight></codeline>
<codeline lineno="114"><highlight class="normal"><sp/><sp/><sp/><sp/><sp/><sp/><sp/><sp/>&lt;h2&gt;📈<sp/>Infos<sp/>Boursières&lt;/h2&gt;</highlight></codeline>
<codeline lineno="115"><highlight class="normal"><sp/><sp/><sp/><sp/><sp/><sp/><sp/><sp/>&lt;div<sp/></highlight><highlight class="keywordtype">id</highlight><highlight class="normal">=</highlight><highlight class="stringliteral">&quot;bourse&quot;</highlight><highlight class="normal">&gt;Chargement...&lt;/div&gt;</highlight></codeline>
<codeline lineno="116"><highlight class="normal"><sp/><sp/><sp/><sp/>&lt;/section&gt;</highlight></codeline>
<codeline lineno="117"><highlight class="normal"></highlight></codeline>
<codeline lineno="118"><highlight class="normal"><sp/><sp/><sp/><sp/>&lt;a<sp/>href=</highlight><highlight class="stringliteral">&quot;index.php&quot;</highlight><highlight class="normal"><sp/></highlight><highlight class="keyword">class</highlight><highlight class="normal">=</highlight><highlight class="stringliteral">&quot;btn&quot;</highlight><highlight class="normal">&gt;⬅<sp/>Retour<sp/>à<sp/>l</highlight><highlight class="stringliteral">&apos;accueil&lt;/a&gt;</highlight></codeline>
<codeline lineno="119"><highlight class="stringliteral">&lt;/main&gt;</highlight></codeline>
<codeline lineno="120"><highlight class="stringliteral"></highlight></codeline>
<codeline lineno="121"><highlight class="stringliteral">&lt;!--<sp/>Scripts<sp/>pour<sp/>les<sp/>graphiques<sp/>et<sp/>la<sp/>bourse<sp/>--&gt;</highlight></codeline>
<codeline lineno="122"><highlight class="stringliteral">&lt;script&gt;</highlight></codeline>
<codeline lineno="123"><highlight class="stringliteral">const<sp/>villesTop<sp/>=<sp/>&lt;?=<sp/>json_encode($villesTop)<sp/>?&gt;;</highlight></codeline>
<codeline lineno="124"><highlight class="stringliteral">const<sp/>villes<sp/>=<sp/>&lt;?=<sp/>json_encode($villesStats)<sp/>?&gt;;</highlight></codeline>
<codeline lineno="125"><highlight class="stringliteral"></highlight></codeline>
<codeline lineno="126"><highlight class="stringliteral">//<sp/>Graphique<sp/>1<sp/>:<sp/>Top<sp/>5<sp/>villes</highlight></codeline>
<codeline lineno="127"><highlight class="stringliteral">new<sp/>Chart(document.getElementById(&apos;</highlight><highlight class="normal">sitogramme</highlight><highlight class="stringliteral">&apos;),<sp/>{</highlight></codeline>
<codeline lineno="128"><highlight class="stringliteral"><sp/><sp/><sp/><sp/>type:<sp/>&apos;</highlight><highlight class="normal">bar</highlight><highlight class="stringliteral">&apos;,</highlight></codeline>
<codeline lineno="129"><highlight class="stringliteral"><sp/><sp/><sp/><sp/>data:<sp/>{</highlight></codeline>
<codeline lineno="130"><highlight class="stringliteral"><sp/><sp/><sp/><sp/><sp/><sp/><sp/><sp/>labels:<sp/>Object.keys(villesTop),</highlight></codeline>
<codeline lineno="131"><highlight class="stringliteral"><sp/><sp/><sp/><sp/><sp/><sp/><sp/><sp/>datasets:<sp/>[{</highlight></codeline>
<codeline lineno="132"><highlight class="stringliteral"><sp/><sp/><sp/><sp/><sp/><sp/><sp/><sp/><sp/><sp/><sp/><sp/>label:<sp/>&apos;</highlight><highlight class="normal">Nombre<sp/>de<sp/>recherches</highlight><highlight class="stringliteral">&apos;,</highlight></codeline>
<codeline lineno="133"><highlight class="stringliteral"><sp/><sp/><sp/><sp/><sp/><sp/><sp/><sp/><sp/><sp/><sp/><sp/>data:<sp/>Object.values(villesTop),</highlight></codeline>
<codeline lineno="134"><highlight class="stringliteral"><sp/><sp/><sp/><sp/><sp/><sp/><sp/><sp/><sp/><sp/><sp/><sp/>backgroundColor:<sp/>&apos;</highlight><highlight class="normal">rgba(54,<sp/>162,<sp/>235,<sp/>0.6)</highlight><highlight class="stringliteral">&apos;,</highlight></codeline>
<codeline lineno="135"><highlight class="stringliteral"><sp/><sp/><sp/><sp/><sp/><sp/><sp/><sp/><sp/><sp/><sp/><sp/>borderColor:<sp/>&apos;</highlight><highlight class="normal">rgba(54,<sp/>162,<sp/>235,<sp/>1)</highlight><highlight class="stringliteral">&apos;,</highlight></codeline>
<codeline lineno="136"><highlight class="stringliteral"><sp/><sp/><sp/><sp/><sp/><sp/><sp/><sp/><sp/><sp/><sp/><sp/>borderWidth:<sp/>1</highlight></codeline>
<codeline lineno="137"><highlight class="stringliteral"><sp/><sp/><sp/><sp/><sp/><sp/><sp/><sp/>}]</highlight></codeline>
<codeline lineno="138"><highlight class="stringliteral"><sp/><sp/><sp/><sp/>},</highlight></codeline>
<codeline lineno="139"><highlight class="stringliteral"><sp/><sp/><sp/><sp/>options:<sp/>{</highlight></codeline>
<codeline lineno="140"><highlight class="stringliteral"><sp/><sp/><sp/><sp/><sp/><sp/><sp/><sp/>indexAxis:<sp/>&apos;</highlight><highlight class="normal">y</highlight><highlight class="stringliteral">&apos;,</highlight></codeline>
<codeline lineno="141"><highlight class="stringliteral"><sp/><sp/><sp/><sp/><sp/><sp/><sp/><sp/>scales:<sp/>{<sp/>y:<sp/>{<sp/>beginAtZero:<sp/>true<sp/>}<sp/>},</highlight></codeline>
<codeline lineno="142"><highlight class="stringliteral"><sp/><sp/><sp/><sp/><sp/><sp/><sp/><sp/>plugins:<sp/>{</highlight></codeline>
<codeline lineno="143"><highlight class="stringliteral"><sp/><sp/><sp/><sp/><sp/><sp/><sp/><sp/><sp/><sp/><sp/><sp/>title:<sp/>{</highlight></codeline>
<codeline lineno="144"><highlight class="stringliteral"><sp/><sp/><sp/><sp/><sp/><sp/><sp/><sp/><sp/><sp/><sp/><sp/><sp/><sp/><sp/><sp/>display:<sp/>true,</highlight></codeline>
<codeline lineno="145"><highlight class="stringliteral"><sp/><sp/><sp/><sp/><sp/><sp/><sp/><sp/><sp/><sp/><sp/><sp/><sp/><sp/><sp/><sp/>text:<sp/>&apos;</highlight><highlight class="normal">Top<sp/>5<sp/>des<sp/>villes<sp/>les<sp/>plus<sp/>recherchées</highlight><highlight class="stringliteral">&apos;</highlight></codeline>
<codeline lineno="146"><highlight class="stringliteral"><sp/><sp/><sp/><sp/><sp/><sp/><sp/><sp/><sp/><sp/><sp/><sp/>}</highlight></codeline>
<codeline lineno="147"><highlight class="stringliteral"><sp/><sp/><sp/><sp/><sp/><sp/><sp/><sp/>}</highlight></codeline>
<codeline lineno="148"><highlight class="stringliteral"><sp/><sp/><sp/><sp/>}</highlight></codeline>
<codeline lineno="149"><highlight class="stringliteral">});</highlight></codeline>
<codeline lineno="150"><highlight class="stringliteral"></highlight></codeline>
<codeline lineno="151"><highlight class="stringliteral">//<sp/>Graphique<sp/>2<sp/>:<sp/>Toutes<sp/>les<sp/>recherches</highlight></codeline>
<codeline lineno="152"><highlight class="stringliteral">new<sp/>Chart(document.getElementById(&apos;</highlight><highlight class="normal">chartVilles</highlight><highlight class="stringliteral">&apos;),<sp/>{</highlight></codeline>
<codeline lineno="153"><highlight class="stringliteral"><sp/><sp/><sp/><sp/>type:<sp/>&apos;</highlight><highlight class="normal">bar</highlight><highlight class="stringliteral">&apos;,</highlight></codeline>
<codeline lineno="154"><highlight class="stringliteral"><sp/><sp/><sp/><sp/>data:<sp/>{</highlight></codeline>
<codeline lineno="155"><highlight class="stringliteral"><sp/><sp/><sp/><sp/><sp/><sp/><sp/><sp/>labels:<sp/>Object.keys(villes),</highlight></codeline>
<codeline lineno="156"><highlight class="stringliteral"><sp/><sp/><sp/><sp/><sp/><sp/><sp/><sp/>datasets:<sp/>[{</highlight></codeline>
<codeline lineno="157"><highlight class="stringliteral"><sp/><sp/><sp/><sp/><sp/><sp/><sp/><sp/><sp/><sp/><sp/><sp/>label:<sp/>&apos;</highlight><highlight class="normal">Recherches<sp/>par<sp/>ville</highlight><highlight class="stringliteral">&apos;,</highlight></codeline>
<codeline lineno="158"><highlight class="stringliteral"><sp/><sp/><sp/><sp/><sp/><sp/><sp/><sp/><sp/><sp/><sp/><sp/>data:<sp/>Object.values(villes),</highlight></codeline>
<codeline lineno="159"><highlight class="stringliteral"><sp/><sp/><sp/><sp/><sp/><sp/><sp/><sp/><sp/><sp/><sp/><sp/>backgroundColor:<sp/>&apos;</highlight><highlight class="normal">rgba(75,<sp/>192,<sp/>192,<sp/>0.6)</highlight><highlight class="stringliteral">&apos;</highlight></codeline>
<codeline lineno="160"><highlight class="stringliteral"><sp/><sp/><sp/><sp/><sp/><sp/><sp/><sp/>}]</highlight></codeline>
<codeline lineno="161"><highlight class="stringliteral"><sp/><sp/><sp/><sp/>},</highlight></codeline>
<codeline lineno="162"><highlight class="stringliteral"><sp/><sp/><sp/><sp/>options:<sp/>{<sp/>indexAxis:<sp/>&apos;</highlight><highlight class="normal">y</highlight><highlight class="stringliteral">&apos;<sp/>}</highlight></codeline>
<codeline lineno="163"><highlight class="stringliteral">});</highlight></codeline>
<codeline lineno="164"><highlight class="stringliteral"></highlight></codeline>
<codeline lineno="165"><highlight class="stringliteral">//<sp/>Infos<sp/>Bourse<sp/>via<sp/>AlphaVantage</highlight></codeline>
<codeline lineno="166"><highlight class="stringliteral">fetch(&quot;https://www.alphavantage.co/query?function=GLOBAL_QUOTE&amp;symbol=AAPL&amp;apikey=JIXHOJRIUWMYR26Q&quot;)</highlight></codeline>
<codeline lineno="167"><highlight class="stringliteral"><sp/><sp/><sp/><sp/>.then(res<sp/>=&gt;<sp/>res.json())</highlight></codeline>
<codeline lineno="168"><highlight class="stringliteral"><sp/><sp/><sp/><sp/>.then(data<sp/>=&gt;<sp/>{</highlight></codeline>
<codeline lineno="169"><highlight class="stringliteral"><sp/><sp/><sp/><sp/><sp/><sp/><sp/><sp/>const<sp/>quote<sp/>=<sp/>data[&quot;Global<sp/>Quote&quot;];</highlight></codeline>
<codeline lineno="170"><highlight class="stringliteral"><sp/><sp/><sp/><sp/><sp/><sp/><sp/><sp/>if<sp/>(quote)<sp/>{</highlight></codeline>
<codeline lineno="171"><highlight class="stringliteral"><sp/><sp/><sp/><sp/><sp/><sp/><sp/><sp/><sp/><sp/><sp/><sp/>document.getElementById(&quot;bourse&quot;).innerHTML<sp/>=<sp/>`</highlight></codeline>
<codeline lineno="172"><highlight class="stringliteral"><sp/><sp/><sp/><sp/><sp/><sp/><sp/><sp/><sp/><sp/><sp/><sp/><sp/><sp/><sp/><sp/>&lt;p&gt;&lt;strong&gt;${quote[&quot;01.<sp/>symbol&quot;]}&lt;/strong&gt;&lt;/p&gt;</highlight></codeline>
<codeline lineno="173"><highlight class="stringliteral"><sp/><sp/><sp/><sp/><sp/><sp/><sp/><sp/><sp/><sp/><sp/><sp/><sp/><sp/><sp/><sp/>&lt;p&gt;Prix<sp/>:<sp/>${quote[&quot;05.<sp/>price&quot;]}<sp/>$&lt;/p&gt;</highlight></codeline>
<codeline lineno="174"><highlight class="stringliteral"><sp/><sp/><sp/><sp/><sp/><sp/><sp/><sp/><sp/><sp/><sp/><sp/><sp/><sp/><sp/><sp/>&lt;p&gt;Variation<sp/>:<sp/>${quote[&quot;10.<sp/>change<sp/>percent&quot;]}&lt;/p&gt;`;</highlight></codeline>
<codeline lineno="175"><highlight class="stringliteral"><sp/><sp/><sp/><sp/><sp/><sp/><sp/><sp/>}</highlight></codeline>
<codeline lineno="176"><highlight class="stringliteral"><sp/><sp/><sp/><sp/>})</highlight></codeline>
<codeline lineno="177"><highlight class="stringliteral"><sp/><sp/><sp/><sp/>.catch(()<sp/>=&gt;<sp/>{</highlight></codeline>
<codeline lineno="178"><highlight class="stringliteral"><sp/><sp/><sp/><sp/><sp/><sp/><sp/><sp/>document.getElementById(&quot;bourse&quot;).innerText<sp/>=<sp/>&quot;Erreur<sp/>bourse.&quot;;</highlight></codeline>
<codeline lineno="179"><highlight class="stringliteral"><sp/><sp/><sp/><sp/>});</highlight></codeline>
<codeline lineno="180"><highlight class="stringliteral">&lt;/script&gt;</highlight></codeline>
<codeline lineno="181"><highlight class="stringliteral"></highlight></codeline>
<codeline lineno="182"><highlight class="stringliteral">&lt;?php<sp/>include(&quot;include/footer.inc.php&quot;);<sp/>?&gt;</highlight></codeline>
    </programlisting>
    <location file="C:/Users/cozma/Downloads/Weathersky-main (1)/Weathersky-main/Meteo6/WeatherSky/statistique.php"/>
  </compounddef>
</doxygen>
