<?xml version='1.0' encoding='UTF-8' standalone='no'?>
<doxygen xmlns:xsi="http://www.w3.org/2001/XMLSchema-instance" xsi:noNamespaceSchemaLocation="compound.xsd" version="1.13.2" xml:lang="fr">
  <compounddef id="tech_8php" kind="file" language="PHP">
    <compoundname>tech.php</compoundname>
    <innernamespace refid="namespace_weather_sky">WeatherSky</innernamespace>
    <sectiondef kind="var">
      <memberdef kind="variable" id="tech_8php_1a228e5cd76ddccde8780f2927dfd450dd" prot="public" static="no" mutable="no">
        <type></type>
        <definition>$ipAdresse</definition>
        <argsstring></argsstring>
        <name>$ipAdresse</name>
        <initializer>= $_SERVER[&quot;REMOTE_ADDR&quot;] ?? &apos;127.0.0.1&apos;</initializer>
        <briefdescription>
        </briefdescription>
        <detaileddescription>
        </detaileddescription>
        <inbodydescription>
        </inbodydescription>
        <location file="C:/Users/cozma/Downloads/Weathersky-main (1)/Weathersky-main/Meteo6/WeatherSky/tech.php" line="22" column="1" bodyfile="C:/Users/cozma/Downloads/Weathersky-main (1)/Weathersky-main/Meteo6/WeatherSky/tech.php" bodystart="22" bodyend="-1"/>
      </memberdef>
      <memberdef kind="variable" id="tech_8php_1a084e3db37d1b117a3cc7212cf2eed533" prot="public" static="no" mutable="no">
        <type></type>
        <definition>$apiKey</definition>
        <argsstring></argsstring>
        <name>$apiKey</name>
        <initializer>= &quot;LHA6vntliKABHLYaN4bbp7nsRahBtj2qlmOIpMCh&quot;</initializer>
        <briefdescription>
        </briefdescription>
        <detaileddescription>
        </detaileddescription>
        <inbodydescription>
        </inbodydescription>
        <location file="C:/Users/cozma/Downloads/Weathersky-main (1)/Weathersky-main/Meteo6/WeatherSky/tech.php" line="25" column="1" bodyfile="C:/Users/cozma/Downloads/Weathersky-main (1)/Weathersky-main/Meteo6/WeatherSky/tech.php" bodystart="25" bodyend="-1"/>
      </memberdef>
      <memberdef kind="variable" id="tech_8php_1a108fc758586ad470628474f0727a2931" prot="public" static="no" mutable="no">
        <type></type>
        <definition>$apiUrl</definition>
        <argsstring></argsstring>
        <name>$apiUrl</name>
        <initializer>= &quot;https://api.nasa.gov/planetary/apod?api_key=$apiKey&amp;thumbs=true&quot;</initializer>
        <briefdescription>
        </briefdescription>
        <detaileddescription>
        </detaileddescription>
        <inbodydescription>
        </inbodydescription>
        <location file="C:/Users/cozma/Downloads/Weathersky-main (1)/Weathersky-main/Meteo6/WeatherSky/tech.php" line="28" column="1" bodyfile="C:/Users/cozma/Downloads/Weathersky-main (1)/Weathersky-main/Meteo6/WeatherSky/tech.php" bodystart="28" bodyend="-1"/>
      </memberdef>
      <memberdef kind="variable" id="tech_8php_1a3e53f5a443fefd2eeab6a8ab92aa9ae8" prot="public" static="no" mutable="no">
        <type></type>
        <definition>$reponse</definition>
        <argsstring></argsstring>
        <name>$reponse</name>
        <initializer>= @file_get_contents($apiUrl)</initializer>
        <briefdescription>
        </briefdescription>
        <detaileddescription>
        </detaileddescription>
        <inbodydescription>
        </inbodydescription>
        <location file="C:/Users/cozma/Downloads/Weathersky-main (1)/Weathersky-main/Meteo6/WeatherSky/tech.php" line="29" column="1" bodyfile="C:/Users/cozma/Downloads/Weathersky-main (1)/Weathersky-main/Meteo6/WeatherSky/tech.php" bodystart="29" bodyend="-1"/>
      </memberdef>
      <memberdef kind="variable" id="tech_8php_1a02a537b004f8446a32974072fa0961fb" prot="public" static="no" mutable="no">
        <type></type>
        <definition>$donnee</definition>
        <argsstring></argsstring>
        <name>$donnee</name>
        <initializer>= $reponse ? json_decode($reponse, true) : null</initializer>
        <briefdescription>
        </briefdescription>
        <detaileddescription>
        </detaileddescription>
        <inbodydescription>
        </inbodydescription>
        <location file="C:/Users/cozma/Downloads/Weathersky-main (1)/Weathersky-main/Meteo6/WeatherSky/tech.php" line="30" column="1" bodyfile="C:/Users/cozma/Downloads/Weathersky-main (1)/Weathersky-main/Meteo6/WeatherSky/tech.php" bodystart="30" bodyend="-1"/>
      </memberdef>
      <memberdef kind="variable" id="tech_8php_1ac88b3ec8a4093434aa62f49d2998a9bc" prot="public" static="no" mutable="no">
        <type></type>
        <definition>$apiUrlXML</definition>
        <argsstring></argsstring>
        <name>$apiUrlXML</name>
        <initializer>= &quot;http://www.geoplugin.net/xml.gp?ip=$ipAdresse&quot;</initializer>
        <briefdescription>
        </briefdescription>
        <detaileddescription>
        </detaileddescription>
        <inbodydescription>
        </inbodydescription>
        <location file="C:/Users/cozma/Downloads/Weathersky-main (1)/Weathersky-main/Meteo6/WeatherSky/tech.php" line="33" column="1" bodyfile="C:/Users/cozma/Downloads/Weathersky-main (1)/Weathersky-main/Meteo6/WeatherSky/tech.php" bodystart="33" bodyend="-1"/>
      </memberdef>
      <memberdef kind="variable" id="tech_8php_1a74c19f70d8cc023f89af834657028f7c" prot="public" static="no" mutable="no">
        <type></type>
        <definition>$reponseXml</definition>
        <argsstring></argsstring>
        <name>$reponseXml</name>
        <initializer>= @file_get_contents($apiUrlXML)</initializer>
        <briefdescription>
        </briefdescription>
        <detaileddescription>
        </detaileddescription>
        <inbodydescription>
        </inbodydescription>
        <location file="C:/Users/cozma/Downloads/Weathersky-main (1)/Weathersky-main/Meteo6/WeatherSky/tech.php" line="34" column="1" bodyfile="C:/Users/cozma/Downloads/Weathersky-main (1)/Weathersky-main/Meteo6/WeatherSky/tech.php" bodystart="34" bodyend="-1"/>
      </memberdef>
      <memberdef kind="variable" id="tech_8php_1ab616bcf2a041dd7070270e3b0a279263" prot="public" static="no" mutable="no">
        <type></type>
        <definition>$xmlData</definition>
        <argsstring></argsstring>
        <name>$xmlData</name>
        <initializer>= $reponseXml ? simplexml_load_string($reponseXml) : null</initializer>
        <briefdescription>
        </briefdescription>
        <detaileddescription>
        </detaileddescription>
        <inbodydescription>
        </inbodydescription>
        <location file="C:/Users/cozma/Downloads/Weathersky-main (1)/Weathersky-main/Meteo6/WeatherSky/tech.php" line="35" column="1" bodyfile="C:/Users/cozma/Downloads/Weathersky-main (1)/Weathersky-main/Meteo6/WeatherSky/tech.php" bodystart="35" bodyend="-1"/>
      </memberdef>
      <memberdef kind="variable" id="tech_8php_1a79bc79f02a8b8059e6d9b0edd7e1406c" prot="public" static="no" mutable="no">
        <type></type>
        <definition>$urlipInfo</definition>
        <argsstring></argsstring>
        <name>$urlipInfo</name>
        <initializer>= &quot;https://ipinfo.io/$ipAdresse/geo&quot;</initializer>
        <briefdescription>
        </briefdescription>
        <detaileddescription>
        </detaileddescription>
        <inbodydescription>
        </inbodydescription>
        <location file="C:/Users/cozma/Downloads/Weathersky-main (1)/Weathersky-main/Meteo6/WeatherSky/tech.php" line="38" column="1" bodyfile="C:/Users/cozma/Downloads/Weathersky-main (1)/Weathersky-main/Meteo6/WeatherSky/tech.php" bodystart="38" bodyend="-1"/>
      </memberdef>
      <memberdef kind="variable" id="tech_8php_1ad504832712fd82cfcfd8d4e384257176" prot="public" static="no" mutable="no">
        <type></type>
        <definition>$reponseIpInfo</definition>
        <argsstring></argsstring>
        <name>$reponseIpInfo</name>
        <initializer>= @file_get_contents($urlipInfo)</initializer>
        <briefdescription>
        </briefdescription>
        <detaileddescription>
        </detaileddescription>
        <inbodydescription>
        </inbodydescription>
        <location file="C:/Users/cozma/Downloads/Weathersky-main (1)/Weathersky-main/Meteo6/WeatherSky/tech.php" line="39" column="1" bodyfile="C:/Users/cozma/Downloads/Weathersky-main (1)/Weathersky-main/Meteo6/WeatherSky/tech.php" bodystart="39" bodyend="-1"/>
      </memberdef>
      <memberdef kind="variable" id="tech_8php_1a1189baf765719df529e7f09f6efa1b0d" prot="public" static="no" mutable="no">
        <type></type>
        <definition>$ipData</definition>
        <argsstring></argsstring>
        <name>$ipData</name>
        <initializer>= $reponseIpInfo ? json_decode($reponseIpInfo, true) : null</initializer>
        <briefdescription>
        </briefdescription>
        <detaileddescription>
        </detaileddescription>
        <inbodydescription>
        </inbodydescription>
        <location file="C:/Users/cozma/Downloads/Weathersky-main (1)/Weathersky-main/Meteo6/WeatherSky/tech.php" line="40" column="1" bodyfile="C:/Users/cozma/Downloads/Weathersky-main (1)/Weathersky-main/Meteo6/WeatherSky/tech.php" bodystart="40" bodyend="-1"/>
      </memberdef>
      <memberdef kind="variable" id="tech_8php_1a20316cf478e51655b2c1b19970ebb3e3" prot="public" static="no" mutable="no">
        <type><ref refid="index_8php_1a0a4a9ea17f3dea7d32f111630540eb0e" kindref="member">if</ref>($donnee)($donnee[&quot;title&quot;]) ?&gt;&lt;/h3 &gt;&lt;?php <ref refid="index_8php_1a0a4a9ea17f3dea7d32f111630540eb0e" kindref="member">if</ref>($donnee[&quot;media_type&quot;] elseif($donnee[&quot;media_type&quot;]===&quot;video&quot;)</type>
        <definition>if( $donnee)( $donnee[&quot;title&quot;]) ?&gt;&lt;/h3 &gt;&lt;?php if( $donnee[&quot;media_type&quot;] elseif ( $donnee[&quot;media_type&quot;]===&quot;video&quot;) else</definition>
        <argsstring></argsstring>
        <name>else</name>
        <initializer>= htmlspecialchars($donnee[&quot;explanation&quot;])</initializer>
        <briefdescription>
        </briefdescription>
        <detaileddescription>
        </detaileddescription>
        <inbodydescription>
        </inbodydescription>
        <location file="C:/Users/cozma/Downloads/Weathersky-main (1)/Weathersky-main/Meteo6/WeatherSky/tech.php" line="59" column="2" bodyfile="C:/Users/cozma/Downloads/Weathersky-main (1)/Weathersky-main/Meteo6/WeatherSky/tech.php" bodystart="58" bodyend="-1"/>
      </memberdef>
      <memberdef kind="variable" id="tech_8php_1af2e32d8d136e7d3488aa854eeb3fe092" prot="public" static="no" mutable="no">
        <type><ref refid="index_8php_1a0a4a9ea17f3dea7d32f111630540eb0e" kindref="member">if</ref>( $xmlData)( $xmlData-&gt;geoplugin_city) ?&gt;&lt;/li &gt;&lt; li &gt;Région( $xmlData-&gt;geoplugin_region) ?&gt;&lt;/li &gt;&lt; li &gt;Pays( $xmlData-&gt;geoplugin_countryName) ?&gt;&lt;/li &gt;&lt; li &gt;Latitude( $xmlData-&gt;geoplugin_latitude) ?&gt;&lt;/li &gt;&lt; li &gt;Longitude( $xmlData-&gt;geoplugin_longitude) ?&gt;&lt;/li &gt;&lt;/ul &gt;&lt;?php elseif($ipData)($ipData[&apos;ip&apos;] ?? $ipAdresse) ?&gt;&lt;/li &gt;&lt; li &gt;Ville</type>
        <definition>if($xmlData)($xmlData-&gt;geoplugin_city) ?&gt;&lt;/li &gt;&lt; li &gt;Région($xmlData-&gt;geoplugin_region) ?&gt;&lt;/li &gt;&lt; li &gt;Pays($xmlData-&gt;geoplugin_countryName) ?&gt;&lt;/li &gt;&lt; li &gt;Latitude($xmlData-&gt;geoplugin_latitude) ?&gt;&lt;/li &gt;&lt; li &gt;Longitude($xmlData-&gt;geoplugin_longitude) ?&gt;&lt;/li &gt;&lt;/ul &gt;&lt;?php elseif( $ipData)( $ipData[ &apos;ip&apos;] ?? $ipAdresse) ?&gt;&lt;/li &gt;&lt; li &gt;Ville ($ipData[&apos;city&apos;] ?? &apos;Inconnue&apos;) ?&gt;&lt;/li &gt;&lt; li &gt;Localisation($ipData[&apos;loc&apos;] ?? &apos;Inconnue&apos;) ?&gt;&lt;/li &gt;&lt;/ul &gt;&lt;?php else</definition>
        <argsstring>( $ipData[ &apos;loc&apos;] ?? &apos;Inconnue&apos;) ?&gt;&lt;/li &gt;&lt;/ul &gt;&lt;?php else</argsstring>
        <name>( $ipData[ &apos;city&apos;] ?? &apos;Inconnue&apos;) ?&gt;&lt;/li &gt;&lt; li &gt;Localisation</name>
        <briefdescription>
        </briefdescription>
        <detaileddescription>
        </detaileddescription>
        <inbodydescription>
        </inbodydescription>
        <location file="C:/Users/cozma/Downloads/Weathersky-main (1)/Weathersky-main/Meteo6/WeatherSky/tech.php" line="81" column="2" bodyfile="C:/Users/cozma/Downloads/Weathersky-main (1)/Weathersky-main/Meteo6/WeatherSky/tech.php" bodystart="81" bodyend="-1"/>
      </memberdef>
    </sectiondef>
    <briefdescription>
    </briefdescription>
    <detaileddescription>
    </detaileddescription>
    <programlisting>
<codeline lineno="1"><highlight class="normal">&lt;?php</highlight></codeline>
<codeline lineno="13"><highlight class="normal"></highlight></codeline>
<codeline lineno="14"><highlight class="normal"></highlight><highlight class="comment">//<sp/>Inclusion<sp/>des<sp/>fonctions<sp/>générales<sp/>et<sp/>du<sp/>header</highlight><highlight class="normal"></highlight></codeline>
<codeline lineno="15"><highlight class="normal">require_once(</highlight><highlight class="stringliteral">&apos;include/functions.inc.php&apos;</highlight><highlight class="normal">);</highlight></codeline>
<codeline lineno="16"><highlight class="normal">include(</highlight><highlight class="stringliteral">&quot;include/header.inc.php&quot;</highlight><highlight class="normal">);</highlight></codeline>
<codeline lineno="17"><highlight class="normal"></highlight></codeline>
<codeline lineno="18"><highlight class="normal"></highlight><highlight class="comment">//<sp/>Affiche<sp/>l’en-tête<sp/>de<sp/>la<sp/>page</highlight><highlight class="normal"></highlight></codeline>
<codeline lineno="19"><highlight class="normal">echo<sp/><ref refid="header_8inc_8php_1a2b4b26a72f19e4593eddfb63e3689c46" kindref="member">en_tete</ref>(</highlight><highlight class="stringliteral">&quot;tech&quot;</highlight><highlight class="normal">);</highlight></codeline>
<codeline lineno="20"><highlight class="normal"></highlight></codeline>
<codeline lineno="21"><highlight class="normal"></highlight><highlight class="comment">//<sp/>===<sp/>IP<sp/>utilisateur<sp/>===</highlight><highlight class="normal"></highlight></codeline>
<codeline lineno="22"><highlight class="normal"><ref refid="tech_8php_1a228e5cd76ddccde8780f2927dfd450dd" kindref="member">$ipAdresse</ref><sp/>=<sp/>$_SERVER[</highlight><highlight class="stringliteral">&quot;REMOTE_ADDR&quot;</highlight><highlight class="normal">]<sp/>??<sp/></highlight><highlight class="stringliteral">&apos;127.0.0.1&apos;</highlight><highlight class="normal">;</highlight></codeline>
<codeline lineno="23"><highlight class="normal"></highlight></codeline>
<codeline lineno="24"><highlight class="normal"></highlight><highlight class="comment">//<sp/>===<sp/>Clé<sp/>API<sp/>NASA<sp/>(remplacer<sp/>par<sp/>la<sp/>vôtre<sp/>si<sp/>possible)<sp/>===</highlight><highlight class="normal"></highlight></codeline>
<codeline lineno="25"><highlight class="normal"><ref refid="statistique_8php_1a084e3db37d1b117a3cc7212cf2eed533" kindref="member">$apiKey</ref><sp/>=<sp/></highlight><highlight class="stringliteral">&quot;LHA6vntliKABHLYaN4bbp7nsRahBtj2qlmOIpMCh&quot;</highlight><highlight class="normal">;</highlight></codeline>
<codeline lineno="26"><highlight class="normal"></highlight></codeline>
<codeline lineno="27"><highlight class="normal"></highlight><highlight class="comment">//<sp/>===<sp/>APOD<sp/>NASA<sp/>(Astronomy<sp/>Picture<sp/>of<sp/>the<sp/>Day)<sp/>===</highlight><highlight class="normal"></highlight></codeline>
<codeline lineno="28"><highlight class="normal"><ref refid="tech_8php_1a108fc758586ad470628474f0727a2931" kindref="member">$apiUrl</ref><sp/>=<sp/></highlight><highlight class="stringliteral">&quot;https://api.nasa.gov/planetary/apod?api_key=$apiKey&amp;thumbs=true&quot;</highlight><highlight class="normal">;</highlight></codeline>
<codeline lineno="29"><highlight class="normal"><ref refid="tech_8php_1a3e53f5a443fefd2eeab6a8ab92aa9ae8" kindref="member">$reponse</ref><sp/>=<sp/>@file_get_contents(<ref refid="tech_8php_1a108fc758586ad470628474f0727a2931" kindref="member">$apiUrl</ref>);</highlight></codeline>
<codeline lineno="30"><highlight class="normal"><ref refid="tech_8php_1a02a537b004f8446a32974072fa0961fb" kindref="member">$donnee</ref><sp/>=<sp/><ref refid="tech_8php_1a3e53f5a443fefd2eeab6a8ab92aa9ae8" kindref="member">$reponse</ref><sp/>?<sp/>json_decode(<ref refid="tech_8php_1a3e53f5a443fefd2eeab6a8ab92aa9ae8" kindref="member">$reponse</ref>,<sp/></highlight><highlight class="keyword">true</highlight><highlight class="normal">)<sp/>:<sp/>null;</highlight></codeline>
<codeline lineno="31"><highlight class="normal"></highlight></codeline>
<codeline lineno="32"><highlight class="normal"></highlight><highlight class="comment">//<sp/>===<sp/>API<sp/>GeoPlugin<sp/>(géolocalisation<sp/>XML)<sp/>===</highlight><highlight class="normal"></highlight></codeline>
<codeline lineno="33"><highlight class="normal"><ref refid="tech_8php_1ac88b3ec8a4093434aa62f49d2998a9bc" kindref="member">$apiUrlXML</ref><sp/>=<sp/></highlight><highlight class="stringliteral">&quot;http://www.geoplugin.net/xml.gp?ip=$ipAdresse&quot;</highlight><highlight class="normal">;</highlight></codeline>
<codeline lineno="34"><highlight class="normal"><ref refid="tech_8php_1a74c19f70d8cc023f89af834657028f7c" kindref="member">$reponseXml</ref><sp/>=<sp/>@file_get_contents(<ref refid="tech_8php_1ac88b3ec8a4093434aa62f49d2998a9bc" kindref="member">$apiUrlXML</ref>);</highlight></codeline>
<codeline lineno="35"><highlight class="normal"><ref refid="tech_8php_1ab616bcf2a041dd7070270e3b0a279263" kindref="member">$xmlData</ref><sp/>=<sp/><ref refid="tech_8php_1a74c19f70d8cc023f89af834657028f7c" kindref="member">$reponseXml</ref><sp/>?<sp/>simplexml_load_string(<ref refid="tech_8php_1a74c19f70d8cc023f89af834657028f7c" kindref="member">$reponseXml</ref>)<sp/>:<sp/>null;</highlight></codeline>
<codeline lineno="36"><highlight class="normal"></highlight></codeline>
<codeline lineno="37"><highlight class="normal"></highlight><highlight class="comment">//<sp/>===<sp/>API<sp/>ipinfo.io<sp/>===</highlight><highlight class="normal"></highlight></codeline>
<codeline lineno="38"><highlight class="normal"><ref refid="tech_8php_1a79bc79f02a8b8059e6d9b0edd7e1406c" kindref="member">$urlipInfo</ref><sp/>=<sp/></highlight><highlight class="stringliteral">&quot;https://ipinfo.io/$ipAdresse/geo&quot;</highlight><highlight class="normal">;</highlight></codeline>
<codeline lineno="39"><highlight class="normal"><ref refid="tech_8php_1ad504832712fd82cfcfd8d4e384257176" kindref="member">$reponseIpInfo</ref><sp/>=<sp/>@file_get_contents(<ref refid="tech_8php_1a79bc79f02a8b8059e6d9b0edd7e1406c" kindref="member">$urlipInfo</ref>);</highlight></codeline>
<codeline lineno="40"><highlight class="normal"><ref refid="tech_8php_1a1189baf765719df529e7f09f6efa1b0d" kindref="member">$ipData</ref><sp/>=<sp/><ref refid="tech_8php_1ad504832712fd82cfcfd8d4e384257176" kindref="member">$reponseIpInfo</ref><sp/>?<sp/>json_decode(<ref refid="tech_8php_1ad504832712fd82cfcfd8d4e384257176" kindref="member">$reponseIpInfo</ref>,<sp/></highlight><highlight class="keyword">true</highlight><highlight class="normal">)<sp/>:<sp/>null;</highlight></codeline>
<codeline lineno="41"><highlight class="normal">?&gt;</highlight></codeline>
<codeline lineno="42"><highlight class="normal"></highlight></codeline>
<codeline lineno="43"><highlight class="normal"></highlight></codeline>
<codeline lineno="44"><highlight class="normal">&lt;main<sp/></highlight><highlight class="keyword">class</highlight><highlight class="normal">=</highlight><highlight class="stringliteral">&quot;main-part&quot;</highlight><highlight class="normal">&gt;</highlight></codeline>
<codeline lineno="45"><highlight class="normal"><sp/><sp/><sp/><sp/>&lt;h1&gt;Image<sp/>NASA<sp/>du<sp/>jour&lt;/h1&gt;</highlight></codeline>
<codeline lineno="46"><highlight class="normal"></highlight></codeline>
<codeline lineno="47"><highlight class="normal"><sp/><sp/><sp/><sp/>&lt;section&gt;</highlight></codeline>
<codeline lineno="48"><highlight class="normal"><sp/><sp/><sp/><sp/><sp/><sp/><sp/><sp/>&lt;h2&gt;Image<sp/>ou<sp/>Vidéo<sp/>du<sp/>Jour&lt;/h2&gt;</highlight></codeline>
<codeline lineno="49"><highlight class="normal"><sp/><sp/><sp/><sp/><sp/><sp/><sp/><sp/>&lt;?php<sp/></highlight><highlight class="keywordflow">if</highlight><highlight class="normal"><sp/>(<ref refid="tech_8php_1a02a537b004f8446a32974072fa0961fb" kindref="member">$donnee</ref>):<sp/>?&gt;</highlight></codeline>
<codeline lineno="50"><highlight class="normal"><sp/><sp/><sp/><sp/><sp/><sp/><sp/><sp/><sp/><sp/><sp/><sp/>&lt;h3&gt;&lt;?=<sp/>htmlspecialchars(<ref refid="tech_8php_1a02a537b004f8446a32974072fa0961fb" kindref="member">$donnee</ref>[</highlight><highlight class="stringliteral">&quot;title&quot;</highlight><highlight class="normal">])<sp/>?&gt;&lt;/h3&gt;</highlight></codeline>
<codeline lineno="51"><highlight class="normal"><sp/><sp/><sp/><sp/><sp/><sp/><sp/><sp/><sp/><sp/><sp/><sp/>&lt;?php<sp/></highlight><highlight class="keywordflow">if</highlight><highlight class="normal"><sp/>(<ref refid="tech_8php_1a02a537b004f8446a32974072fa0961fb" kindref="member">$donnee</ref>[</highlight><highlight class="stringliteral">&quot;media_type&quot;</highlight><highlight class="normal">]<sp/>===<sp/></highlight><highlight class="stringliteral">&quot;image&quot;</highlight><highlight class="normal">):<sp/>?&gt;</highlight></codeline>
<codeline lineno="52"><highlight class="normal"><sp/><sp/><sp/><sp/><sp/><sp/><sp/><sp/><sp/><sp/><sp/><sp/><sp/><sp/><sp/><sp/>&lt;img<sp/>src=</highlight><highlight class="stringliteral">&quot;&lt;?=<sp/>htmlspecialchars($donnee[&quot;</highlight><highlight class="normal">url</highlight><highlight class="stringliteral">&quot;])<sp/>?&gt;&quot;</highlight><highlight class="normal"><sp/>alt=</highlight><highlight class="stringliteral">&quot;Image<sp/>du<sp/>jour<sp/>APOD&quot;</highlight><highlight class="normal">&gt;</highlight></codeline>
<codeline lineno="53"><highlight class="normal"><sp/><sp/><sp/><sp/><sp/><sp/><sp/><sp/><sp/><sp/><sp/><sp/>&lt;?php<sp/>elseif<sp/>(<ref refid="tech_8php_1a02a537b004f8446a32974072fa0961fb" kindref="member">$donnee</ref>[</highlight><highlight class="stringliteral">&quot;media_type&quot;</highlight><highlight class="normal">]<sp/>===<sp/></highlight><highlight class="stringliteral">&quot;video&quot;</highlight><highlight class="normal">):<sp/>?&gt;</highlight></codeline>
<codeline lineno="54"><highlight class="normal"><sp/><sp/><sp/><sp/><sp/><sp/><sp/><sp/><sp/><sp/><sp/><sp/><sp/><sp/><sp/><sp/>&lt;iframe<sp/>width=</highlight><highlight class="stringliteral">&quot;560&quot;</highlight><highlight class="normal"><sp/>height=</highlight><highlight class="stringliteral">&quot;315&quot;</highlight><highlight class="normal"><sp/>src=</highlight><highlight class="stringliteral">&quot;&lt;?=<sp/>htmlspecialchars($donnee[&quot;</highlight><highlight class="normal">url</highlight><highlight class="stringliteral">&quot;])<sp/>?&gt;&quot;</highlight><highlight class="normal"><sp/>frameborder=</highlight><highlight class="stringliteral">&quot;0&quot;</highlight><highlight class="normal"><sp/>allowfullscreen&gt;&lt;/iframe&gt;</highlight></codeline>
<codeline lineno="55"><highlight class="normal"><sp/><sp/><sp/><sp/><sp/><sp/><sp/><sp/><sp/><sp/><sp/><sp/>&lt;?php<sp/><ref refid="map_8php_1a460a5a14b74dba77bd113685316a915c" kindref="member">else</ref>:<sp/>?&gt;</highlight></codeline>
<codeline lineno="56"><highlight class="normal"><sp/><sp/><sp/><sp/><sp/><sp/><sp/><sp/><sp/><sp/><sp/><sp/><sp/><sp/><sp/><sp/>&lt;p&gt;Contenu<sp/>non<sp/>supporté.&lt;/p&gt;</highlight></codeline>
<codeline lineno="57"><highlight class="normal"><sp/><sp/><sp/><sp/><sp/><sp/><sp/><sp/><sp/><sp/><sp/><sp/>&lt;?php<sp/><ref refid="index_8php_1a8c03dc982b20dd551a4b6ea48c78b1be" kindref="member">endif</ref>;<sp/>?&gt;</highlight></codeline>
<codeline lineno="58"><highlight class="normal"><sp/><sp/><sp/><sp/><sp/><sp/><sp/><sp/><sp/><sp/><sp/><sp/>&lt;p&gt;&lt;?=<sp/>htmlspecialchars(<ref refid="tech_8php_1a02a537b004f8446a32974072fa0961fb" kindref="member">$donnee</ref>[</highlight><highlight class="stringliteral">&quot;explanation&quot;</highlight><highlight class="normal">])<sp/>?&gt;&lt;/p&gt;</highlight></codeline>
<codeline lineno="59"><highlight class="normal"><sp/><sp/><sp/><sp/><sp/><sp/><sp/><sp/>&lt;?php<sp/></highlight><highlight class="keywordflow">else</highlight><highlight class="normal">:<sp/>?&gt;</highlight></codeline>
<codeline lineno="60"><highlight class="normal"><sp/><sp/><sp/><sp/><sp/><sp/><sp/><sp/><sp/><sp/><sp/><sp/>&lt;p&gt;Erreur:<sp/>Impossible<sp/>de<sp/>récupérer<sp/>les<sp/>données<sp/>de<sp/>la<sp/>NASA.&lt;/p&gt;</highlight></codeline>
<codeline lineno="61"><highlight class="normal"><sp/><sp/><sp/><sp/><sp/><sp/><sp/><sp/>&lt;?php<sp/><ref refid="index_8php_1a8c03dc982b20dd551a4b6ea48c78b1be" kindref="member">endif</ref>;<sp/>?&gt;</highlight></codeline>
<codeline lineno="62"><highlight class="normal"><sp/><sp/><sp/><sp/>&lt;/section&gt;</highlight></codeline>
<codeline lineno="63"><highlight class="normal"></highlight></codeline>
<codeline lineno="64"><highlight class="normal"><sp/><sp/><sp/><sp/>&lt;section&gt;</highlight></codeline>
<codeline lineno="65"><highlight class="normal"><sp/><sp/><sp/><sp/><sp/><sp/><sp/><sp/>&lt;h2&gt;Données<sp/>de<sp/>géolocalisation&lt;/h2&gt;</highlight></codeline>
<codeline lineno="66"><highlight class="normal"><sp/><sp/><sp/><sp/><sp/><sp/><sp/><sp/>&lt;?php<sp/></highlight><highlight class="keywordflow">if</highlight><highlight class="normal"><sp/>(<ref refid="tech_8php_1ab616bcf2a041dd7070270e3b0a279263" kindref="member">$xmlData</ref>):<sp/>?&gt;</highlight></codeline>
<codeline lineno="67"><highlight class="normal"><sp/><sp/><sp/><sp/><sp/><sp/><sp/><sp/><sp/><sp/><sp/><sp/>&lt;ul&gt;</highlight></codeline>
<codeline lineno="68"><highlight class="normal"><sp/><sp/><sp/><sp/><sp/><sp/><sp/><sp/><sp/><sp/><sp/><sp/><sp/><sp/><sp/><sp/>&lt;li&gt;Ville:<sp/>&lt;?=<sp/>htmlspecialchars(<ref refid="tech_8php_1ab616bcf2a041dd7070270e3b0a279263" kindref="member">$xmlData</ref>-&gt;geoplugin_city)<sp/>?&gt;&lt;/li&gt;</highlight></codeline>
<codeline lineno="69"><highlight class="normal"><sp/><sp/><sp/><sp/><sp/><sp/><sp/><sp/><sp/><sp/><sp/><sp/><sp/><sp/><sp/><sp/>&lt;li&gt;Région:<sp/>&lt;?=<sp/>htmlspecialchars(<ref refid="tech_8php_1ab616bcf2a041dd7070270e3b0a279263" kindref="member">$xmlData</ref>-&gt;geoplugin_region)<sp/>?&gt;&lt;/li&gt;</highlight></codeline>
<codeline lineno="70"><highlight class="normal"><sp/><sp/><sp/><sp/><sp/><sp/><sp/><sp/><sp/><sp/><sp/><sp/><sp/><sp/><sp/><sp/>&lt;li&gt;Pays:<sp/>&lt;?=<sp/>htmlspecialchars(<ref refid="tech_8php_1ab616bcf2a041dd7070270e3b0a279263" kindref="member">$xmlData</ref>-&gt;geoplugin_countryName)<sp/>?&gt;&lt;/li&gt;</highlight></codeline>
<codeline lineno="71"><highlight class="normal"><sp/><sp/><sp/><sp/><sp/><sp/><sp/><sp/><sp/><sp/><sp/><sp/><sp/><sp/><sp/><sp/>&lt;li&gt;Latitude:<sp/>&lt;?=<sp/>htmlspecialchars(<ref refid="tech_8php_1ab616bcf2a041dd7070270e3b0a279263" kindref="member">$xmlData</ref>-&gt;geoplugin_latitude)<sp/>?&gt;&lt;/li&gt;</highlight></codeline>
<codeline lineno="72"><highlight class="normal"><sp/><sp/><sp/><sp/><sp/><sp/><sp/><sp/><sp/><sp/><sp/><sp/><sp/><sp/><sp/><sp/>&lt;li&gt;Longitude:<sp/>&lt;?=<sp/>htmlspecialchars(<ref refid="tech_8php_1ab616bcf2a041dd7070270e3b0a279263" kindref="member">$xmlData</ref>-&gt;geoplugin_longitude)<sp/>?&gt;&lt;/li&gt;</highlight></codeline>
<codeline lineno="73"><highlight class="normal"><sp/><sp/><sp/><sp/><sp/><sp/><sp/><sp/><sp/><sp/><sp/><sp/>&lt;/ul&gt;</highlight></codeline>
<codeline lineno="74"><highlight class="normal"><sp/><sp/><sp/><sp/><sp/><sp/><sp/><sp/>&lt;?php<sp/></highlight><highlight class="keywordflow">else</highlight><highlight class="normal">:<sp/>?&gt;</highlight></codeline>
<codeline lineno="75"><highlight class="normal"><sp/><sp/><sp/><sp/><sp/><sp/><sp/><sp/><sp/><sp/><sp/><sp/>&lt;p&gt;Erreur:<sp/>Impossible<sp/>de<sp/>récupérer<sp/>les<sp/>données<sp/>de<sp/>géolocalisation.&lt;/p&gt;</highlight></codeline>
<codeline lineno="76"><highlight class="normal"><sp/><sp/><sp/><sp/><sp/><sp/><sp/><sp/>&lt;?php<sp/><ref refid="index_8php_1a8c03dc982b20dd551a4b6ea48c78b1be" kindref="member">endif</ref>;<sp/>?&gt;</highlight></codeline>
<codeline lineno="77"><highlight class="normal"><sp/><sp/><sp/><sp/>&lt;/section&gt;</highlight></codeline>
<codeline lineno="78"><highlight class="normal"></highlight></codeline>
<codeline lineno="79"><highlight class="normal"><sp/><sp/><sp/><sp/>&lt;section&gt;</highlight></codeline>
<codeline lineno="80"><highlight class="normal"><sp/><sp/><sp/><sp/><sp/><sp/><sp/><sp/>&lt;h2&gt;Informations<sp/>sur<sp/>votre<sp/>IP&lt;/h2&gt;</highlight></codeline>
<codeline lineno="81"><highlight class="normal"><sp/><sp/><sp/><sp/><sp/><sp/><sp/><sp/>&lt;?php<sp/></highlight><highlight class="keywordflow">if</highlight><highlight class="normal"><sp/>(<ref refid="tech_8php_1a1189baf765719df529e7f09f6efa1b0d" kindref="member">$ipData</ref>):<sp/>?&gt;</highlight></codeline>
<codeline lineno="82"><highlight class="normal"><sp/><sp/><sp/><sp/><sp/><sp/><sp/><sp/><sp/><sp/><sp/><sp/>&lt;ul&gt;</highlight></codeline>
<codeline lineno="83"><highlight class="normal"><sp/><sp/><sp/><sp/><sp/><sp/><sp/><sp/><sp/><sp/><sp/><sp/><sp/><sp/><sp/><sp/>&lt;li&gt;Adresse<sp/>IP:<sp/>&lt;?=<sp/>htmlspecialchars(<ref refid="tech_8php_1a1189baf765719df529e7f09f6efa1b0d" kindref="member">$ipData</ref>[</highlight><highlight class="stringliteral">&apos;ip&apos;</highlight><highlight class="normal">]<sp/>??<sp/><ref refid="tech_8php_1a228e5cd76ddccde8780f2927dfd450dd" kindref="member">$ipAdresse</ref>)<sp/>?&gt;&lt;/li&gt;</highlight></codeline>
<codeline lineno="84"><highlight class="normal"><sp/><sp/><sp/><sp/><sp/><sp/><sp/><sp/><sp/><sp/><sp/><sp/><sp/><sp/><sp/><sp/>&lt;li&gt;Ville:<sp/>&lt;?=<sp/>htmlspecialchars(<ref refid="tech_8php_1a1189baf765719df529e7f09f6efa1b0d" kindref="member">$ipData</ref>[</highlight><highlight class="stringliteral">&apos;city&apos;</highlight><highlight class="normal">]<sp/>??<sp/></highlight><highlight class="stringliteral">&apos;Inconnue&apos;</highlight><highlight class="normal">)<sp/>?&gt;&lt;/li&gt;</highlight></codeline>
<codeline lineno="85"><highlight class="normal"><sp/><sp/><sp/><sp/><sp/><sp/><sp/><sp/><sp/><sp/><sp/><sp/><sp/><sp/><sp/><sp/>&lt;li&gt;Localisation:<sp/>&lt;?=<sp/>htmlspecialchars(<ref refid="tech_8php_1a1189baf765719df529e7f09f6efa1b0d" kindref="member">$ipData</ref>[</highlight><highlight class="stringliteral">&apos;loc&apos;</highlight><highlight class="normal">]<sp/>??<sp/></highlight><highlight class="stringliteral">&apos;Inconnue&apos;</highlight><highlight class="normal">)<sp/>?&gt;&lt;/li&gt;</highlight></codeline>
<codeline lineno="86"><highlight class="normal"><sp/><sp/><sp/><sp/><sp/><sp/><sp/><sp/><sp/><sp/><sp/><sp/>&lt;/ul&gt;</highlight></codeline>
<codeline lineno="87"><highlight class="normal"><sp/><sp/><sp/><sp/><sp/><sp/><sp/><sp/>&lt;?php<sp/></highlight><highlight class="keywordflow">else</highlight><highlight class="normal">:<sp/>?&gt;</highlight></codeline>
<codeline lineno="88"><highlight class="normal"><sp/><sp/><sp/><sp/><sp/><sp/><sp/><sp/><sp/><sp/><sp/><sp/>&lt;p&gt;Erreur:<sp/>Impossible<sp/>de<sp/>récupérer<sp/>les<sp/>informations<sp/>de<sp/>votre<sp/>IP.&lt;/p&gt;</highlight></codeline>
<codeline lineno="89"><highlight class="normal"><sp/><sp/><sp/><sp/><sp/><sp/><sp/><sp/>&lt;?php<sp/><ref refid="index_8php_1a8c03dc982b20dd551a4b6ea48c78b1be" kindref="member">endif</ref>;<sp/>?&gt;</highlight></codeline>
<codeline lineno="90"><highlight class="normal"><sp/><sp/><sp/><sp/>&lt;/section&gt;</highlight></codeline>
<codeline lineno="91"><highlight class="normal"></highlight></codeline>
<codeline lineno="92"><highlight class="normal"><sp/><sp/><sp/><sp/>&lt;section&gt;</highlight></codeline>
<codeline lineno="93"><highlight class="normal"><sp/><sp/><sp/><sp/><sp/><sp/><sp/><sp/>&lt;h2&gt;Informations<sp/>sur<sp/>votre<sp/>navigateur&lt;/h2&gt;</highlight></codeline>
<codeline lineno="94"><highlight class="normal"><sp/><sp/><sp/><sp/><sp/><sp/><sp/><sp/>&lt;p<sp/></highlight><highlight class="keywordtype">id</highlight><highlight class="normal">=</highlight><highlight class="stringliteral">&quot;browser-info&quot;</highlight><highlight class="normal">&gt;Navigateur<sp/>actuel:<sp/>&lt;/p&gt;</highlight></codeline>
<codeline lineno="95"><highlight class="normal"><sp/><sp/><sp/><sp/>&lt;/section&gt;</highlight></codeline>
<codeline lineno="96"><highlight class="normal">&lt;/main&gt;</highlight></codeline>
<codeline lineno="97"><highlight class="normal"></highlight></codeline>
<codeline lineno="98"><highlight class="normal">&lt;?php<sp/>include(</highlight><highlight class="stringliteral">&quot;include/footer.inc.php&quot;</highlight><highlight class="normal">);<sp/>?&gt;</highlight></codeline>
<codeline lineno="99"><highlight class="normal"></highlight></codeline>
<codeline lineno="100"><highlight class="normal"></highlight></codeline>
    </programlisting>
    <location file="C:/Users/cozma/Downloads/Weathersky-main (1)/Weathersky-main/Meteo6/WeatherSky/tech.php"/>
  </compounddef>
</doxygen>
