<?xml version='1.0' encoding='UTF-8' standalone='no'?>
<section xmlns="http://docbook.org/ns/docbook" version="5.0" xmlns:xlink="http://www.w3.org/1999/xlink" xml:id="_convert__csv__to__json_8php" xml:lang="fr">
<title>Référence du fichier C:/Users/cozma/Downloads/Weathersky-main (1)/Weathersky-main/Meteo6/WeatherSky/tools/convert_csv_to_json.php</title>
<indexterm><primary>C:/Users/cozma/Downloads/Weathersky-main (1)/Weathersky-main/Meteo6/WeatherSky/tools/convert_csv_to_json.php</primary></indexterm>
<simplesect>
    <title>Fonctions    </title>
        <itemizedlist>
            <listitem><para><link linkend="_convert__csv__to__json_8php_1a42daf6b3b596e9ec50be319cadaa0b4e">convertirVillesCSV</link> ($fichierCSV, $fichierJSON)</para>
</listitem>
        </itemizedlist>
</simplesect>
<section>
<title>Documentation des fonctions</title>
<anchor xml:id="_convert__csv__to__json_8php_1a42daf6b3b596e9ec50be319cadaa0b4e"/><section>
    <title>convertirVillesCSV()</title>
<indexterm><primary>convertirVillesCSV</primary><secondary>convert_csv_to_json.php</secondary></indexterm>
<indexterm><primary>convert_csv_to_json.php</primary><secondary>convertirVillesCSV</secondary></indexterm>
<para><computeroutput>convertirVillesCSV ( $fichierCSV,  $fichierJSON)</computeroutput></para>
<para>Convertit un fichier CSV de villes en fichier JSON formaté.</para>

<para>
                <formalpara>
                    <title>
Paramètres</title>
                    <para>
                    <table frame="all">
                        <tgroup cols="3" align="left" colsep="1" rowsep="1">
                        <colspec colwidth="1*"/>
                        <colspec colwidth="1*"/>
                        <colspec colwidth="4*"/>
                        <tbody>
                            <row>
<entry>string</entry><entry>$fichierCSV</entry><entry>
<para>Chemin vers le fichier CSV source </para>
</entry>
                            </row>
                            <row>
<entry>string</entry><entry>$fichierJSON</entry><entry>
<para>Chemin vers le fichier JSON de sortie </para>
</entry>
                            </row>
                        </tbody>
                        </tgroup>
                    </table>
                    </para>
                </formalpara>
                </para>
</section>
</section>
</section>
