<?xml version='1.0' encoding='UTF-8' standalone='no'?>
<section xmlns="http://docbook.org/ns/docbook" version="5.0" xmlns:xlink="http://www.w3.org/1999/xlink" xml:id="_dir_98c3ab35eccf09104e6597290b693d60" xml:lang="fr">
<title>Répertoire de référence de C:/Users/cozma/Downloads/Weathersky-main (1)/Weathersky-main/Meteo6/WeatherSky/tools</title>
<indexterm><primary>Répertoire de référence de C:/Users/cozma/Downloads/Weathersky-main (1)/Weathersky-main/Meteo6/WeatherSky/tools</primary></indexterm>
<simplesect>
    <title>Fichiers    </title>
        <itemizedlist>
            <listitem><para>fichier <link linkend="_convert__csv__to__json_8php">convert_csv_to_json.php</link></para>
</listitem>
        </itemizedlist>
</simplesect>
</section>
