<?xml version='1.0' encoding='UTF-8' standalone='no'?>
<section xmlns="http://docbook.org/ns/docbook" version="5.0" xmlns:xlink="http://www.w3.org/1999/xlink" xml:id="_dir_e6bb53534ac0e427887cf7a94c0c004e" xml:lang="fr">
<title>Répertoire de référence de C:</title>
<indexterm><primary>Répertoire de référence de C:</primary></indexterm>
<simplesect>
    <title>Répertoires    </title>
        <itemizedlist>
            <listitem><para>répertoire <link linkend="_dir_8ceffd4ee35c3518d4e8bdc7e638efe8">Users</link></para>
</listitem>
        </itemizedlist>
</simplesect>
</section>
