<?xml version='1.0' encoding='UTF-8' standalone='no'?>
<section xmlns="http://docbook.org/ns/docbook" version="5.0" xmlns:xlink="http://www.w3.org/1999/xlink" xml:id="_dir_8ceffd4ee35c3518d4e8bdc7e638efe8" xml:lang="fr">
<title>Répertoire de référence de C:/Users</title>
<indexterm><primary>Répertoire de référence de C:/Users</primary></indexterm>
<simplesect>
    <title>Répertoires    </title>
        <itemizedlist>
            <listitem><para>répertoire <link linkend="_dir_50122019d10dbdcb1c4fc29f6bb3298a">cozma</link></para>
</listitem>
        </itemizedlist>
</simplesect>
</section>
