<?xml version='1.0' encoding='UTF-8' standalone='no'?>
<section xmlns="http://docbook.org/ns/docbook" version="5.0" xmlns:xlink="http://www.w3.org/1999/xlink" xml:id="_dir_720b3b9d511a7f8b9e8f1501f0074124" xml:lang="fr">
<title>Répertoire de référence de C:/Users/cozma/Downloads/Weathersky-main (1)/Weathersky-main/Meteo6</title>
<indexterm><primary>Répertoire de référence de C:/Users/cozma/Downloads/Weathersky-main (1)/Weathersky-main/Meteo6</primary></indexterm>
<simplesect>
    <title>Répertoires    </title>
        <itemizedlist>
            <listitem><para>répertoire <link linkend="_dir_14ccbc9caf4bd5408aa220dded375205">WeatherSky</link></para>
</listitem>
        </itemizedlist>
</simplesect>
</section>
