<?xml version='1.0' encoding='UTF-8' standalone='no'?>
<section xmlns="http://docbook.org/ns/docbook" version="5.0" xmlns:xlink="http://www.w3.org/1999/xlink" xml:id="_dir_50122019d10dbdcb1c4fc29f6bb3298a" xml:lang="fr">
<title>Répertoire de référence de C:/Users/cozma</title>
<indexterm><primary>Répertoire de référence de C:/Users/cozma</primary></indexterm>
<simplesect>
    <title>Répertoires    </title>
        <itemizedlist>
            <listitem><para>répertoire <link linkend="_dir_c9b5bc30b2a28034b73fd3a8a78148ca">Downloads</link></para>
</listitem>
        </itemizedlist>
</simplesect>
</section>
