<?xml version='1.0' encoding='UTF-8' standalone='no'?>
<section xmlns="http://docbook.org/ns/docbook" version="5.0" xmlns:xlink="http://www.w3.org/1999/xlink" xml:id="_dir_14ccbc9caf4bd5408aa220dded375205" xml:lang="fr">
<title>Répertoire de référence de C:/Users/cozma/Downloads/Weathersky-main (1)/Weathersky-main/Meteo6/WeatherSky</title>
<indexterm><primary>Répertoire de référence de C:/Users/cozma/Downloads/Weathersky-main (1)/Weathersky-main/Meteo6/WeatherSky</primary></indexterm>
<simplesect>
    <title>Répertoires    </title>
        <itemizedlist>
            <listitem><para>répertoire <link linkend="_dir_df6059f3529bca78ac84dbc0f0078dbb">include</link></para>
</listitem>
            <listitem><para>répertoire <link linkend="_dir_98c3ab35eccf09104e6597290b693d60">tools</link></para>
</listitem>
        </itemizedlist>
</simplesect>
<simplesect>
    <title>Fichiers    </title>
        <itemizedlist>
            <listitem><para>fichier <link linkend="_index_8php">index.php</link></para>
</listitem>
            <listitem><para>fichier <link linkend="_map_8php">map.php</link></para>
</listitem>
            <listitem><para>fichier <link linkend="_meteo_8php">meteo.php</link></para>
</listitem>
            <listitem><para>fichier <link linkend="_meteo2_8php">meteo2.php</link></para>
</listitem>
            <listitem><para>fichier <link linkend="_sitemap_8php">sitemap.php</link></para>
</listitem>
            <listitem><para>fichier <link linkend="_stat_8php">stat.php</link></para>
</listitem>
            <listitem><para>fichier <link linkend="_statistique_8php">statistique.php</link></para>
</listitem>
            <listitem><para>fichier <link linkend="_tech_8php">tech.php</link></para>
</listitem>
        </itemizedlist>
</simplesect>
</section>
