<?xml version='1.0' encoding='UTF-8' standalone='no'?>
<section xmlns="http://docbook.org/ns/docbook" version="5.0" xmlns:xlink="http://www.w3.org/1999/xlink" xml:id="_dir_df6059f3529bca78ac84dbc0f0078dbb" xml:lang="fr">
<title>Répertoire de référence de C:/Users/cozma/Downloads/Weathersky-main (1)/Weathersky-main/Meteo6/WeatherSky/include</title>
<indexterm><primary>Répertoire de référence de C:/Users/cozma/Downloads/Weathersky-main (1)/Weathersky-main/Meteo6/WeatherSky/include</primary></indexterm>
<simplesect>
    <title>Fichiers    </title>
        <itemizedlist>
            <listitem><para>fichier <link linkend="_footer_8inc_8php">footer.inc.php</link></para>
</listitem>
            <listitem><para>fichier <link linkend="_functions_8inc_8php">functions.inc.php</link></para>
</listitem>
            <listitem><para>fichier <link linkend="_header_8inc_8php">header.inc.php</link></para>
</listitem>
            <listitem><para>fichier <link linkend="_include_2meteo_8php">meteo.php</link></para>
</listitem>
        </itemizedlist>
</simplesect>
</section>
