<?xml version='1.0' encoding='UTF-8' standalone='no'?>
<section xmlns="http://docbook.org/ns/docbook" version="5.0" xmlns:xlink="http://www.w3.org/1999/xlink" xml:id="_dir_c0acf321fbd8ecc0d0a71d1fb5d6f266" xml:lang="fr">
<title>Répertoire de référence de C:/Users/cozma/Downloads/Weathersky-main (1)</title>
<indexterm><primary>Répertoire de référence de C:/Users/cozma/Downloads/Weathersky-main (1)</primary></indexterm>
<simplesect>
    <title>Répertoires    </title>
        <itemizedlist>
            <listitem><para>répertoire <link linkend="_dir_144369626ed032bc0d9f4fdc9a7262dc">Weathersky-main</link></para>
</listitem>
        </itemizedlist>
</simplesect>
</section>
