<?xml version='1.0' encoding='UTF-8' standalone='no'?>
<section xmlns="http://docbook.org/ns/docbook" version="5.0" xmlns:xlink="http://www.w3.org/1999/xlink" xml:id="_functions_8inc_8php" xml:lang="fr">
<title>Référence du fichier C:/Users/cozma/Downloads/Weathersky-main (1)/Weathersky-main/Meteo6/WeatherSky/include/functions.inc.php</title>
<indexterm><primary>C:/Users/cozma/Downloads/Weathersky-main (1)/Weathersky-main/Meteo6/WeatherSky/include/functions.inc.php</primary></indexterm>
<simplesect>
    <title>Fonctions    </title>
        <itemizedlist>
            <listitem><para><link linkend="_functions_8inc_8php_1abc768c7ebd877feafa39b54e7e4afea5">getTodayDate</link> ()</para>
</listitem>
            <listitem><para><link linkend="_functions_8inc_8php_1ac600e0b8713b377b0c2fbda359fddef5">getAPODImage</link> ()</para>
</listitem>
            <listitem><para><link linkend="_functions_8inc_8php_1a68f36a2f7bd8a155f1ebe8e7e1be3f9f">getUserIP</link> ()</para>
</listitem>
            <listitem><para><link linkend="_functions_8inc_8php_1ab42ade2acca49f23914f2fc5eb2be7af">getVisitorLocationXML</link> ()</para>
</listitem>
            <listitem><para><link linkend="_functions_8inc_8php_1ad9e09d58e7a54f5b7fe1bc103958a4db">getVisitorLocationJSON</link> ()</para>
</listitem>
            <listitem><para><link linkend="_functions_8inc_8php_1aa2618b0a149e599ca73ea51e3d9be82b">getVisitorLocationWIP</link> ()</para>
</listitem>
            <listitem><para><link linkend="_functions_8inc_8php_1aeac99c1fbeddea0408331fd576161c8d">getBestVisitorLocation</link> ()</para>
</listitem>
            <listitem><para><link linkend="_functions_8inc_8php_1a906e10a9d5815649a5e5b99d42ce4cc8">lireCSV</link> ($fichier, $separateur=&quot;,&quot;)</para>
</listitem>
            <listitem><para><link linkend="_functions_8inc_8php_1a626b8b322d807d72924fb108e61c13f1">relierCSV</link> ($villes, $departements, $regions)</para>
</listitem>
            <listitem><para><link linkend="_functions_8inc_8php_1a80b64f17684c840db6c59f880149994e">getRegionFromVille</link> ($nomVille, $villes, $departements, $regions)</para>
</listitem>
            <listitem><para><link linkend="_functions_8inc_8php_1a72345c1d08ed22bfadd7b93ce224bbd3">getPrefectureParDepartement</link> ($codeDept, $villes)</para>
</listitem>
            <listitem><para><link linkend="_functions_8inc_8php_1a2377409245fbd50300677298b19e91e8">afficherMenu</link> ($pageActive)</para>
</listitem>
        </itemizedlist>
</simplesect>
<section>
<title>Documentation des fonctions</title>
<anchor xml:id="_functions_8inc_8php_1a2377409245fbd50300677298b19e91e8"/><section>
    <title>afficherMenu()</title>
<indexterm><primary>afficherMenu</primary><secondary>functions.inc.php</secondary></indexterm>
<indexterm><primary>functions.inc.php</primary><secondary>afficherMenu</secondary></indexterm>
<para><computeroutput>afficherMenu ( $pageActive)</computeroutput></para>
<para>Affiche le menu de navigation en mettant en surbrillance la page active </para>
</section>
<anchor xml:id="_functions_8inc_8php_1ac600e0b8713b377b0c2fbda359fddef5"/><section>
    <title>getAPODImage()</title>
<indexterm><primary>getAPODImage</primary><secondary>functions.inc.php</secondary></indexterm>
<indexterm><primary>functions.inc.php</primary><secondary>getAPODImage</secondary></indexterm>
<para><computeroutput>getAPODImage ( )</computeroutput></para>
<para>Récupère l&apos;image du jour (APOD) via l&apos;API de la NASA Retourne un bloc HTML contenant l&apos;image ou la vidéo </para>
</section>
<anchor xml:id="_functions_8inc_8php_1aeac99c1fbeddea0408331fd576161c8d"/><section>
    <title>getBestVisitorLocation()</title>
<indexterm><primary>getBestVisitorLocation</primary><secondary>functions.inc.php</secondary></indexterm>
<indexterm><primary>functions.inc.php</primary><secondary>getBestVisitorLocation</secondary></indexterm>
<para><computeroutput>getBestVisitorLocation ( )</computeroutput></para>
<para>Détermine la meilleure localisation disponible parmi les 3 méthodes </para>
</section>
<anchor xml:id="_functions_8inc_8php_1a72345c1d08ed22bfadd7b93ce224bbd3"/><section>
    <title>getPrefectureParDepartement()</title>
<indexterm><primary>getPrefectureParDepartement</primary><secondary>functions.inc.php</secondary></indexterm>
<indexterm><primary>functions.inc.php</primary><secondary>getPrefectureParDepartement</secondary></indexterm>
<para><computeroutput>getPrefectureParDepartement ( $codeDept,  $villes)</computeroutput></para>
<para>Retourne les infos de la préfecture d’un département donné </para>
</section>
<anchor xml:id="_functions_8inc_8php_1a80b64f17684c840db6c59f880149994e"/><section>
    <title>getRegionFromVille()</title>
<indexterm><primary>getRegionFromVille</primary><secondary>functions.inc.php</secondary></indexterm>
<indexterm><primary>functions.inc.php</primary><secondary>getRegionFromVille</secondary></indexterm>
<para><computeroutput>getRegionFromVille ( $nomVille,  $villes,  $departements,  $regions)</computeroutput></para>
<para>Récupère le nom de la région à partir d&apos;une ville </para>
</section>
<anchor xml:id="_functions_8inc_8php_1abc768c7ebd877feafa39b54e7e4afea5"/><section>
    <title>getTodayDate()</title>
<indexterm><primary>getTodayDate</primary><secondary>functions.inc.php</secondary></indexterm>
<indexterm><primary>functions.inc.php</primary><secondary>getTodayDate</secondary></indexterm>
<para><computeroutput>getTodayDate ( )</computeroutput></para>
<para>Retourne la date actuelle au format YYYY-MM-DD </para>
</section>
<anchor xml:id="_functions_8inc_8php_1a68f36a2f7bd8a155f1ebe8e7e1be3f9f"/><section>
    <title>getUserIP()</title>
<indexterm><primary>getUserIP</primary><secondary>functions.inc.php</secondary></indexterm>
<indexterm><primary>functions.inc.php</primary><secondary>getUserIP</secondary></indexterm>
<para><computeroutput>getUserIP ( )</computeroutput></para>
<para>Détecte l’adresse IP du visiteur </para>
</section>
<anchor xml:id="_functions_8inc_8php_1ad9e09d58e7a54f5b7fe1bc103958a4db"/><section>
    <title>getVisitorLocationJSON()</title>
<indexterm><primary>getVisitorLocationJSON</primary><secondary>functions.inc.php</secondary></indexterm>
<indexterm><primary>functions.inc.php</primary><secondary>getVisitorLocationJSON</secondary></indexterm>
<para><computeroutput>getVisitorLocationJSON ( )</computeroutput></para>
<para>Récupère la géolocalisation via ipinfo.io (format JSON) </para>
</section>
<anchor xml:id="_functions_8inc_8php_1aa2618b0a149e599ca73ea51e3d9be82b"/><section>
    <title>getVisitorLocationWIP()</title>
<indexterm><primary>getVisitorLocationWIP</primary><secondary>functions.inc.php</secondary></indexterm>
<indexterm><primary>functions.inc.php</primary><secondary>getVisitorLocationWIP</secondary></indexterm>
<para><computeroutput>getVisitorLocationWIP ( )</computeroutput></para>
<para>Récupère la géolocalisation via WhatIsMyIP (WIP, format XML) </para>
</section>
<anchor xml:id="_functions_8inc_8php_1ab42ade2acca49f23914f2fc5eb2be7af"/><section>
    <title>getVisitorLocationXML()</title>
<indexterm><primary>getVisitorLocationXML</primary><secondary>functions.inc.php</secondary></indexterm>
<indexterm><primary>functions.inc.php</primary><secondary>getVisitorLocationXML</secondary></indexterm>
<para><computeroutput>getVisitorLocationXML ( )</computeroutput></para>
<para>Récupère la géolocalisation via geoplugin (format XML) </para>
</section>
<anchor xml:id="_functions_8inc_8php_1a906e10a9d5815649a5e5b99d42ce4cc8"/><section>
    <title>lireCSV()</title>
<indexterm><primary>lireCSV</primary><secondary>functions.inc.php</secondary></indexterm>
<indexterm><primary>functions.inc.php</primary><secondary>lireCSV</secondary></indexterm>
<para><computeroutput>lireCSV ( $fichier,  $separateur = <computeroutput>&quot;,&quot;</computeroutput>
)</computeroutput></para>
<para>Lit un fichier CSV et retourne un tableau associatif </para>
</section>
<anchor xml:id="_functions_8inc_8php_1a626b8b322d807d72924fb108e61c13f1"/><section>
    <title>relierCSV()</title>
<indexterm><primary>relierCSV</primary><secondary>functions.inc.php</secondary></indexterm>
<indexterm><primary>functions.inc.php</primary><secondary>relierCSV</secondary></indexterm>
<para><computeroutput>relierCSV ( $villes,  $departements,  $regions)</computeroutput></para>
<para>Relie les données de villes avec leurs départements et régions respectifs </para>
</section>
</section>
</section>
