<?xml version='1.0' encoding='UTF-8' standalone='no'?>
<section xmlns="http://docbook.org/ns/docbook" version="5.0" xmlns:xlink="http://www.w3.org/1999/xlink" xml:id="_header_8inc_8php" xml:lang="fr">
<title>Référence du fichier C:/Users/cozma/Downloads/Weathersky-main (1)/Weathersky-main/Meteo6/WeatherSky/include/header.inc.php</title>
<indexterm><primary>C:/Users/cozma/Downloads/Weathersky-main (1)/Weathersky-main/Meteo6/WeatherSky/include/header.inc.php</primary></indexterm>
<simplesect>
    <title>Fonctions    </title>
        <itemizedlist>
            <listitem><para><link linkend="_header_8inc_8php_1a2b4b26a72f19e4593eddfb63e3689c46">en_tete</link> (string $title=&quot;WeatherSky&quot;, bool $close_head=true)</para>
</listitem>
            <listitem><para><link linkend="_header_8inc_8php_1a4715a7b52167080e33b6b70496168758">navigation</link> ()</para>
</listitem>
            <listitem><para><link linkend="_header_8inc_8php_1a861d0f459903f1dfd068b1c9e09f0030">getCurrentTheme</link> ()</para>
</listitem>
            <listitem><para><link linkend="_header_8inc_8php_1a1a9c641ae8a39113009425cbccaee5d5">getStyle</link> ()</para>
</listitem>
        </itemizedlist>
</simplesect>
<simplesect>
    <title>Variables    </title>
        <itemizedlist>
            <listitem><para>const <link linkend="_header_8inc_8php_1adc652c9152546e8f179b3b4c9edb6541">DEFAULT_THEME</link> &apos;jour&apos;</para>
</listitem>
        </itemizedlist>
</simplesect>
<section>
<title>Documentation des fonctions</title>
<anchor xml:id="_header_8inc_8php_1a2b4b26a72f19e4593eddfb63e3689c46"/><section>
    <title>en_tete()</title>
<indexterm><primary>en_tete</primary><secondary>header.inc.php</secondary></indexterm>
<indexterm><primary>header.inc.php</primary><secondary>en_tete</secondary></indexterm>
<para><computeroutput>en_tete (string $title = <computeroutput>&quot;WeatherSky&quot;</computeroutput>
, bool $close_head = <computeroutput>true</computeroutput>
)</computeroutput></para>
<para>Génère l&apos;en-tête HTML complet (avec balises &lt;html&gt;, &lt;head&gt;, et &lt;body&gt;). Intègre la feuille de style du thème sélectionné et la navigation principale.</para>

<para>
                <formalpara>
                    <title>
Paramètres</title>
                    <para>
                    <table frame="all">
                        <tgroup cols="3" align="left" colsep="1" rowsep="1">
                        <colspec colwidth="1*"/>
                        <colspec colwidth="1*"/>
                        <colspec colwidth="4*"/>
                        <tbody>
                            <row>
<entry>string</entry><entry>$title</entry><entry>
<para>Titre de la page </para>
</entry>
                            </row>
                            <row>
<entry>bool</entry><entry>$close_head</entry><entry>
<para>Permet de fermer la balise &lt;head&gt; automatiquement (non utilisé ici mais prévu) </para>
</entry>
                            </row>
                        </tbody>
                        </tgroup>
                    </table>
                    </para>
                </formalpara>
                <formalpara><title>Renvoie</title>

<para>string Code HTML de l&apos;en-tête </para>
</formalpara>
</para>
</section>
<anchor xml:id="_header_8inc_8php_1a861d0f459903f1dfd068b1c9e09f0030"/><section>
    <title>getCurrentTheme()</title>
<indexterm><primary>getCurrentTheme</primary><secondary>header.inc.php</secondary></indexterm>
<indexterm><primary>header.inc.php</primary><secondary>getCurrentTheme</secondary></indexterm>
<para><computeroutput>getCurrentTheme ( )</computeroutput></para>
<para>Récupère le thème choisi par l&apos;utilisateur (via paramètre GET ou cookie).</para>

<para><formalpara><title>Renvoie</title>

<para>string &apos;jour&apos; ou &apos;nuit&apos; </para>
</formalpara>
</para>
</section>
<anchor xml:id="_header_8inc_8php_1a1a9c641ae8a39113009425cbccaee5d5"/><section>
    <title>getStyle()</title>
<indexterm><primary>getStyle</primary><secondary>header.inc.php</secondary></indexterm>
<indexterm><primary>header.inc.php</primary><secondary>getStyle</secondary></indexterm>
<para><computeroutput>getStyle ( )</computeroutput></para>
<para>Retourne le chemin de la feuille de style correspondant au thème actuel, et définit un cookie pour conserver le choix pendant 30 jours.</para>

<para><formalpara><title>Renvoie</title>

<para>string Chemin CSS </para>
</formalpara>
</para>
</section>
<anchor xml:id="_header_8inc_8php_1a4715a7b52167080e33b6b70496168758"/><section>
    <title>navigation()</title>
<indexterm><primary>navigation</primary><secondary>header.inc.php</secondary></indexterm>
<indexterm><primary>header.inc.php</primary><secondary>navigation</secondary></indexterm>
<para><computeroutput>navigation ( )</computeroutput></para>
<para>Génère le menu de navigation avec mise en évidence de la page active.</para>

<para><formalpara><title>Renvoie</title>

<para>string Code HTML du menu de navigation </para>
</formalpara>
</para>
</section>
</section>
<section>
<title>Documentation des variables</title>
<anchor xml:id="_header_8inc_8php_1adc652c9152546e8f179b3b4c9edb6541"/><section>
    <title>DEFAULT_THEME</title>
<indexterm><primary>DEFAULT_THEME</primary><secondary>header.inc.php</secondary></indexterm>
<indexterm><primary>header.inc.php</primary><secondary>DEFAULT_THEME</secondary></indexterm>
<para><computeroutput>const DEFAULT_THEME &apos;jour&apos;</computeroutput></para></section>
</section>
</section>
