<?xml version='1.0' encoding='UTF-8' standalone='no'?>
<section xmlns="http://docbook.org/ns/docbook" version="5.0" xmlns:xlink="http://www.w3.org/1999/xlink" xml:id="_include_2meteo_8php" xml:lang="fr">
<title>Référence du fichier C:/Users/cozma/Downloads/Weathersky-main (1)/Weathersky-main/Meteo6/WeatherSky/include/meteo.php</title>
<indexterm><primary>C:/Users/cozma/Downloads/Weathersky-main (1)/Weathersky-main/Meteo6/WeatherSky/include/meteo.php</primary></indexterm>
<simplesect>
    <title>Fonctions    </title>
        <itemizedlist>
            <listitem><para><link linkend="_include_2meteo_8php_1ad669fbddb3fc84c0d6a581eac7aa2786">getMeteoData</link> (float $lat, float $lon)</para>
</listitem>
            <listitem><para><link linkend="_include_2meteo_8php_1a0caee192590ffb79d29929791688bc05">getWeatherIcon</link> (int $code)</para>
</listitem>
        </itemizedlist>
</simplesect>
<section>
<title>Documentation des fonctions</title>
<anchor xml:id="_include_2meteo_8php_1ad669fbddb3fc84c0d6a581eac7aa2786"/><section>
    <title>getMeteoData()</title>
<indexterm><primary>getMeteoData</primary><secondary>meteo.php</secondary></indexterm>
<indexterm><primary>meteo.php</primary><secondary>getMeteoData</secondary></indexterm>
<para><computeroutput>getMeteoData (float $lat, float $lon)</computeroutput></para>
<para>Récupère les prévisions météo sur 5 jours avec toutes les informations utiles depuis Open-Meteo pour une latitude et une longitude données.</para>

<para>
                <formalpara>
                    <title>
Paramètres</title>
                    <para>
                    <table frame="all">
                        <tgroup cols="3" align="left" colsep="1" rowsep="1">
                        <colspec colwidth="1*"/>
                        <colspec colwidth="1*"/>
                        <colspec colwidth="4*"/>
                        <tbody>
                            <row>
<entry>float</entry><entry>$lat</entry><entry>
<para>Latitude de la ville </para>
</entry>
                            </row>
                            <row>
<entry>float</entry><entry>$lon</entry><entry>
<para>Longitude de la ville </para>
</entry>
                            </row>
                        </tbody>
                        </tgroup>
                    </table>
                    </para>
                </formalpara>
                <formalpara><title>Renvoie</title>

<para>array Données météo décodées (tableau associatif) </para>
</formalpara>
</para>
</section>
<anchor xml:id="_include_2meteo_8php_1a0caee192590ffb79d29929791688bc05"/><section>
    <title>getWeatherIcon()</title>
<indexterm><primary>getWeatherIcon</primary><secondary>meteo.php</secondary></indexterm>
<indexterm><primary>meteo.php</primary><secondary>getWeatherIcon</secondary></indexterm>
<para><computeroutput>getWeatherIcon (int $code)</computeroutput></para>
<para>Retourne le nom du fichier icône correspondant au code météo Open-Meteo</para>

<para>
                <formalpara>
                    <title>
Paramètres</title>
                    <para>
                    <table frame="all">
                        <tgroup cols="3" align="left" colsep="1" rowsep="1">
                        <colspec colwidth="1*"/>
                        <colspec colwidth="1*"/>
                        <colspec colwidth="4*"/>
                        <tbody>
                            <row>
<entry>int</entry><entry>$code</entry><entry>
<para>Code météo (weathercode) </para>
</entry>
                            </row>
                        </tbody>
                        </tgroup>
                    </table>
                    </para>
                </formalpara>
                <formalpara><title>Renvoie</title>

<para>string Chemin vers l’image </para>
</formalpara>
</para>
</section>
</section>
</section>
