<?xml version='1.0' encoding='UTF-8' standalone='no'?>
<section xmlns="http://docbook.org/ns/docbook" version="5.0" xmlns:xlink="http://www.w3.org/1999/xlink" xml:id="_index_8php" xml:lang="fr">
<title>Référence du fichier C:/Users/cozma/Downloads/Weathersky-main (1)/Weathersky-main/Meteo6/WeatherSky/index.php</title>
<indexterm><primary>C:/Users/cozma/Downloads/Weathersky-main (1)/Weathersky-main/Meteo6/WeatherSky/index.php</primary></indexterm>
<simplesect>
    <title>Variables    </title>
        <itemizedlist>
            <listitem><para><link linkend="_index_8php_1a9a08c84edd46f257c94cdf8d443cc77d">$ip</link> = $_SERVER[&apos;REMOTE_ADDR&apos;]</para>
</listitem>
            <listitem><para><link linkend="_index_8php_1a6efc15b5a2314dd4b5aaa556a375c6d6">$data</link> = @json_decode(file_get_contents(&quot;http://ip-api.com/json/$ip&quot;), true)</para>
</listitem>
            <listitem><para><link linkend="_index_8php_1acc3746cfaca53a8d6942c6252b17d14f">$ville</link> = $data[&apos;city&apos;] ?? &apos;Inconnue&apos;</para>
</listitem>
            <listitem><para><link linkend="_index_8php_1af42f579a985cbbdef231a0d0232ca727">$pays</link> = $data[&apos;country&apos;] ?? &apos;Inconnu&apos;</para>
</listitem>
            <listitem><para><link linkend="_index_8php_1aa1bfbd27060176201b271918dff57e8f">$file</link> = &apos;visites.json&apos;</para>
</listitem>
            <listitem><para><link linkend="_index_8php_1a105a33adbe4d32a77787049d18c72870">$visites</link> = file_exists($file) ? json_decode(file_get_contents($file), true) : []</para>
</listitem>
            <listitem><para><link linkend="_index_8php_1ad1f4d7653f28aec8c362f6378711854f">$visites</link> []</para>
</listitem>
            <listitem><para><link linkend="_index_8php_1a0a4a9ea17f3dea7d32f111630540eb0e">if</link> (!file_exists(&quot;include/header.inc.php&quot;))</para>
</listitem>
            <listitem><para><link linkend="_index_8php_1a873c73a0de31a255f26ba5835afd83bf">$photosDir</link> = &apos;photo/&apos;</para>
</listitem>
            <listitem><para><link linkend="_index_8php_1ab0c7013419fc5ee6238d17eff2554afe">$images</link> = []</para>
</listitem>
            <listitem><para><link linkend="_index_8php_1a0a4a9ea17f3dea7d32f111630540eb0e">if</link>(is_dir($photosDir)) <link linkend="_index_8php_1a9f3249869500095c2ddf4c4b05b00b58">$randomImage</link> = !empty($images) ? $images[array_rand($images)] : null</para>
</listitem>
            <listitem><para><link linkend="_index_8php_1a0a4a9ea17f3dea7d32f111630540eb0e">if</link>(file_exists(&quot;logo/logo.png&quot;)) <link linkend="_index_8php_1a0a4a9ea17f3dea7d32f111630540eb0e">if</link>(empty($images))($images as $image) <link linkend="_index_8php_1a8c03dc982b20dd551a4b6ea48c78b1be">endif</link> = <link linkend="_header_8inc_8php_1a861d0f459903f1dfd068b1c9e09f0030">getCurrentTheme</link>() === &apos;nuit&apos; ? &apos;checked&apos; : &apos;&apos;</para>
</listitem>
        </itemizedlist>
</simplesect>
<section>
<title>Documentation des variables</title>
<anchor xml:id="_index_8php_1a6efc15b5a2314dd4b5aaa556a375c6d6"/><section>
    <title>$data</title>
<indexterm><primary>$data</primary><secondary>index.php</secondary></indexterm>
<indexterm><primary>index.php</primary><secondary>$data</secondary></indexterm>
<para><computeroutput>$data = @json_decode(file_get_contents(&quot;http://ip-api.com/json/$ip&quot;), true)</computeroutput></para></section>
<anchor xml:id="_index_8php_1aa1bfbd27060176201b271918dff57e8f"/><section>
    <title>$file</title>
<indexterm><primary>$file</primary><secondary>index.php</secondary></indexterm>
<indexterm><primary>index.php</primary><secondary>$file</secondary></indexterm>
<para><computeroutput>$file = &apos;visites.json&apos;</computeroutput></para></section>
<anchor xml:id="_index_8php_1ab0c7013419fc5ee6238d17eff2554afe"/><section>
    <title>$images</title>
<indexterm><primary>$images</primary><secondary>index.php</secondary></indexterm>
<indexterm><primary>index.php</primary><secondary>$images</secondary></indexterm>
<para><computeroutput>$images = []</computeroutput></para></section>
<anchor xml:id="_index_8php_1a9a08c84edd46f257c94cdf8d443cc77d"/><section>
    <title>$ip</title>
<indexterm><primary>$ip</primary><secondary>index.php</secondary></indexterm>
<indexterm><primary>index.php</primary><secondary>$ip</secondary></indexterm>
<para><computeroutput>$ip = $_SERVER[&apos;REMOTE_ADDR&apos;]</computeroutput></para></section>
<anchor xml:id="_index_8php_1af42f579a985cbbdef231a0d0232ca727"/><section>
    <title>$pays</title>
<indexterm><primary>$pays</primary><secondary>index.php</secondary></indexterm>
<indexterm><primary>index.php</primary><secondary>$pays</secondary></indexterm>
<para><computeroutput>$pays = $data[&apos;country&apos;] ?? &apos;Inconnu&apos;</computeroutput></para></section>
<anchor xml:id="_index_8php_1a873c73a0de31a255f26ba5835afd83bf"/><section>
    <title>$photosDir</title>
<indexterm><primary>$photosDir</primary><secondary>index.php</secondary></indexterm>
<indexterm><primary>index.php</primary><secondary>$photosDir</secondary></indexterm>
<para><computeroutput>$photosDir = &apos;photo/&apos;</computeroutput></para></section>
<anchor xml:id="_index_8php_1a9f3249869500095c2ddf4c4b05b00b58"/><section>
    <title>$randomImage</title>
<indexterm><primary>$randomImage</primary><secondary>index.php</secondary></indexterm>
<indexterm><primary>index.php</primary><secondary>$randomImage</secondary></indexterm>
<para><computeroutput><link linkend="_index_8php_1a0a4a9ea17f3dea7d32f111630540eb0e">if</link> (is_dir( $photosDir)) $randomImage = !empty($images) ? $images[array_rand($images)] : null</computeroutput></para></section>
<anchor xml:id="_index_8php_1acc3746cfaca53a8d6942c6252b17d14f"/><section>
    <title>$ville</title>
<indexterm><primary>$ville</primary><secondary>index.php</secondary></indexterm>
<indexterm><primary>index.php</primary><secondary>$ville</secondary></indexterm>
<para><computeroutput>$ville = $data[&apos;city&apos;] ?? &apos;Inconnue&apos;</computeroutput></para></section>
<anchor xml:id="_index_8php_1a105a33adbe4d32a77787049d18c72870"/><section>
    <title>$visites<computeroutput>[1/2]</computeroutput></title>
<indexterm><primary>$visites</primary><secondary>index.php</secondary></indexterm>
<indexterm><primary>index.php</primary><secondary>$visites</secondary></indexterm>
<para><computeroutput>$visites = file_exists($file) ? json_decode(file_get_contents($file), true) : []</computeroutput></para></section>
<anchor xml:id="_index_8php_1ad1f4d7653f28aec8c362f6378711854f"/><section>
    <title>$visites<computeroutput>[2/2]</computeroutput></title>
<indexterm><primary>$visites</primary><secondary>index.php</secondary></indexterm>
<indexterm><primary>index.php</primary><secondary>$visites</secondary></indexterm>
<para><computeroutput>$visites[]</computeroutput></para><emphasis role="strong">Valeur initiale :</emphasis><programlisting linenumbering="unnumbered">=&#32;[
&#32;&#32;&#32;&#32;<emphasis role="stringliteral">&apos;ip&apos;</emphasis>&#32;=&gt;&#32;<link linkend="_index_8php_1a9a08c84edd46f257c94cdf8d443cc77d">$ip</link>,
&#32;&#32;&#32;&#32;<emphasis role="stringliteral">&apos;ville&apos;</emphasis>&#32;=&gt;&#32;<link linkend="_index_8php_1acc3746cfaca53a8d6942c6252b17d14f">$ville</link>,
&#32;&#32;&#32;&#32;<emphasis role="stringliteral">&apos;pays&apos;</emphasis>&#32;=&gt;&#32;<link linkend="_index_8php_1af42f579a985cbbdef231a0d0232ca727">$pays</link>,
&#32;&#32;&#32;&#32;<emphasis role="stringliteral">&apos;date&apos;</emphasis>&#32;=&gt;&#32;date(<emphasis role="stringliteral">&apos;Y-m-d&#32;H:i:s&apos;</emphasis>)
]
</programlisting></section>
<anchor xml:id="_index_8php_1a8c03dc982b20dd551a4b6ea48c78b1be"/><section>
    <title>endif</title>
<indexterm><primary>endif</primary><secondary>index.php</secondary></indexterm>
<indexterm><primary>index.php</primary><secondary>endif</secondary></indexterm>
<para><computeroutput><link linkend="_index_8php_1a0a4a9ea17f3dea7d32f111630540eb0e">if</link>(file_exists(&quot;logo/logo.png&quot;)) <link linkend="_index_8php_1a0a4a9ea17f3dea7d32f111630540eb0e">if</link> (empty( $images)) ( $images as $image) endif = <link linkend="_header_8inc_8php_1a861d0f459903f1dfd068b1c9e09f0030">getCurrentTheme</link>() === &apos;nuit&apos; ? &apos;checked&apos; : &apos;&apos;</computeroutput></para></section>
<anchor xml:id="_index_8php_1a0a4a9ea17f3dea7d32f111630540eb0e"/><section>
    <title>if</title>
<indexterm><primary>if</primary><secondary>index.php</secondary></indexterm>
<indexterm><primary>index.php</primary><secondary>if</secondary></indexterm>
<para><computeroutput>if(!file_exists(&quot;include/header.inc.php&quot;)) (! file_exists&quot;include/header.inc.php&quot;)</computeroutput></para></section>
</section>
</section>
