<?xml version='1.0' encoding='UTF-8' standalone='no'?>
<book xmlns="http://docbook.org/ns/docbook" version="5.0" xmlns:xlink="http://www.w3.org/1999/xlink" xml:id="_index" xml:lang="fr">
    <info>
    <title>My Project</title>
    </info>
<chapter>
    <title>Documentation des espaces de nommage</title>
<xi:include href="namespace_weather_sky.xml" xmlns:xi="http://www.w3.org/2001/XInclude"/>
</chapter>
<chapter>
    <title>Documentation des fichiers</title>
    <xi:include href="footer_8inc_8php.xml" xmlns:xi="http://www.w3.org/2001/XInclude"/>
    <xi:include href="functions_8inc_8php.xml" xmlns:xi="http://www.w3.org/2001/XInclude"/>
    <xi:include href="header_8inc_8php.xml" xmlns:xi="http://www.w3.org/2001/XInclude"/>
    <xi:include href="include_2meteo_8php.xml" xmlns:xi="http://www.w3.org/2001/XInclude"/>
    <xi:include href="meteo_8php.xml" xmlns:xi="http://www.w3.org/2001/XInclude"/>
    <xi:include href="index_8php.xml" xmlns:xi="http://www.w3.org/2001/XInclude"/>
    <xi:include href="map_8php.xml" xmlns:xi="http://www.w3.org/2001/XInclude"/>
    <xi:include href="meteo2_8php.xml" xmlns:xi="http://www.w3.org/2001/XInclude"/>
    <xi:include href="sitemap_8php.xml" xmlns:xi="http://www.w3.org/2001/XInclude"/>
    <xi:include href="stat_8php.xml" xmlns:xi="http://www.w3.org/2001/XInclude"/>
    <xi:include href="statistique_8php.xml" xmlns:xi="http://www.w3.org/2001/XInclude"/>
    <xi:include href="tech_8php.xml" xmlns:xi="http://www.w3.org/2001/XInclude"/>
    <xi:include href="convert__csv__to__json_8php.xml" xmlns:xi="http://www.w3.org/2001/XInclude"/>
</chapter>
<index/>
</book>
