<?xml version='1.0' encoding='UTF-8' standalone='no'?>
<section xmlns="http://docbook.org/ns/docbook" version="5.0" xmlns:xlink="http://www.w3.org/1999/xlink" xml:id="_map_8php" xml:lang="fr">
<title>Référence du fichier C:/Users/cozma/Downloads/Weathersky-main (1)/Weathersky-main/Meteo6/WeatherSky/map.php</title>
<indexterm><primary>C:/Users/cozma/Downloads/Weathersky-main (1)/Weathersky-main/Meteo6/WeatherSky/map.php</primary></indexterm>
<simplesect>
    <title>Variables    </title>
        <itemizedlist>
            <listitem><para><link linkend="_map_8php_1afdefc0303846ad7cedbfd9acb7184a7a">$villes</link> = <link linkend="_functions_8inc_8php_1a906e10a9d5815649a5e5b99d42ce4cc8">lireCSV</link>(&quot;villes.csv&quot;)</para>
</listitem>
            <listitem><para><link linkend="_map_8php_1adad9b2799c69f4c9deb75ea73c6b12c8">$departements</link> = <link linkend="_functions_8inc_8php_1a906e10a9d5815649a5e5b99d42ce4cc8">lireCSV</link>(&quot;departement.csv&quot;)</para>
</listitem>
            <listitem><para><link linkend="_map_8php_1a270fcd32e1040253108d7d58d43c6dcf">$regions</link> = <link linkend="_functions_8inc_8php_1a906e10a9d5815649a5e5b99d42ce4cc8">lireCSV</link>(&quot;regions.csv&quot;)</para>
</listitem>
            <listitem><para><link linkend="_map_8php_1acc3746cfaca53a8d6942c6252b17d14f">$ville</link> = null</para>
</listitem>
            <listitem><para><link linkend="_map_8php_1af498b42b83afed4dfe0af05fd802776c">$lat</link> = null</para>
</listitem>
            <listitem><para><link linkend="_map_8php_1a03836509761c0935d0c55370b184ccd6">$lon</link> = null</para>
</listitem>
            <listitem><para><link linkend="_index_8php_1a0a4a9ea17f3dea7d32f111630540eb0e">if</link>(isset( $_GET[ &apos;ville&apos;])) <link linkend="_index_8php_1a0a4a9ea17f3dea7d32f111630540eb0e">if</link>(isset($_GET[&apos;dep_code&apos;])) elseif(isset( $_GET[ &apos;ville&apos;], $_GET[ &apos;lat&apos;], $_GET[ &apos;lon&apos;])) elseif(isset($_COOKIE[&apos;derniere_ville&apos;], $_COOKIE[&apos;derniere_lat&apos;], $_COOKIE[&apos;derniere_lon&apos;])) <link linkend="_map_8php_1a460a5a14b74dba77bd113685316a915c">else</link></para>
</listitem>
            <listitem><para><link linkend="_map_8php_1a8e0b4669db3780ee9a03b34083febc7a">$region</link> = ($ville) ? <link linkend="_functions_8inc_8php_1a80b64f17684c840db6c59f880149994e">getRegionFromVille</link>($ville, $villes, $departements, $regions) : &quot;Région inconnue&quot;</para>
</listitem>
            <listitem><para><link linkend="_map_8php_1aaa54254dfaa7723b609ce4ea91656c35">$style_css</link> = <link linkend="_header_8inc_8php_1a1a9c641ae8a39113009425cbccaee5d5">getStyle</link>()</para>
</listitem>
        </itemizedlist>
</simplesect>
<section>
<title>Documentation des variables</title>
<anchor xml:id="_map_8php_1adad9b2799c69f4c9deb75ea73c6b12c8"/><section>
    <title>$departements</title>
<indexterm><primary>$departements</primary><secondary>map.php</secondary></indexterm>
<indexterm><primary>map.php</primary><secondary>$departements</secondary></indexterm>
<para><computeroutput>$departements = <link linkend="_functions_8inc_8php_1a906e10a9d5815649a5e5b99d42ce4cc8">lireCSV</link>(&quot;departement.csv&quot;)</computeroutput></para></section>
<anchor xml:id="_map_8php_1af498b42b83afed4dfe0af05fd802776c"/><section>
    <title>$lat</title>
<indexterm><primary>$lat</primary><secondary>map.php</secondary></indexterm>
<indexterm><primary>map.php</primary><secondary>$lat</secondary></indexterm>
<para><computeroutput>$lat = null</computeroutput></para></section>
<anchor xml:id="_map_8php_1a03836509761c0935d0c55370b184ccd6"/><section>
    <title>$lon</title>
<indexterm><primary>$lon</primary><secondary>map.php</secondary></indexterm>
<indexterm><primary>map.php</primary><secondary>$lon</secondary></indexterm>
<para><computeroutput>$lon = null</computeroutput></para></section>
<anchor xml:id="_map_8php_1a8e0b4669db3780ee9a03b34083febc7a"/><section>
    <title>$region</title>
<indexterm><primary>$region</primary><secondary>map.php</secondary></indexterm>
<indexterm><primary>map.php</primary><secondary>$region</secondary></indexterm>
<para><computeroutput>$region = ($ville) ? <link linkend="_functions_8inc_8php_1a80b64f17684c840db6c59f880149994e">getRegionFromVille</link>($ville, $villes, $departements, $regions) : &quot;Région inconnue&quot;</computeroutput></para></section>
<anchor xml:id="_map_8php_1a270fcd32e1040253108d7d58d43c6dcf"/><section>
    <title>$regions</title>
<indexterm><primary>$regions</primary><secondary>map.php</secondary></indexterm>
<indexterm><primary>map.php</primary><secondary>$regions</secondary></indexterm>
<para><computeroutput>$regions = <link linkend="_functions_8inc_8php_1a906e10a9d5815649a5e5b99d42ce4cc8">lireCSV</link>(&quot;regions.csv&quot;)</computeroutput></para></section>
<anchor xml:id="_map_8php_1aaa54254dfaa7723b609ce4ea91656c35"/><section>
    <title>$style_css</title>
<indexterm><primary>$style_css</primary><secondary>map.php</secondary></indexterm>
<indexterm><primary>map.php</primary><secondary>$style_css</secondary></indexterm>
<para><computeroutput>$style_css = <link linkend="_header_8inc_8php_1a1a9c641ae8a39113009425cbccaee5d5">getStyle</link>()</computeroutput></para></section>
<anchor xml:id="_map_8php_1acc3746cfaca53a8d6942c6252b17d14f"/><section>
    <title>$ville</title>
<indexterm><primary>$ville</primary><secondary>map.php</secondary></indexterm>
<indexterm><primary>map.php</primary><secondary>$ville</secondary></indexterm>
<para><computeroutput>$ville = null</computeroutput></para></section>
<anchor xml:id="_map_8php_1afdefc0303846ad7cedbfd9acb7184a7a"/><section>
    <title>$villes</title>
<indexterm><primary>$villes</primary><secondary>map.php</secondary></indexterm>
<indexterm><primary>map.php</primary><secondary>$villes</secondary></indexterm>
<para><computeroutput>$villes = <link linkend="_functions_8inc_8php_1a906e10a9d5815649a5e5b99d42ce4cc8">lireCSV</link>(&quot;villes.csv&quot;)</computeroutput></para>
<para><link linkend="_map_8php">map.php</link> — Page principale d&apos;affichage météo</para>

<para>Cette page gère :<itemizedlist>
<listitem>
<para>L&apos;affichage météo selon une ville choisie ou une préfecture de département</para>
</listitem><listitem>
<para>L&apos;enregistrement de statistiques de recherche de villes</para>
</listitem><listitem>
<para>La sauvegarde des choix utilisateurs via cookies</para>
</listitem><listitem>
<para>La détection automatique de localisation via IP si aucune donnée n’est fournie</para>
</listitem><listitem>
<para>L’affichage des formulaires de recherche par ville ou département</para>
</listitem><listitem>
<para>L’intégration de la carte interactive Leaflet</para>
</listitem></itemizedlist>
</para>

<para>@uses <link linkend="_header_8inc_8php">include/header.inc.php</link> En-tête HTML personnalisé avec fonctions @uses <link linkend="_functions_8inc_8php">include/functions.inc.php</link> Fonctions utilitaires (CSV, thème, etc.) @uses <link linkend="_include_2meteo_8php">include/meteo.php</link> Fonctions liées aux données météo</para>

<para>@uses lireCSV(string $fichier) Lit un fichier CSV @uses relierCSV(array $villes, $deps, $regions) Associe les villes à leur département et région @uses getPrefectureParDepartement(string, array) Trouve la préfecture d’un département @uses getRegionFromVille(string, array, array, array) Retourne la région d’une ville @uses <link linkend="_header_8inc_8php_1a1a9c641ae8a39113009425cbccaee5d5">getStyle()</link> Détermine la feuille de style active @uses <link linkend="_functions_8inc_8php_1aeac99c1fbeddea0408331fd576161c8d">getBestVisitorLocation()</link> Détection IP via API (ip-api)</para>

<para>@globals $_GET[&apos;ville&apos;], $_GET[&apos;lat&apos;], $_GET[&apos;lon&apos;] Coordonnées météo @globals $_GET[&apos;dep_code&apos;] Code du département sélectionné @globals $_COOKIE Pour récupérer la dernière recherche</para>

<para>@files stats_villes.json Enregistre les statistiques de recherche @files villes.csv Liste des villes @files departement.csv Liste des départements @files regions.csv Liste des régions @files js/script.js Script principal JS gérant carte, recherches et météo</para>

<para><formalpara><title>Auteur</title>

<para>Cozma Miroslav </para>
</formalpara>
<formalpara><title>Version</title>

<para>1.0 </para>
</formalpara>
</para>
</section>
<anchor xml:id="_map_8php_1a460a5a14b74dba77bd113685316a915c"/><section>
    <title>else</title>
<indexterm><primary>else</primary><secondary>map.php</secondary></indexterm>
<indexterm><primary>map.php</primary><secondary>else</secondary></indexterm>
<para><computeroutput><link linkend="_index_8php_1a0a4a9ea17f3dea7d32f111630540eb0e">if</link>(isset($_GET[&apos;ville&apos;])) <link linkend="_index_8php_1a0a4a9ea17f3dea7d32f111630540eb0e">if</link>(isset( $_GET[ &apos;dep_code&apos;])) elseif(isset($_GET[&apos;ville&apos;], $_GET[&apos;lat&apos;], $_GET[&apos;lon&apos;])) elseif (isset( $_COOKIE[ &apos;derniere_ville&apos;], $_COOKIE[ &apos;derniere_lat&apos;], $_COOKIE[ &apos;derniere_lon&apos;])) else</computeroutput></para><emphasis role="strong">Valeur initiale :</emphasis><programlisting linenumbering="unnumbered">{
&#32;&#32;&#32;&#32;$location&#32;=&#32;<link linkend="_functions_8inc_8php_1aeac99c1fbeddea0408331fd576161c8d">getBestVisitorLocation</link>()
</programlisting></section>
</section>
</section>
