<?xml version='1.0' encoding='UTF-8' standalone='no'?>
<section xmlns="http://docbook.org/ns/docbook" version="5.0" xmlns:xlink="http://www.w3.org/1999/xlink" xml:id="_meteo2_8php" xml:lang="fr">
<title>Référence du fichier C:/Users/cozma/Downloads/Weathersky-main (1)/Weathersky-main/Meteo6/WeatherSky/meteo2.php</title>
<indexterm><primary>C:/Users/cozma/Downloads/Weathersky-main (1)/Weathersky-main/Meteo6/WeatherSky/meteo2.php</primary></indexterm>
<simplesect>
    <title>Espaces de nommage    </title>
        <itemizedlist>
            <listitem><para>namespace <link linkend="_namespace_weather_sky">WeatherSky</link></para>
</listitem>
        </itemizedlist>
</simplesect>
<simplesect>
    <title>Variables    </title>
        <itemizedlist>
            <listitem><para><link linkend="_meteo2_8php_1afdefc0303846ad7cedbfd9acb7184a7a">$villes</link> = <link linkend="_functions_8inc_8php_1a906e10a9d5815649a5e5b99d42ce4cc8">lireCSV</link>(&quot;villes.csv&quot;)</para>
</listitem>
            <listitem><para><link linkend="_meteo2_8php_1adad9b2799c69f4c9deb75ea73c6b12c8">$departements</link> = <link linkend="_functions_8inc_8php_1a906e10a9d5815649a5e5b99d42ce4cc8">lireCSV</link>(&quot;departement.csv&quot;)</para>
</listitem>
            <listitem><para><link linkend="_meteo2_8php_1a270fcd32e1040253108d7d58d43c6dcf">$regions</link> = <link linkend="_functions_8inc_8php_1a906e10a9d5815649a5e5b99d42ce4cc8">lireCSV</link>(&quot;regions.csv&quot;)</para>
</listitem>
            <listitem><para><link linkend="_meteo2_8php_1acc3746cfaca53a8d6942c6252b17d14f">$ville</link> = $_GET[&apos;ville&apos;] ?? ($_COOKIE[&apos;derniere_ville&apos;] ?? null)</para>
</listitem>
            <listitem><para><link linkend="_meteo2_8php_1af498b42b83afed4dfe0af05fd802776c">$lat</link> = $_GET[&apos;lat&apos;] ?? ($_COOKIE[&apos;derniere_lat&apos;] ?? null)</para>
</listitem>
            <listitem><para><link linkend="_meteo2_8php_1a03836509761c0935d0c55370b184ccd6">$lon</link> = $_GET[&apos;lon&apos;] ?? ($_COOKIE[&apos;derniere_lon&apos;] ?? null)</para>
</listitem>
            <listitem><para><link linkend="_meteo2_8php_1a8e0b4669db3780ee9a03b34083febc7a">$region</link> = $ville ? <link linkend="_functions_8inc_8php_1a80b64f17684c840db6c59f880149994e">getRegionFromVille</link>($ville, $villes, $departements, $regions) : &quot;Région inconnue&quot;</para>
</listitem>
            <listitem><para><link linkend="_meteo2_8php_1aaa54254dfaa7723b609ce4ea91656c35">$style_css</link> = <link linkend="_header_8inc_8php_1a1a9c641ae8a39113009425cbccaee5d5">getStyle</link>()</para>
</listitem>
            <listitem><para><link linkend="_index_8php_1a0a4a9ea17f3dea7d32f111630540eb0e">if</link>( $ville)( $ville) ?&gt;&lt;/span &gt;&lt; span class <link linkend="_meteo2_8php_1ae7e61ebdd41a462b560817bf2f2520da">endif</link></para>
</listitem>
            <listitem><para><link linkend="_meteo2_8php_1a05abc005f5307a3e17a8dd9ede5adec9">$jours</link> = $data[&apos;daily&apos;][&apos;time&apos;]</para>
</listitem>
            <listitem><para><link linkend="_meteo2_8php_1a51f4f647011ea0ee9d3833e6d4140d0b">$tmin</link> = $data[&apos;daily&apos;][&apos;temperature_2m_min&apos;]</para>
</listitem>
            <listitem><para><link linkend="_meteo2_8php_1af24f5a79cb9e0460d0274fe53d992356">$tmax</link> = $data[&apos;daily&apos;][&apos;temperature_2m_max&apos;]</para>
</listitem>
            <listitem><para><link linkend="_meteo2_8php_1aff5fb03d3def00e15b03f491ee9d2399">$ressMin</link> = $data[&apos;daily&apos;][&apos;apparent_temperature_min&apos;]</para>
</listitem>
            <listitem><para><link linkend="_meteo2_8php_1ac43c0e250fe6dcd96ed69c2cd9167660">$ressMax</link> = $data[&apos;daily&apos;][&apos;apparent_temperature_max&apos;]</para>
</listitem>
            <listitem><para><link linkend="_meteo2_8php_1a21c8ceaf522c6452f2ff4d34cb5b0c48">$pluie</link> = $data[&apos;daily&apos;][&apos;precipitation_sum&apos;]</para>
</listitem>
            <listitem><para><link linkend="_meteo2_8php_1a090870efc7a3474eb636a0bcdf2fbead">$neige</link> = $data[&apos;daily&apos;][&apos;snowfall_sum&apos;]</para>
</listitem>
            <listitem><para><link linkend="_meteo2_8php_1afe1576bff51783ecf7f91a7f03647c34">$pluieH</link> = $data[&apos;daily&apos;][&apos;precipitation_hours&apos;]</para>
</listitem>
            <listitem><para><link linkend="_meteo2_8php_1ad6b6a0540d5441fc64332c79f43069c1">$vent</link> = $data[&apos;daily&apos;][&apos;windspeed_10m_max&apos;]</para>
</listitem>
            <listitem><para><link linkend="_meteo2_8php_1a28069b3f40c8a295960662376dbe668c">$dirVent</link> = $data[&apos;daily&apos;][&apos;winddirection_10m_dominant&apos;]</para>
</listitem>
            <listitem><para><link linkend="_meteo2_8php_1aa14277438c2c2290064e04d3d6dfd8c2">$sunrise</link> = $data[&apos;daily&apos;][&apos;sunrise&apos;]</para>
</listitem>
            <listitem><para><link linkend="_meteo2_8php_1ac3e15e8bd53a470b59cc400b317bf4df">$sunset</link> = $data[&apos;daily&apos;][&apos;sunset&apos;]</para>
</listitem>
            <listitem><para><link linkend="_meteo2_8php_1a6002e8c8e44c609c5087ce9b1c5867de">$uv</link> = $data[&apos;daily&apos;][&apos;uv_index_max&apos;]</para>
</listitem>
            <listitem><para><link linkend="_meteo2_8php_1a9c00775819d0afa88b08835054ef9eb4">$codes</link> = $data[&apos;daily&apos;][&apos;weathercode&apos;]</para>
</listitem>
            <listitem><para><link linkend="_meteo2_8php_1ae316b0935e2be607945825b6b8a2a263">$icons</link></para>
</listitem>
            <listitem><para>for( $i=0;$i&lt; 5;$i++)(&quot;D d M&quot;, strtotime( $jours[ $i])) ?&gt;&lt;/h2 &gt;&lt; div class <link linkend="_meteo2_8php_1a5cf342132ee58549e81c7a2caea708c0">endfor</link> = $uv[$i]</para>
</listitem>
            <listitem><para><link linkend="_map_8php_1a460a5a14b74dba77bd113685316a915c">else</link> <link linkend="_meteo2_8php_1a8e01dcc96c43199448ee66f7c2ae8ea6">__pad0__</link></para>
</listitem>
        </itemizedlist>
</simplesect>
<section>
<title>Documentation des variables</title>
<anchor xml:id="_meteo2_8php_1a9c00775819d0afa88b08835054ef9eb4"/><section>
    <title>$codes</title>
<indexterm><primary>$codes</primary><secondary>meteo2.php</secondary></indexterm>
<indexterm><primary>meteo2.php</primary><secondary>$codes</secondary></indexterm>
<para><computeroutput>$codes = $data[&apos;daily&apos;][&apos;weathercode&apos;]</computeroutput></para></section>
<anchor xml:id="_meteo2_8php_1adad9b2799c69f4c9deb75ea73c6b12c8"/><section>
    <title>$departements</title>
<indexterm><primary>$departements</primary><secondary>meteo2.php</secondary></indexterm>
<indexterm><primary>meteo2.php</primary><secondary>$departements</secondary></indexterm>
<para><computeroutput>$departements = <link linkend="_functions_8inc_8php_1a906e10a9d5815649a5e5b99d42ce4cc8">lireCSV</link>(&quot;departement.csv&quot;)</computeroutput></para></section>
<anchor xml:id="_meteo2_8php_1a28069b3f40c8a295960662376dbe668c"/><section>
    <title>$dirVent</title>
<indexterm><primary>$dirVent</primary><secondary>meteo2.php</secondary></indexterm>
<indexterm><primary>meteo2.php</primary><secondary>$dirVent</secondary></indexterm>
<para><computeroutput>$dirVent = $data[&apos;daily&apos;][&apos;winddirection_10m_dominant&apos;]</computeroutput></para></section>
<anchor xml:id="_meteo2_8php_1ae316b0935e2be607945825b6b8a2a263"/><section>
    <title>$icons</title>
<indexterm><primary>$icons</primary><secondary>meteo2.php</secondary></indexterm>
<indexterm><primary>meteo2.php</primary><secondary>$icons</secondary></indexterm>
<para><computeroutput>$icons</computeroutput></para><emphasis role="strong">Valeur initiale :</emphasis><programlisting linenumbering="unnumbered">=&#32;[
&#32;&#32;&#32;&#32;&#32;&#32;&#32;&#32;&#32;&#32;&#32;&#32;&#32;&#32;&#32;&#32;0&#32;=&gt;&#32;<emphasis role="stringliteral">&quot;☀️&quot;</emphasis>,&#32;1&#32;=&gt;&#32;<emphasis role="stringliteral">&quot;🌤️&quot;</emphasis>,&#32;2&#32;=&gt;&#32;<emphasis role="stringliteral">&quot;⛅&quot;</emphasis>,&#32;3&#32;=&gt;&#32;<emphasis role="stringliteral">&quot;☁️&quot;</emphasis>,&#32;45&#32;=&gt;&#32;<emphasis role="stringliteral">&quot;🌫️&quot;</emphasis>,
&#32;&#32;&#32;&#32;&#32;&#32;&#32;&#32;&#32;&#32;&#32;&#32;&#32;&#32;&#32;&#32;51&#32;=&gt;&#32;<emphasis role="stringliteral">&quot;🌦️&quot;</emphasis>,&#32;61&#32;=&gt;&#32;<emphasis role="stringliteral">&quot;🌧️&quot;</emphasis>,&#32;71&#32;=&gt;&#32;<emphasis role="stringliteral">&quot;❄️&quot;</emphasis>,&#32;95&#32;=&gt;&#32;<emphasis role="stringliteral">&quot;⛈️&quot;</emphasis>
&#32;&#32;&#32;&#32;&#32;&#32;&#32;&#32;&#32;&#32;&#32;&#32;]
</programlisting>
<para>Icônes correspondantes aux codes météo </para>
</section>
<anchor xml:id="_meteo2_8php_1a05abc005f5307a3e17a8dd9ede5adec9"/><section>
    <title>$jours</title>
<indexterm><primary>$jours</primary><secondary>meteo2.php</secondary></indexterm>
<indexterm><primary>meteo2.php</primary><secondary>$jours</secondary></indexterm>
<para><computeroutput>$jours = $data[&apos;daily&apos;][&apos;time&apos;]</computeroutput></para></section>
<anchor xml:id="_meteo2_8php_1af498b42b83afed4dfe0af05fd802776c"/><section>
    <title>$lat</title>
<indexterm><primary>$lat</primary><secondary>meteo2.php</secondary></indexterm>
<indexterm><primary>meteo2.php</primary><secondary>$lat</secondary></indexterm>
<para><computeroutput>$lat = $_GET[&apos;lat&apos;] ?? ($_COOKIE[&apos;derniere_lat&apos;] ?? null)</computeroutput></para></section>
<anchor xml:id="_meteo2_8php_1a03836509761c0935d0c55370b184ccd6"/><section>
    <title>$lon</title>
<indexterm><primary>$lon</primary><secondary>meteo2.php</secondary></indexterm>
<indexterm><primary>meteo2.php</primary><secondary>$lon</secondary></indexterm>
<para><computeroutput>$lon = $_GET[&apos;lon&apos;] ?? ($_COOKIE[&apos;derniere_lon&apos;] ?? null)</computeroutput></para></section>
<anchor xml:id="_meteo2_8php_1a090870efc7a3474eb636a0bcdf2fbead"/><section>
    <title>$neige</title>
<indexterm><primary>$neige</primary><secondary>meteo2.php</secondary></indexterm>
<indexterm><primary>meteo2.php</primary><secondary>$neige</secondary></indexterm>
<para><computeroutput>$neige = $data[&apos;daily&apos;][&apos;snowfall_sum&apos;]</computeroutput></para></section>
<anchor xml:id="_meteo2_8php_1a21c8ceaf522c6452f2ff4d34cb5b0c48"/><section>
    <title>$pluie</title>
<indexterm><primary>$pluie</primary><secondary>meteo2.php</secondary></indexterm>
<indexterm><primary>meteo2.php</primary><secondary>$pluie</secondary></indexterm>
<para><computeroutput>$pluie = $data[&apos;daily&apos;][&apos;precipitation_sum&apos;]</computeroutput></para></section>
<anchor xml:id="_meteo2_8php_1afe1576bff51783ecf7f91a7f03647c34"/><section>
    <title>$pluieH</title>
<indexterm><primary>$pluieH</primary><secondary>meteo2.php</secondary></indexterm>
<indexterm><primary>meteo2.php</primary><secondary>$pluieH</secondary></indexterm>
<para><computeroutput>$pluieH = $data[&apos;daily&apos;][&apos;precipitation_hours&apos;]</computeroutput></para></section>
<anchor xml:id="_meteo2_8php_1a8e0b4669db3780ee9a03b34083febc7a"/><section>
    <title>$region</title>
<indexterm><primary>$region</primary><secondary>meteo2.php</secondary></indexterm>
<indexterm><primary>meteo2.php</primary><secondary>$region</secondary></indexterm>
<para><computeroutput>$region = $ville ? <link linkend="_functions_8inc_8php_1a80b64f17684c840db6c59f880149994e">getRegionFromVille</link>($ville, $villes, $departements, $regions) : &quot;Région inconnue&quot;</computeroutput></para></section>
<anchor xml:id="_meteo2_8php_1a270fcd32e1040253108d7d58d43c6dcf"/><section>
    <title>$regions</title>
<indexterm><primary>$regions</primary><secondary>meteo2.php</secondary></indexterm>
<indexterm><primary>meteo2.php</primary><secondary>$regions</secondary></indexterm>
<para><computeroutput>$regions = <link linkend="_functions_8inc_8php_1a906e10a9d5815649a5e5b99d42ce4cc8">lireCSV</link>(&quot;regions.csv&quot;)</computeroutput></para></section>
<anchor xml:id="_meteo2_8php_1ac43c0e250fe6dcd96ed69c2cd9167660"/><section>
    <title>$ressMax</title>
<indexterm><primary>$ressMax</primary><secondary>meteo2.php</secondary></indexterm>
<indexterm><primary>meteo2.php</primary><secondary>$ressMax</secondary></indexterm>
<para><computeroutput>$ressMax = $data[&apos;daily&apos;][&apos;apparent_temperature_max&apos;]</computeroutput></para></section>
<anchor xml:id="_meteo2_8php_1aff5fb03d3def00e15b03f491ee9d2399"/><section>
    <title>$ressMin</title>
<indexterm><primary>$ressMin</primary><secondary>meteo2.php</secondary></indexterm>
<indexterm><primary>meteo2.php</primary><secondary>$ressMin</secondary></indexterm>
<para><computeroutput>$ressMin = $data[&apos;daily&apos;][&apos;apparent_temperature_min&apos;]</computeroutput></para></section>
<anchor xml:id="_meteo2_8php_1aaa54254dfaa7723b609ce4ea91656c35"/><section>
    <title>$style_css</title>
<indexterm><primary>$style_css</primary><secondary>meteo2.php</secondary></indexterm>
<indexterm><primary>meteo2.php</primary><secondary>$style_css</secondary></indexterm>
<para><computeroutput>$style_css = <link linkend="_header_8inc_8php_1a1a9c641ae8a39113009425cbccaee5d5">getStyle</link>()</computeroutput></para></section>
<anchor xml:id="_meteo2_8php_1aa14277438c2c2290064e04d3d6dfd8c2"/><section>
    <title>$sunrise</title>
<indexterm><primary>$sunrise</primary><secondary>meteo2.php</secondary></indexterm>
<indexterm><primary>meteo2.php</primary><secondary>$sunrise</secondary></indexterm>
<para><computeroutput>$sunrise = $data[&apos;daily&apos;][&apos;sunrise&apos;]</computeroutput></para></section>
<anchor xml:id="_meteo2_8php_1ac3e15e8bd53a470b59cc400b317bf4df"/><section>
    <title>$sunset</title>
<indexterm><primary>$sunset</primary><secondary>meteo2.php</secondary></indexterm>
<indexterm><primary>meteo2.php</primary><secondary>$sunset</secondary></indexterm>
<para><computeroutput>$sunset = $data[&apos;daily&apos;][&apos;sunset&apos;]</computeroutput></para></section>
<anchor xml:id="_meteo2_8php_1af24f5a79cb9e0460d0274fe53d992356"/><section>
    <title>$tmax</title>
<indexterm><primary>$tmax</primary><secondary>meteo2.php</secondary></indexterm>
<indexterm><primary>meteo2.php</primary><secondary>$tmax</secondary></indexterm>
<para><computeroutput>$tmax = $data[&apos;daily&apos;][&apos;temperature_2m_max&apos;]</computeroutput></para></section>
<anchor xml:id="_meteo2_8php_1a51f4f647011ea0ee9d3833e6d4140d0b"/><section>
    <title>$tmin</title>
<indexterm><primary>$tmin</primary><secondary>meteo2.php</secondary></indexterm>
<indexterm><primary>meteo2.php</primary><secondary>$tmin</secondary></indexterm>
<para><computeroutput>$tmin = $data[&apos;daily&apos;][&apos;temperature_2m_min&apos;]</computeroutput></para></section>
<anchor xml:id="_meteo2_8php_1a6002e8c8e44c609c5087ce9b1c5867de"/><section>
    <title>$uv</title>
<indexterm><primary>$uv</primary><secondary>meteo2.php</secondary></indexterm>
<indexterm><primary>meteo2.php</primary><secondary>$uv</secondary></indexterm>
<para><computeroutput>$uv = $data[&apos;daily&apos;][&apos;uv_index_max&apos;]</computeroutput></para></section>
<anchor xml:id="_meteo2_8php_1ad6b6a0540d5441fc64332c79f43069c1"/><section>
    <title>$vent</title>
<indexterm><primary>$vent</primary><secondary>meteo2.php</secondary></indexterm>
<indexterm><primary>meteo2.php</primary><secondary>$vent</secondary></indexterm>
<para><computeroutput>$vent = $data[&apos;daily&apos;][&apos;windspeed_10m_max&apos;]</computeroutput></para></section>
<anchor xml:id="_meteo2_8php_1acc3746cfaca53a8d6942c6252b17d14f"/><section>
    <title>$ville</title>
<indexterm><primary>$ville</primary><secondary>meteo2.php</secondary></indexterm>
<indexterm><primary>meteo2.php</primary><secondary>$ville</secondary></indexterm>
<para><computeroutput>$ville = $_GET[&apos;ville&apos;] ?? ($_COOKIE[&apos;derniere_ville&apos;] ?? null)</computeroutput></para></section>
<anchor xml:id="_meteo2_8php_1afdefc0303846ad7cedbfd9acb7184a7a"/><section>
    <title>$villes</title>
<indexterm><primary>$villes</primary><secondary>meteo2.php</secondary></indexterm>
<indexterm><primary>meteo2.php</primary><secondary>$villes</secondary></indexterm>
<para><computeroutput>$villes = <link linkend="_functions_8inc_8php_1a906e10a9d5815649a5e5b99d42ce4cc8">lireCSV</link>(&quot;villes.csv&quot;)</computeroutput></para></section>
<anchor xml:id="_meteo2_8php_1a8e01dcc96c43199448ee66f7c2ae8ea6"/><section>
    <title>__pad0__</title>
<indexterm><primary>__pad0__</primary><secondary>meteo2.php</secondary></indexterm>
<indexterm><primary>meteo2.php</primary><secondary>__pad0__</secondary></indexterm>
<para><computeroutput><link linkend="_map_8php_1a460a5a14b74dba77bd113685316a915c">else</link> __pad0__</computeroutput></para></section>
<anchor xml:id="_meteo2_8php_1a5cf342132ee58549e81c7a2caea708c0"/><section>
    <title>endfor</title>
<indexterm><primary>endfor</primary><secondary>meteo2.php</secondary></indexterm>
<indexterm><primary>meteo2.php</primary><secondary>endfor</secondary></indexterm>
<para><computeroutput>for ($i = 0; $i &lt; 5; $i++) (&quot;D d M&quot;, strtotime($jours[$i])) ?&gt;&lt;/h2&gt; &lt;div class endfor ( ) = $uv[$i]</computeroutput></para></section>
<anchor xml:id="_meteo2_8php_1ae7e61ebdd41a462b560817bf2f2520da"/><section>
    <title>endif</title>
<indexterm><primary>endif</primary><secondary>meteo2.php</secondary></indexterm>
<indexterm><primary>meteo2.php</primary><secondary>endif</secondary></indexterm>
<para><computeroutput><link linkend="_index_8php_1a0a4a9ea17f3dea7d32f111630540eb0e">if</link> ($ville) ($ville) ?&gt;&lt;/span&gt; &lt;span class endif</computeroutput></para><emphasis role="strong">Valeur initiale :</emphasis><programlisting linenumbering="unnumbered">=<emphasis role="stringliteral">&quot;region&quot;</emphasis>&gt;(&lt;?=&#32;htmlspecialchars(<link linkend="_map_8php_1a8e0b4669db3780ee9a03b34083febc7a">$region</link>)&#32;?&gt;)&lt;/span&gt;
&#32;&#32;&#32;&#32;&#32;&#32;&#32;&#32;&#32;&#32;&#32;&#32;&lt;?php&#32;<emphasis role="keywordflow">else</emphasis>:
</programlisting></section>
</section>
</section>
