<?xml version='1.0' encoding='UTF-8' standalone='no'?>
<section xmlns="http://docbook.org/ns/docbook" version="5.0" xmlns:xlink="http://www.w3.org/1999/xlink" xml:id="_meteo_8php" xml:lang="fr">
<title>Référence du fichier C:/Users/cozma/Downloads/Weathersky-main (1)/Weathersky-main/Meteo6/WeatherSky/meteo.php</title>
<indexterm><primary>C:/Users/cozma/Downloads/Weathersky-main (1)/Weathersky-main/Meteo6/WeatherSky/meteo.php</primary></indexterm>
<simplesect>
    <title>Espaces de nommage    </title>
        <itemizedlist>
            <listitem><para>namespace <link linkend="_namespace_weather_sky">WeatherSky</link></para>
</listitem>
        </itemizedlist>
</simplesect>
<simplesect>
    <title>Fonctions    </title>
        <itemizedlist>
            <listitem><para><link linkend="_meteo_8php_1abc768c7ebd877feafa39b54e7e4afea5">getTodayDate</link> ()</para>
</listitem>
            <listitem><para><link linkend="_meteo_8php_1ac600e0b8713b377b0c2fbda359fddef5">getAPODImage</link> ()</para>
</listitem>
            <listitem><para><link linkend="_meteo_8php_1ab42ade2acca49f23914f2fc5eb2be7af">getVisitorLocationXML</link> ()</para>
</listitem>
            <listitem><para><link linkend="_meteo_8php_1a68f36a2f7bd8a155f1ebe8e7e1be3f9f">getUserIP</link> ()</para>
</listitem>
            <listitem><para><link linkend="_meteo_8php_1ad9e09d58e7a54f5b7fe1bc103958a4db">getVisitorLocationJSON</link> ()</para>
</listitem>
            <listitem><para><link linkend="_meteo_8php_1aa2618b0a149e599ca73ea51e3d9be82b">getVisitorLocationWIP</link> ()</para>
</listitem>
            <listitem><para><link linkend="_meteo_8php_1aeac99c1fbeddea0408331fd576161c8d">getBestVisitorLocation</link> ()</para>
</listitem>
            <listitem><para><link linkend="_meteo_8php_1ac501bca6ffc440a6a47a335814825ffe">getVisitorLocationFromWhatIsMyIP</link> ()</para>
</listitem>
            <listitem><para><link linkend="_meteo_8php_1a906e10a9d5815649a5e5b99d42ce4cc8">lireCSV</link> ($fichier, $separateur=&quot;,&quot;)</para>
</listitem>
            <listitem><para><link linkend="_meteo_8php_1a276df129422008459f12ef9bb3400c17">getRegionFromVille</link> ($codeINSEE, $villes, $departements, $regions)</para>
</listitem>
        </itemizedlist>
</simplesect>
<section>
<title>Documentation des fonctions</title>
<anchor xml:id="_meteo_8php_1ac600e0b8713b377b0c2fbda359fddef5"/><section>
    <title>getAPODImage()</title>
<indexterm><primary>getAPODImage</primary><secondary>meteo.php</secondary></indexterm>
<indexterm><primary>meteo.php</primary><secondary>getAPODImage</secondary></indexterm>
<para><computeroutput>getAPODImage ( )</computeroutput></para>
<para>Récupère l’image du jour (APOD) depuis l’API de la NASA.</para>

<para><formalpara><title>Renvoie</title>

<para>string HTML contenant l’image ou la vidéo APOD </para>
</formalpara>
</para>
</section>
<anchor xml:id="_meteo_8php_1aeac99c1fbeddea0408331fd576161c8d"/><section>
    <title>getBestVisitorLocation()</title>
<indexterm><primary>getBestVisitorLocation</primary><secondary>meteo.php</secondary></indexterm>
<indexterm><primary>meteo.php</primary><secondary>getBestVisitorLocation</secondary></indexterm>
<para><computeroutput>getBestVisitorLocation ( )</computeroutput></para>
<para>Tente plusieurs services pour obtenir la meilleure position du visiteur.</para>

<para><formalpara><title>Renvoie</title>

<para>array Tableau de localisation </para>
</formalpara>
</para>
</section>
<anchor xml:id="_meteo_8php_1a276df129422008459f12ef9bb3400c17"/><section>
    <title>getRegionFromVille()</title>
<indexterm><primary>getRegionFromVille</primary><secondary>meteo.php</secondary></indexterm>
<indexterm><primary>meteo.php</primary><secondary>getRegionFromVille</secondary></indexterm>
<para><computeroutput>getRegionFromVille ( $codeINSEE,  $villes,  $departements,  $regions)</computeroutput></para>
<para>Trouve la région associée à une ville via son code INSEE.</para>

<para>
                <formalpara>
                    <title>
Paramètres</title>
                    <para>
                    <table frame="all">
                        <tgroup cols="3" align="left" colsep="1" rowsep="1">
                        <colspec colwidth="1*"/>
                        <colspec colwidth="1*"/>
                        <colspec colwidth="4*"/>
                        <tbody>
                            <row>
<entry>string</entry><entry>$codeINSEE</entry><entry>
<para>Code INSEE de la ville </para>
</entry>
                            </row>
                            <row>
<entry>array</entry><entry>$villes</entry><entry>
<para>Données des villes </para>
</entry>
                            </row>
                            <row>
<entry>array</entry><entry>$departements</entry><entry>
<para>Données des départements </para>
</entry>
                            </row>
                            <row>
<entry>array</entry><entry>$regions</entry><entry>
<para>Données des régions </para>
</entry>
                            </row>
                        </tbody>
                        </tgroup>
                    </table>
                    </para>
                </formalpara>
                <formalpara><title>Renvoie</title>

<para>string Nom de la région ou &quot;Région inconnue&quot; </para>
</formalpara>
</para>
</section>
<anchor xml:id="_meteo_8php_1abc768c7ebd877feafa39b54e7e4afea5"/><section>
    <title>getTodayDate()</title>
<indexterm><primary>getTodayDate</primary><secondary>meteo.php</secondary></indexterm>
<indexterm><primary>meteo.php</primary><secondary>getTodayDate</secondary></indexterm>
<para><computeroutput>getTodayDate ( )</computeroutput></para>
<para>Retourne la date du jour au format &apos;YYYY-MM-DD&apos;.</para>

<para><formalpara><title>Renvoie</title>

<para>string Date du jour formatée </para>
</formalpara>
</para>
</section>
<anchor xml:id="_meteo_8php_1a68f36a2f7bd8a155f1ebe8e7e1be3f9f"/><section>
    <title>getUserIP()</title>
<indexterm><primary>getUserIP</primary><secondary>meteo.php</secondary></indexterm>
<indexterm><primary>meteo.php</primary><secondary>getUserIP</secondary></indexterm>
<para><computeroutput>getUserIP ( )</computeroutput></para>
<para>Retourne l’adresse IP réelle du visiteur.</para>

<para><formalpara><title>Renvoie</title>

<para>string IP du visiteur </para>
</formalpara>
</para>
</section>
<anchor xml:id="_meteo_8php_1ac501bca6ffc440a6a47a335814825ffe"/><section>
    <title>getVisitorLocationFromWhatIsMyIP()</title>
<indexterm><primary>getVisitorLocationFromWhatIsMyIP</primary><secondary>meteo.php</secondary></indexterm>
<indexterm><primary>meteo.php</primary><secondary>getVisitorLocationFromWhatIsMyIP</secondary></indexterm>
<para><computeroutput>getVisitorLocationFromWhatIsMyIP ( )</computeroutput></para>
<para>Version dédiée à l’API WhatIsMyIP.</para>

<para><formalpara><title>Renvoie</title>

<para>array Localisation brute depuis WhatIsMyIP </para>
</formalpara>
</para>
</section>
<anchor xml:id="_meteo_8php_1ad9e09d58e7a54f5b7fe1bc103958a4db"/><section>
    <title>getVisitorLocationJSON()</title>
<indexterm><primary>getVisitorLocationJSON</primary><secondary>meteo.php</secondary></indexterm>
<indexterm><primary>meteo.php</primary><secondary>getVisitorLocationJSON</secondary></indexterm>
<para><computeroutput>getVisitorLocationJSON ( )</computeroutput></para>
<para>Récupère la localisation via IPInfo.io (JSON).</para>

<para><formalpara><title>Renvoie</title>

<para>array Tableau contenant la ville, région, pays, latitude, longitude </para>
</formalpara>
</para>
</section>
<anchor xml:id="_meteo_8php_1aa2618b0a149e599ca73ea51e3d9be82b"/><section>
    <title>getVisitorLocationWIP()</title>
<indexterm><primary>getVisitorLocationWIP</primary><secondary>meteo.php</secondary></indexterm>
<indexterm><primary>meteo.php</primary><secondary>getVisitorLocationWIP</secondary></indexterm>
<para><computeroutput>getVisitorLocationWIP ( )</computeroutput></para>
<para>Récupère la localisation via WhatIsMyIP (XML).</para>

<para><formalpara><title>Renvoie</title>

<para>array|null Localisation du visiteur (ville, région, pays) </para>
</formalpara>
</para>
</section>
<anchor xml:id="_meteo_8php_1ab42ade2acca49f23914f2fc5eb2be7af"/><section>
    <title>getVisitorLocationXML()</title>
<indexterm><primary>getVisitorLocationXML</primary><secondary>meteo.php</secondary></indexterm>
<indexterm><primary>meteo.php</primary><secondary>getVisitorLocationXML</secondary></indexterm>
<para><computeroutput>getVisitorLocationXML ( )</computeroutput></para>
<para>Récupère la position approximative du visiteur via GeoPlugin (XML).</para>

<para><formalpara><title>Renvoie</title>

<para>array Tableau contenant la ville, région, pays, latitude, longitude </para>
</formalpara>
</para>
</section>
<anchor xml:id="_meteo_8php_1a906e10a9d5815649a5e5b99d42ce4cc8"/><section>
    <title>lireCSV()</title>
<indexterm><primary>lireCSV</primary><secondary>meteo.php</secondary></indexterm>
<indexterm><primary>meteo.php</primary><secondary>lireCSV</secondary></indexterm>
<para><computeroutput>lireCSV ( $fichier,  $separateur = <computeroutput>&quot;,&quot;</computeroutput>
)</computeroutput></para>
<para>Lit un fichier CSV et retourne un tableau associatif.</para>

<para>
                <formalpara>
                    <title>
Paramètres</title>
                    <para>
                    <table frame="all">
                        <tgroup cols="3" align="left" colsep="1" rowsep="1">
                        <colspec colwidth="1*"/>
                        <colspec colwidth="1*"/>
                        <colspec colwidth="4*"/>
                        <tbody>
                            <row>
<entry>string</entry><entry>$fichier</entry><entry>
<para>Chemin du fichier CSV </para>
</entry>
                            </row>
                            <row>
<entry>string</entry><entry>$separateur</entry><entry>
<para>Caractère séparateur (par défaut &quot;,&quot;) </para>
</entry>
                            </row>
                        </tbody>
                        </tgroup>
                    </table>
                    </para>
                </formalpara>
                <formalpara><title>Renvoie</title>

<para>array Données lues depuis le CSV </para>
</formalpara>
</para>
</section>
</section>
</section>
