<?xml version='1.0' encoding='UTF-8' standalone='no'?>
<section xmlns="http://docbook.org/ns/docbook" version="5.0" xmlns:xlink="http://www.w3.org/1999/xlink" xml:id="_namespace_weather_sky" xml:lang="fr">
<title>Référence de l&apos;espace de nommage WeatherSky</title>
<indexterm><primary>WeatherSky</primary></indexterm>
<section>
<title>Description détaillée</title>

<para>📦 Fonctions principales du projet <link linkend="_namespace_weather_sky">WeatherSky</link></para>

<para>Ce fichier regroupe les fonctions permettant :<itemizedlist>
<listitem>
<para>La récupération de la localisation du visiteur</para>
</listitem><listitem>
<para>L&apos;appel à l&apos;API APOD de la NASA</para>
</listitem><listitem>
<para>La lecture et liaison des fichiers CSV</para>
</listitem><listitem>
<para>La déduction de la région depuis un code INSEE</para>
</listitem></itemizedlist>
</para>

<para><formalpara><title>Auteur</title>

<para>Votre Nom </para>
</formalpara>
<formalpara><title>Version</title>

<para>1.0 </para>
</formalpara>
<formalpara><title>Depuis</title>

<para>2025-04</para>
</formalpara>
Page des prévisions météo détaillées</para>

<para>Cette page affiche les prévisions météo sur plusieurs jours en fonction des coordonnées géographiques passées en GET ou stockées en cookie.</para>

<para>Elle utilise l&apos;API Open-Meteo via la fonction <computeroutput><link linkend="_include_2meteo_8php_1ad669fbddb3fc84c0d6a581eac7aa2786">getMeteoData()</link></computeroutput> (dans meteo.php).</para>

<para><formalpara><title>Auteur</title>

<para>Votre Nom </para>
</formalpara>
<formalpara><title>Version</title>

<para>1.0</para>
</formalpara>
Page Statistiques - <link linkend="_namespace_weather_sky">WeatherSky</link></para>

<para>Cette page affiche :<itemizedlist>
<listitem>
<para>Le nombre total de visiteurs</para>
</listitem><listitem>
<para>Le top 5 des villes les plus recherchées</para>
</listitem><listitem>
<para>Des graphiques Chart.js</para>
</listitem><listitem>
<para>Des infos trafic (via Geoapify)</para>
</listitem><listitem>
<para>Des infos boursières (via AlphaVantage)</para>
</listitem></itemizedlist>
</para>

<para><formalpara><title>Auteur</title>

<para>Votre Nom </para>
</formalpara>
<formalpara><title>Version</title>

<para>1.0</para>
</formalpara>
Page technique : Affiche des données de l’API NASA et des infos sur l’utilisateur</para>

<para><itemizedlist>
<listitem>
<para>Récupère l’image du jour via l’API APOD de la NASA</para>
</listitem><listitem>
<para>Affiche des données de géolocalisation avec GeoPlugin (XML)</para>
</listitem><listitem>
<para>Affiche des informations sur l’adresse IP avec ipinfo.io</para>
</listitem></itemizedlist>
</para>

<para><formalpara><title>Auteur</title>

<para>Votre Nom </para>
</formalpara>
<formalpara><title>Version</title>

<para>1.0 </para>
</formalpara>
</para>
</section>
</section>
