<?xml version='1.0' encoding='UTF-8' standalone='no'?>
<section xmlns="http://docbook.org/ns/docbook" version="5.0" xmlns:xlink="http://www.w3.org/1999/xlink" xml:id="_statistique_8php" xml:lang="fr">
<title>Référence du fichier C:/Users/cozma/Downloads/Weathersky-main (1)/Weathersky-main/Meteo6/WeatherSky/statistique.php</title>
<indexterm><primary>C:/Users/cozma/Downloads/Weathersky-main (1)/Weathersky-main/Meteo6/WeatherSky/statistique.php</primary></indexterm>
<simplesect>
    <title>Espaces de nommage    </title>
        <itemizedlist>
            <listitem><para>namespace <link linkend="_namespace_weather_sky">WeatherSky</link></para>
</listitem>
        </itemizedlist>
</simplesect>
<simplesect>
    <title>Variables    </title>
        <itemizedlist>
            <listitem><para><link linkend="_statistique_8php_1aa1bfbd27060176201b271918dff57e8f">$file</link> = &apos;visites.json&apos;</para>
</listitem>
            <listitem><para><link linkend="_statistique_8php_1a105a33adbe4d32a77787049d18c72870">$visites</link> = file_exists($file) ? json_decode(file_get_contents($file), true) : []</para>
</listitem>
            <listitem><para><link linkend="_statistique_8php_1a241b818f48030b628685b2e5119c5624">$total</link> = count($visites)</para>
</listitem>
            <listitem><para><link linkend="_statistique_8php_1afdefc0303846ad7cedbfd9acb7184a7a">$villes</link> = []</para>
</listitem>
            <listitem><para><link linkend="_statistique_8php_1aafde84ea72f2096e8d6edb82d17af029">$villesTop</link> = array_slice($villes, 0, 5)</para>
</listitem>
            <listitem><para><link linkend="_statistique_8php_1a9c27b635d325681e03ba00b289a6b5da">$villesStats</link> = $villesTop</para>
</listitem>
            <listitem><para><link linkend="_statistique_8php_1af498b42b83afed4dfe0af05fd802776c">$lat</link> = $_GET[&apos;lat&apos;] ?? $_COOKIE[&apos;derniere_lat&apos;] ?? null</para>
</listitem>
            <listitem><para><link linkend="_statistique_8php_1a03836509761c0935d0c55370b184ccd6">$lon</link> = $_GET[&apos;lon&apos;] ?? $_COOKIE[&apos;derniere_lon&apos;] ?? null</para>
</listitem>
            <listitem><para><link linkend="_statistique_8php_1aaa54254dfaa7723b609ce4ea91656c35">$style_css</link> = <link linkend="_header_8inc_8php_1a1a9c641ae8a39113009425cbccaee5d5">getStyle</link>()</para>
</listitem>
            <listitem><para><link linkend="_index_8php_1a0a4a9ea17f3dea7d32f111630540eb0e">if</link>($lat &amp;&amp; $lon <link linkend="_statistique_8php_1a539c755bcf5d8d01ef3099f0837afdb0">$destLon</link> ) = $lon + 0.3</para>
</listitem>
            <listitem><para><link linkend="_statistique_8php_1a084e3db37d1b117a3cc7212cf2eed533">$apiKey</link> = &quot;2806193fb62e4354b35df62f6399de95&quot;</para>
</listitem>
            <listitem><para><link linkend="_statistique_8php_1acf215f34a917d014776ce684a9ee8909">$url</link> = &quot;https://api.geoapify.com/v1/routing?waypoints=$lat,$lon|$destLat,$destLon&amp;mode=drive&amp;apiKey=$apiKey&quot;</para>
</listitem>
            <listitem><para><link linkend="_statistique_8php_1af4b6fb1bbc77ccc05f10da3b16935b99">$response</link> = @file_get_contents($url)</para>
</listitem>
            <listitem><para><link linkend="_index_8php_1a0a4a9ea17f3dea7d32f111630540eb0e">if</link>($response !==false) <link linkend="_statistique_8php_1a13f2e14f0fedd2187d910e34387b1db3">else</link></para>
</listitem>
            <listitem><para><link linkend="_map_8php_1a460a5a14b74dba77bd113685316a915c">else</link> <link linkend="_statistique_8php_1a8e01dcc96c43199448ee66f7c2ae8ea6">__pad0__</link></para>
</listitem>
        </itemizedlist>
</simplesect>
<section>
<title>Documentation des variables</title>
<anchor xml:id="_statistique_8php_1a084e3db37d1b117a3cc7212cf2eed533"/><section>
    <title>$apiKey</title>
<indexterm><primary>$apiKey</primary><secondary>statistique.php</secondary></indexterm>
<indexterm><primary>statistique.php</primary><secondary>$apiKey</secondary></indexterm>
<para><computeroutput>$apiKey = &quot;2806193fb62e4354b35df62f6399de95&quot;</computeroutput></para></section>
<anchor xml:id="_statistique_8php_1a539c755bcf5d8d01ef3099f0837afdb0"/><section>
    <title>$destLon</title>
<indexterm><primary>$destLon</primary><secondary>statistique.php</secondary></indexterm>
<indexterm><primary>statistique.php</primary><secondary>$destLon</secondary></indexterm>
<para><computeroutput><link linkend="_index_8php_1a0a4a9ea17f3dea7d32f111630540eb0e">if</link> ( $lat &amp;&amp;$lon $destLon)  = $lon + 0.3</computeroutput></para></section>
<anchor xml:id="_statistique_8php_1aa1bfbd27060176201b271918dff57e8f"/><section>
    <title>$file</title>
<indexterm><primary>$file</primary><secondary>statistique.php</secondary></indexterm>
<indexterm><primary>statistique.php</primary><secondary>$file</secondary></indexterm>
<para><computeroutput>$file = &apos;visites.json&apos;</computeroutput></para></section>
<anchor xml:id="_statistique_8php_1af498b42b83afed4dfe0af05fd802776c"/><section>
    <title>$lat</title>
<indexterm><primary>$lat</primary><secondary>statistique.php</secondary></indexterm>
<indexterm><primary>statistique.php</primary><secondary>$lat</secondary></indexterm>
<para><computeroutput>$lat = $_GET[&apos;lat&apos;] ?? $_COOKIE[&apos;derniere_lat&apos;] ?? null</computeroutput></para></section>
<anchor xml:id="_statistique_8php_1a03836509761c0935d0c55370b184ccd6"/><section>
    <title>$lon</title>
<indexterm><primary>$lon</primary><secondary>statistique.php</secondary></indexterm>
<indexterm><primary>statistique.php</primary><secondary>$lon</secondary></indexterm>
<para><computeroutput>$lon = $_GET[&apos;lon&apos;] ?? $_COOKIE[&apos;derniere_lon&apos;] ?? null</computeroutput></para></section>
<anchor xml:id="_statistique_8php_1af4b6fb1bbc77ccc05f10da3b16935b99"/><section>
    <title>$response</title>
<indexterm><primary>$response</primary><secondary>statistique.php</secondary></indexterm>
<indexterm><primary>statistique.php</primary><secondary>$response</secondary></indexterm>
<para><computeroutput>$response = @file_get_contents($url)</computeroutput></para></section>
<anchor xml:id="_statistique_8php_1aaa54254dfaa7723b609ce4ea91656c35"/><section>
    <title>$style_css</title>
<indexterm><primary>$style_css</primary><secondary>statistique.php</secondary></indexterm>
<indexterm><primary>statistique.php</primary><secondary>$style_css</secondary></indexterm>
<para><computeroutput>$style_css = <link linkend="_header_8inc_8php_1a1a9c641ae8a39113009425cbccaee5d5">getStyle</link>()</computeroutput></para></section>
<anchor xml:id="_statistique_8php_1a241b818f48030b628685b2e5119c5624"/><section>
    <title>$total</title>
<indexterm><primary>$total</primary><secondary>statistique.php</secondary></indexterm>
<indexterm><primary>statistique.php</primary><secondary>$total</secondary></indexterm>
<para><computeroutput>$total = count($visites)</computeroutput></para></section>
<anchor xml:id="_statistique_8php_1acf215f34a917d014776ce684a9ee8909"/><section>
    <title>$url</title>
<indexterm><primary>$url</primary><secondary>statistique.php</secondary></indexterm>
<indexterm><primary>statistique.php</primary><secondary>$url</secondary></indexterm>
<para><computeroutput>$url = &quot;https://api.geoapify.com/v1/routing?waypoints=$lat,$lon|$destLat,$destLon&amp;mode=drive&amp;apiKey=$apiKey&quot;</computeroutput></para></section>
<anchor xml:id="_statistique_8php_1afdefc0303846ad7cedbfd9acb7184a7a"/><section>
    <title>$villes</title>
<indexterm><primary>$villes</primary><secondary>statistique.php</secondary></indexterm>
<indexterm><primary>statistique.php</primary><secondary>$villes</secondary></indexterm>
<para><computeroutput>$villes = []</computeroutput></para></section>
<anchor xml:id="_statistique_8php_1a9c27b635d325681e03ba00b289a6b5da"/><section>
    <title>$villesStats</title>
<indexterm><primary>$villesStats</primary><secondary>statistique.php</secondary></indexterm>
<indexterm><primary>statistique.php</primary><secondary>$villesStats</secondary></indexterm>
<para><computeroutput>$villesStats = $villesTop</computeroutput></para></section>
<anchor xml:id="_statistique_8php_1aafde84ea72f2096e8d6edb82d17af029"/><section>
    <title>$villesTop</title>
<indexterm><primary>$villesTop</primary><secondary>statistique.php</secondary></indexterm>
<indexterm><primary>statistique.php</primary><secondary>$villesTop</secondary></indexterm>
<para><computeroutput>$villesTop = array_slice($villes, 0, 5)</computeroutput></para></section>
<anchor xml:id="_statistique_8php_1a105a33adbe4d32a77787049d18c72870"/><section>
    <title>$visites</title>
<indexterm><primary>$visites</primary><secondary>statistique.php</secondary></indexterm>
<indexterm><primary>statistique.php</primary><secondary>$visites</secondary></indexterm>
<para><computeroutput>$visites = file_exists($file) ? json_decode(file_get_contents($file), true) : []</computeroutput></para></section>
<anchor xml:id="_statistique_8php_1a8e01dcc96c43199448ee66f7c2ae8ea6"/><section>
    <title>__pad0__</title>
<indexterm><primary>__pad0__</primary><secondary>statistique.php</secondary></indexterm>
<indexterm><primary>statistique.php</primary><secondary>__pad0__</secondary></indexterm>
<para><computeroutput><link linkend="_map_8php_1a460a5a14b74dba77bd113685316a915c">else</link> __pad0__</computeroutput></para></section>
<anchor xml:id="_statistique_8php_1a13f2e14f0fedd2187d910e34387b1db3"/><section>
    <title>else</title>
<indexterm><primary>else</primary><secondary>statistique.php</secondary></indexterm>
<indexterm><primary>statistique.php</primary><secondary>else</secondary></indexterm>
<para><computeroutput><link linkend="_index_8php_1a0a4a9ea17f3dea7d32f111630540eb0e">if</link> ( $response !==false) else</computeroutput></para><emphasis role="strong">Valeur initiale :</emphasis><programlisting linenumbering="unnumbered">{
&#32;&#32;&#32;&#32;&#32;&#32;&#32;&#32;&#32;&#32;&#32;&#32;&#32;&#32;&#32;&#32;&#32;&#32;&#32;&#32;echo&#32;<emphasis role="stringliteral">&quot;&lt;p&gt;Erreur&#32;de&#32;connexion&#32;à&#32;Geoapify.&lt;/p&gt;&quot;</emphasis>
</programlisting></section>
</section>
</section>
