<?xml version='1.0' encoding='UTF-8' standalone='no'?>
<section xmlns="http://docbook.org/ns/docbook" version="5.0" xmlns:xlink="http://www.w3.org/1999/xlink" xml:id="_stat_8php" xml:lang="fr">
<title>Référence du fichier C:/Users/cozma/Downloads/Weathersky-main (1)/Weathersky-main/Meteo6/WeatherSky/stat.php</title>
<indexterm><primary>C:/Users/cozma/Downloads/Weathersky-main (1)/Weathersky-main/Meteo6/WeatherSky/stat.php</primary></indexterm>
<simplesect>
    <title>Variables    </title>
        <itemizedlist>
            <listitem><para><link linkend="_stat_8php_1a1cab83481bc861b32af8f093a199c35e">$fichier</link> = &apos;villes_consultées.csv&apos;</para>
</listitem>
            <listitem><para><link linkend="_stat_8php_1afdefc0303846ad7cedbfd9acb7184a7a">$villes</link> = []</para>
</listitem>
            <listitem><para><link linkend="_index_8php_1a0a4a9ea17f3dea7d32f111630540eb0e">if</link>(($handle=fopen($fichier, &apos;r&apos;)) !==false) <link linkend="_stat_8php_1a153675be5939c7b634c9ed1396137d05">$labels</link> = array_keys($villes)</para>
</listitem>
            <listitem><para><link linkend="_stat_8php_1a6981142b9d6529b79b559b4d3b057835">$valeurs</link> = array_values($villes)</para>
</listitem>
            <listitem><para><link linkend="_stat_8php_1a672d9707ef91db026c210f98cc601123">endforeach</link> = $count</para>
</listitem>
            <listitem><para><link linkend="_map_8php_1a460a5a14b74dba77bd113685316a915c">else</link> <link linkend="_stat_8php_1a8e01dcc96c43199448ee66f7c2ae8ea6">__pad0__</link></para>
</listitem>
        </itemizedlist>
</simplesect>
<section>
<title>Documentation des variables</title>
<anchor xml:id="_stat_8php_1a1cab83481bc861b32af8f093a199c35e"/><section>
    <title>$fichier</title>
<indexterm><primary>$fichier</primary><secondary>stat.php</secondary></indexterm>
<indexterm><primary>stat.php</primary><secondary>$fichier</secondary></indexterm>
<para><computeroutput>$fichier = &apos;villes_consultées.csv&apos;</computeroutput></para></section>
<anchor xml:id="_stat_8php_1a153675be5939c7b634c9ed1396137d05"/><section>
    <title>$labels</title>
<indexterm><primary>$labels</primary><secondary>stat.php</secondary></indexterm>
<indexterm><primary>stat.php</primary><secondary>$labels</secondary></indexterm>
<para><computeroutput><link linkend="_index_8php_1a0a4a9ea17f3dea7d32f111630540eb0e">if</link> (( $handle=fopen( $fichier, &apos;r&apos;)) !==false) $labels = array_keys($villes)</computeroutput></para></section>
<anchor xml:id="_stat_8php_1a6981142b9d6529b79b559b4d3b057835"/><section>
    <title>$valeurs</title>
<indexterm><primary>$valeurs</primary><secondary>stat.php</secondary></indexterm>
<indexterm><primary>stat.php</primary><secondary>$valeurs</secondary></indexterm>
<para><computeroutput>$valeurs = array_values($villes)</computeroutput></para></section>
<anchor xml:id="_stat_8php_1afdefc0303846ad7cedbfd9acb7184a7a"/><section>
    <title>$villes</title>
<indexterm><primary>$villes</primary><secondary>stat.php</secondary></indexterm>
<indexterm><primary>stat.php</primary><secondary>$villes</secondary></indexterm>
<para><computeroutput>$villes = []</computeroutput></para></section>
<anchor xml:id="_stat_8php_1a8e01dcc96c43199448ee66f7c2ae8ea6"/><section>
    <title>__pad0__</title>
<indexterm><primary>__pad0__</primary><secondary>stat.php</secondary></indexterm>
<indexterm><primary>stat.php</primary><secondary>__pad0__</secondary></indexterm>
<para><computeroutput><link linkend="_map_8php_1a460a5a14b74dba77bd113685316a915c">else</link> __pad0__</computeroutput></para></section>
<anchor xml:id="_stat_8php_1a672d9707ef91db026c210f98cc601123"/><section>
    <title>endforeach</title>
<indexterm><primary>endforeach</primary><secondary>stat.php</secondary></indexterm>
<indexterm><primary>stat.php</primary><secondary>endforeach</secondary></indexterm>
<para><computeroutput>endforeach = $count</computeroutput></para></section>
</section>
</section>
