<?xml version='1.0' encoding='UTF-8' standalone='no'?>
<section xmlns="http://docbook.org/ns/docbook" version="5.0" xmlns:xlink="http://www.w3.org/1999/xlink" xml:id="_tech_8php" xml:lang="fr">
<title>Référence du fichier C:/Users/cozma/Downloads/Weathersky-main (1)/Weathersky-main/Meteo6/WeatherSky/tech.php</title>
<indexterm><primary>C:/Users/cozma/Downloads/Weathersky-main (1)/Weathersky-main/Meteo6/WeatherSky/tech.php</primary></indexterm>
<simplesect>
    <title>Espaces de nommage    </title>
        <itemizedlist>
            <listitem><para>namespace <link linkend="_namespace_weather_sky">WeatherSky</link></para>
</listitem>
        </itemizedlist>
</simplesect>
<simplesect>
    <title>Variables    </title>
        <itemizedlist>
            <listitem><para><link linkend="_tech_8php_1a228e5cd76ddccde8780f2927dfd450dd">$ipAdresse</link> = $_SERVER[&quot;REMOTE_ADDR&quot;] ?? &apos;127.0.0.1&apos;</para>
</listitem>
            <listitem><para><link linkend="_tech_8php_1a084e3db37d1b117a3cc7212cf2eed533">$apiKey</link> = &quot;LHA6vntliKABHLYaN4bbp7nsRahBtj2qlmOIpMCh&quot;</para>
</listitem>
            <listitem><para><link linkend="_tech_8php_1a108fc758586ad470628474f0727a2931">$apiUrl</link> = &quot;https://api.nasa.gov/planetary/apod?api_key=$apiKey&amp;thumbs=true&quot;</para>
</listitem>
            <listitem><para><link linkend="_tech_8php_1a3e53f5a443fefd2eeab6a8ab92aa9ae8">$reponse</link> = @file_get_contents($apiUrl)</para>
</listitem>
            <listitem><para><link linkend="_tech_8php_1a02a537b004f8446a32974072fa0961fb">$donnee</link> = $reponse ? json_decode($reponse, true) : null</para>
</listitem>
            <listitem><para><link linkend="_tech_8php_1ac88b3ec8a4093434aa62f49d2998a9bc">$apiUrlXML</link> = &quot;http://www.geoplugin.net/xml.gp?ip=$ipAdresse&quot;</para>
</listitem>
            <listitem><para><link linkend="_tech_8php_1a74c19f70d8cc023f89af834657028f7c">$reponseXml</link> = @file_get_contents($apiUrlXML)</para>
</listitem>
            <listitem><para><link linkend="_tech_8php_1ab616bcf2a041dd7070270e3b0a279263">$xmlData</link> = $reponseXml ? simplexml_load_string($reponseXml) : null</para>
</listitem>
            <listitem><para><link linkend="_tech_8php_1a79bc79f02a8b8059e6d9b0edd7e1406c">$urlipInfo</link> = &quot;https://ipinfo.io/$ipAdresse/geo&quot;</para>
</listitem>
            <listitem><para><link linkend="_tech_8php_1ad504832712fd82cfcfd8d4e384257176">$reponseIpInfo</link> = @file_get_contents($urlipInfo)</para>
</listitem>
            <listitem><para><link linkend="_tech_8php_1a1189baf765719df529e7f09f6efa1b0d">$ipData</link> = $reponseIpInfo ? json_decode($reponseIpInfo, true) : null</para>
</listitem>
            <listitem><para><link linkend="_index_8php_1a0a4a9ea17f3dea7d32f111630540eb0e">if</link>($donnee)($donnee[&quot;title&quot;]) ?&gt;&lt;/h3 &gt;&lt;?php <link linkend="_index_8php_1a0a4a9ea17f3dea7d32f111630540eb0e">if</link>($donnee[&quot;media_type&quot;] elseif($donnee[&quot;media_type&quot;]===&quot;video&quot;) <link linkend="_tech_8php_1a20316cf478e51655b2c1b19970ebb3e3">else</link> = htmlspecialchars($donnee[&quot;explanation&quot;])</para>
</listitem>
            <listitem><para><link linkend="_index_8php_1a0a4a9ea17f3dea7d32f111630540eb0e">if</link>( $xmlData)( $xmlData-&gt;geoplugin_city) ?&gt;&lt;/li &gt;&lt; li &gt;Région( $xmlData-&gt;geoplugin_region) ?&gt;&lt;/li &gt;&lt; li &gt;Pays( $xmlData-&gt;geoplugin_countryName) ?&gt;&lt;/li &gt;&lt; li &gt;Latitude( $xmlData-&gt;geoplugin_latitude) ?&gt;&lt;/li &gt;&lt; li &gt;Longitude( $xmlData-&gt;geoplugin_longitude) ?&gt;&lt;/li &gt;&lt;/ul &gt;&lt;?php elseif($ipData)($ipData[&apos;ip&apos;] ?? $ipAdresse) ?&gt;&lt;/li &gt;&lt; li &gt;Ville <link linkend="_tech_8php_1af2e32d8d136e7d3488aa854eeb3fe092">( $ipData[ &apos;city&apos;] ?? &apos;Inconnue&apos;) ?&gt;&lt;/li &gt;&lt; li &gt;Localisation</link> ( $ipData[ &apos;loc&apos;] ?? &apos;Inconnue&apos;) ?&gt;&lt;/li &gt;&lt;/ul &gt;&lt;?php <link linkend="_map_8php_1a460a5a14b74dba77bd113685316a915c">else</link></para>
</listitem>
        </itemizedlist>
</simplesect>
<section>
<title>Documentation des variables</title>
<anchor xml:id="_tech_8php_1a084e3db37d1b117a3cc7212cf2eed533"/><section>
    <title>$apiKey</title>
<indexterm><primary>$apiKey</primary><secondary>tech.php</secondary></indexterm>
<indexterm><primary>tech.php</primary><secondary>$apiKey</secondary></indexterm>
<para><computeroutput>$apiKey = &quot;LHA6vntliKABHLYaN4bbp7nsRahBtj2qlmOIpMCh&quot;</computeroutput></para></section>
<anchor xml:id="_tech_8php_1a108fc758586ad470628474f0727a2931"/><section>
    <title>$apiUrl</title>
<indexterm><primary>$apiUrl</primary><secondary>tech.php</secondary></indexterm>
<indexterm><primary>tech.php</primary><secondary>$apiUrl</secondary></indexterm>
<para><computeroutput>$apiUrl = &quot;https://api.nasa.gov/planetary/apod?api_key=$apiKey&amp;thumbs=true&quot;</computeroutput></para></section>
<anchor xml:id="_tech_8php_1ac88b3ec8a4093434aa62f49d2998a9bc"/><section>
    <title>$apiUrlXML</title>
<indexterm><primary>$apiUrlXML</primary><secondary>tech.php</secondary></indexterm>
<indexterm><primary>tech.php</primary><secondary>$apiUrlXML</secondary></indexterm>
<para><computeroutput>$apiUrlXML = &quot;http://www.geoplugin.net/xml.gp?ip=$ipAdresse&quot;</computeroutput></para></section>
<anchor xml:id="_tech_8php_1a02a537b004f8446a32974072fa0961fb"/><section>
    <title>$donnee</title>
<indexterm><primary>$donnee</primary><secondary>tech.php</secondary></indexterm>
<indexterm><primary>tech.php</primary><secondary>$donnee</secondary></indexterm>
<para><computeroutput>$donnee = $reponse ? json_decode($reponse, true) : null</computeroutput></para></section>
<anchor xml:id="_tech_8php_1a228e5cd76ddccde8780f2927dfd450dd"/><section>
    <title>$ipAdresse</title>
<indexterm><primary>$ipAdresse</primary><secondary>tech.php</secondary></indexterm>
<indexterm><primary>tech.php</primary><secondary>$ipAdresse</secondary></indexterm>
<para><computeroutput>$ipAdresse = $_SERVER[&quot;REMOTE_ADDR&quot;] ?? &apos;127.0.0.1&apos;</computeroutput></para></section>
<anchor xml:id="_tech_8php_1a1189baf765719df529e7f09f6efa1b0d"/><section>
    <title>$ipData</title>
<indexterm><primary>$ipData</primary><secondary>tech.php</secondary></indexterm>
<indexterm><primary>tech.php</primary><secondary>$ipData</secondary></indexterm>
<para><computeroutput>$ipData = $reponseIpInfo ? json_decode($reponseIpInfo, true) : null</computeroutput></para></section>
<anchor xml:id="_tech_8php_1a3e53f5a443fefd2eeab6a8ab92aa9ae8"/><section>
    <title>$reponse</title>
<indexterm><primary>$reponse</primary><secondary>tech.php</secondary></indexterm>
<indexterm><primary>tech.php</primary><secondary>$reponse</secondary></indexterm>
<para><computeroutput>$reponse = @file_get_contents($apiUrl)</computeroutput></para></section>
<anchor xml:id="_tech_8php_1ad504832712fd82cfcfd8d4e384257176"/><section>
    <title>$reponseIpInfo</title>
<indexterm><primary>$reponseIpInfo</primary><secondary>tech.php</secondary></indexterm>
<indexterm><primary>tech.php</primary><secondary>$reponseIpInfo</secondary></indexterm>
<para><computeroutput>$reponseIpInfo = @file_get_contents($urlipInfo)</computeroutput></para></section>
<anchor xml:id="_tech_8php_1a74c19f70d8cc023f89af834657028f7c"/><section>
    <title>$reponseXml</title>
<indexterm><primary>$reponseXml</primary><secondary>tech.php</secondary></indexterm>
<indexterm><primary>tech.php</primary><secondary>$reponseXml</secondary></indexterm>
<para><computeroutput>$reponseXml = @file_get_contents($apiUrlXML)</computeroutput></para></section>
<anchor xml:id="_tech_8php_1a79bc79f02a8b8059e6d9b0edd7e1406c"/><section>
    <title>$urlipInfo</title>
<indexterm><primary>$urlipInfo</primary><secondary>tech.php</secondary></indexterm>
<indexterm><primary>tech.php</primary><secondary>$urlipInfo</secondary></indexterm>
<para><computeroutput>$urlipInfo = &quot;https://ipinfo.io/$ipAdresse/geo&quot;</computeroutput></para></section>
<anchor xml:id="_tech_8php_1ab616bcf2a041dd7070270e3b0a279263"/><section>
    <title>$xmlData</title>
<indexterm><primary>$xmlData</primary><secondary>tech.php</secondary></indexterm>
<indexterm><primary>tech.php</primary><secondary>$xmlData</secondary></indexterm>
<para><computeroutput>$xmlData = $reponseXml ? simplexml_load_string($reponseXml) : null</computeroutput></para></section>
<anchor xml:id="_tech_8php_1af2e32d8d136e7d3488aa854eeb3fe092"/><section>
    <title>( $ipData[ &apos;city&apos;] ?? &apos;Inconnue&apos;) ?&gt;&lt;/li &gt;&lt; li &gt;Localisation</title>
<indexterm><primary>( $ipData[ &apos;city&apos;] ?? &apos;Inconnue&apos;) ?&gt;&lt;/li &gt;&lt; li &gt;Localisation</primary><secondary>tech.php</secondary></indexterm>
<indexterm><primary>tech.php</primary><secondary>( $ipData[ &apos;city&apos;] ?? &apos;Inconnue&apos;) ?&gt;&lt;/li &gt;&lt; li &gt;Localisation</secondary></indexterm>
<para><computeroutput><link linkend="_index_8php_1a0a4a9ea17f3dea7d32f111630540eb0e">if</link>($xmlData)($xmlData-&gt;geoplugin_city) ?&gt;&lt;/li &gt;&lt; li &gt;Région($xmlData-&gt;geoplugin_region) ?&gt;&lt;/li &gt;&lt; li &gt;Pays($xmlData-&gt;geoplugin_countryName) ?&gt;&lt;/li &gt;&lt; li &gt;Latitude($xmlData-&gt;geoplugin_latitude) ?&gt;&lt;/li &gt;&lt; li &gt;Longitude($xmlData-&gt;geoplugin_longitude) ?&gt;&lt;/li &gt;&lt;/ul &gt;&lt;?php elseif( $ipData)( $ipData[ &apos;ip&apos;] ?? $ipAdresse) ?&gt;&lt;/li &gt;&lt; li &gt;Ville ($ipData[&apos;city&apos;] ?? &apos;Inconnue&apos;) ?&gt;&lt;/li &gt;&lt; li &gt;Localisation($ipData[&apos;loc&apos;] ?? &apos;Inconnue&apos;) ?&gt;&lt;/li &gt;&lt;/ul &gt;&lt;?php <link linkend="_map_8php_1a460a5a14b74dba77bd113685316a915c">else</link> ( $ipData)</computeroutput></para></section>
<anchor xml:id="_tech_8php_1a20316cf478e51655b2c1b19970ebb3e3"/><section>
    <title>else</title>
<indexterm><primary>else</primary><secondary>tech.php</secondary></indexterm>
<indexterm><primary>tech.php</primary><secondary>else</secondary></indexterm>
<para><computeroutput><link linkend="_index_8php_1a0a4a9ea17f3dea7d32f111630540eb0e">if</link>( $donnee)( $donnee[&quot;title&quot;]) ?&gt;&lt;/h3 &gt;&lt;?php <link linkend="_index_8php_1a0a4a9ea17f3dea7d32f111630540eb0e">if</link>( $donnee[&quot;media_type&quot;] elseif ( $donnee[&quot;media_type&quot;]===&quot;video&quot;) else = htmlspecialchars($donnee[&quot;explanation&quot;])</computeroutput></para></section>
</section>
</section>
